Fecha,appid,jugadores_historicos
2026-03-07 17:16:27.712557,730,1468481
2026-03-07 17:16:27.712557,570,789820
2026-03-07 17:16:27.712557,578080,417810
2026-03-07 17:16:27.712557,2868840,409491
2026-03-07 17:16:27.712557,252490,197935
2026-03-07 17:16:27.712557,1808500,172616
2026-03-07 17:16:27.712557,2676230,158176
2026-03-07 17:16:27.712557,238960,153330
2026-03-07 17:16:27.712557,3764200,148367
2026-03-07 17:16:27.712557,3419430,146507
2026-03-07 17:16:27.712557,1172470,133904
2026-03-07 17:16:27.712557,431960,105830
2026-03-07 17:16:27.712557,271590,101876
2026-03-07 17:16:27.712557,359550,100682
2026-03-07 17:16:27.712557,322170,98575
2026-03-07 17:16:27.712557,2357570,95938
2026-03-07 17:16:27.712557,2507950,95302
2026-03-07 17:16:27.712557,236390,90939
2026-03-07 17:16:27.712557,1422450,83945
2026-03-07 17:16:27.712557,413150,82406
2026-03-07 17:16:27.712557,105600,70607
2026-03-07 17:16:27.712557,230410,64768
2026-03-07 17:16:27.712557,3240220,64466
2026-03-07 17:16:27.712557,2767030,64404
2026-03-07 17:16:27.712557,1086940,63970
2026-03-07 17:16:27.712557,3405690,61932
2026-03-07 17:16:27.712557,438100,61530
2026-03-07 17:16:27.712557,440,60264
2026-03-07 17:16:27.712557,553850,60177
2026-03-07 17:16:27.712557,221100,59029
2026-03-07 17:16:27.712557,3065800,56719
2026-03-07 17:16:27.712557,381210,54388
2026-03-07 17:16:27.712557,394360,54089
2026-03-07 17:16:27.712557,686060,53041
2026-03-07 17:16:27.712557,4465480,52812
2026-03-07 17:16:27.712557,2807960,51709
2026-03-07 17:16:27.712557,1281930,50356
2026-03-07 17:16:27.712557,227300,48583
2026-03-07 17:16:27.712557,2246340,47414
2026-03-07 17:16:27.712557,1366800,47187
2026-03-07 17:16:27.712557,3564740,47081
2026-03-07 17:16:27.712557,1973530,44550
2026-03-07 17:16:27.712557,3241660,43650
2026-03-07 17:16:27.712557,289070,42730
2026-03-07 17:16:27.712557,4025700,41999
2026-03-07 17:16:27.712557,2399830,41481
2026-03-07 17:16:27.712557,1623730,40637
2026-03-07 17:16:27.712557,1938090,40176
2026-03-07 17:16:27.712557,3551340,40139
2026-03-07 17:16:27.712557,1222670,37720
2026-03-07 17:16:27.712557,1174180,36276
2026-03-07 17:16:27.712557,108600,36246
2026-03-07 17:16:27.712557,294100,35985
2026-03-07 17:16:27.712557,2300320,35904
2026-03-07 17:16:27.712557,4000,34088
2026-03-07 17:16:27.712557,1245620,33975
2026-03-07 17:16:27.712557,1203220,33944
2026-03-07 17:16:27.712557,1091500,33920
2026-03-07 17:16:27.712557,892970,32228
2026-03-07 17:16:27.712557,284160,31486
2026-03-07 17:16:27.712557,251570,31393
2026-03-07 17:16:27.712557,489830,30759
2026-03-07 17:16:27.712557,1142710,30600
2026-03-07 17:16:27.712557,261550,29744
2026-03-07 17:16:27.712557,2050650,29337
2026-03-07 17:16:27.712557,2183900,29245
2026-03-07 17:16:27.712557,1771300,29168
2026-03-07 17:16:27.712557,346110,29132
2026-03-07 17:16:27.712557,2622380,28545
2026-03-07 17:16:27.712557,218620,28434
2026-03-07 17:16:27.712557,377160,28359
2026-03-07 17:16:27.712557,2073620,28022
2026-03-07 17:16:27.712557,526870,27750
2026-03-07 17:16:27.712557,2923300,27579
2026-03-07 17:16:27.712557,1158310,27003
2026-03-07 17:16:27.712557,646570,26803
2026-03-07 17:16:27.712557,582660,26684
2026-03-07 17:16:27.712557,322330,26120
2026-03-07 17:16:27.712557,1905180,25780
2026-03-07 17:16:27.712557,550,25460
2026-03-07 17:16:27.712557,3472040,25105
2026-03-07 17:16:27.712557,3527290,25049
2026-03-07 17:16:27.712557,813780,24802
2026-03-07 17:16:27.712557,1818450,24772
2026-03-07 17:16:27.712557,250900,24421
2026-03-07 17:16:27.712557,252950,23992
2026-03-07 17:16:27.712557,427520,23295
2026-03-07 17:16:27.712557,255710,22052
2026-03-07 17:16:27.712557,2221490,21516
2026-03-07 17:16:27.712557,1151340,21143
2026-03-07 17:16:27.712557,629520,20600
2026-03-07 17:16:27.712557,2252570,20475
2026-03-07 17:16:27.712557,594650,20278
2026-03-07 17:16:27.712557,1364780,19952
2026-03-07 17:16:27.712557,8930,19462
2026-03-07 17:16:27.712557,739630,19089
2026-03-07 17:16:27.712557,292030,19021
2026-03-07 17:16:27.712557,1621690,18264
2026-03-07 17:16:27.712557,1149460,18152
2026-03-07 17:16:27.712557,1665460,18093
2026-03-07 17:19:04.956056,730,1468481
2026-03-07 17:19:04.956056,570,789820
2026-03-07 17:19:04.956056,578080,417810
2026-03-07 17:19:04.956056,2868840,409491
2026-03-07 17:19:04.956056,252490,197935
2026-03-07 17:19:04.956056,1808500,172616
2026-03-07 17:19:04.956056,2676230,158176
2026-03-07 17:19:04.956056,238960,153330
2026-03-07 17:19:04.956056,3764200,148367
2026-03-07 17:19:04.956056,3419430,146507
2026-03-07 17:19:04.956056,1172470,133904
2026-03-07 17:19:04.956056,431960,105830
2026-03-07 17:19:04.956056,271590,101876
2026-03-07 17:19:04.956056,359550,100682
2026-03-07 17:19:04.956056,322170,98575
2026-03-07 17:19:04.956056,2357570,95938
2026-03-07 17:19:04.956056,2507950,95302
2026-03-07 17:19:04.956056,236390,90939
2026-03-07 17:19:04.956056,1422450,83945
2026-03-07 17:19:04.956056,413150,82406
2026-03-07 17:19:04.956056,105600,70607
2026-03-07 17:19:04.956056,230410,64768
2026-03-07 17:19:04.956056,3240220,64466
2026-03-07 17:19:04.956056,2767030,64404
2026-03-07 17:19:04.956056,1086940,63970
2026-03-07 17:19:04.956056,3405690,61932
2026-03-07 17:19:04.956056,438100,61530
2026-03-07 17:19:04.956056,440,60264
2026-03-07 17:19:04.956056,553850,60177
2026-03-07 17:19:04.956056,221100,59029
2026-03-07 17:19:04.956056,3065800,56719
2026-03-07 17:19:04.956056,381210,54388
2026-03-07 17:19:04.956056,394360,54089
2026-03-07 17:19:04.956056,686060,53041
2026-03-07 17:19:04.956056,4465480,52812
2026-03-07 17:19:04.956056,2807960,51709
2026-03-07 17:19:04.956056,1281930,50356
2026-03-07 17:19:04.956056,227300,48583
2026-03-07 17:19:04.956056,2246340,47414
2026-03-07 17:19:04.956056,1366800,47187
2026-03-07 17:19:04.956056,3564740,47081
2026-03-07 17:19:04.956056,1973530,44550
2026-03-07 17:19:04.956056,3241660,43650
2026-03-07 17:19:04.956056,289070,42730
2026-03-07 17:19:04.956056,4025700,41999
2026-03-07 17:19:04.956056,2399830,41481
2026-03-07 17:19:04.956056,1623730,40637
2026-03-07 17:19:04.956056,1938090,40176
2026-03-07 17:19:04.956056,3551340,40139
2026-03-07 17:19:04.956056,1222670,37720
2026-03-07 17:19:04.956056,1174180,36276
2026-03-07 17:19:04.956056,108600,36246
2026-03-07 17:19:04.956056,294100,35985
2026-03-07 17:19:04.956056,2300320,35904
2026-03-07 17:19:04.956056,4000,34088
2026-03-07 17:19:04.956056,1245620,33975
2026-03-07 17:19:04.956056,1203220,33944
2026-03-07 17:19:04.956056,1091500,33920
2026-03-07 17:19:04.956056,892970,32228
2026-03-07 17:19:04.956056,284160,31486
2026-03-07 17:19:04.956056,251570,31393
2026-03-07 17:19:04.956056,489830,30759
2026-03-07 17:19:04.956056,1142710,30600
2026-03-07 17:19:04.956056,261550,29744
2026-03-07 17:19:04.956056,2050650,29337
2026-03-07 17:19:04.956056,2183900,29245
2026-03-07 17:19:04.956056,1771300,29168
2026-03-07 17:19:04.956056,346110,29132
2026-03-07 17:19:04.956056,2622380,28545
2026-03-07 17:19:04.956056,218620,28434
2026-03-07 17:19:04.956056,377160,28359
2026-03-07 17:19:04.956056,2073620,28022
2026-03-07 17:19:04.956056,526870,27750
2026-03-07 17:19:04.956056,2923300,27579
2026-03-07 17:19:04.956056,1158310,27003
2026-03-07 17:19:04.956056,646570,26803
2026-03-07 17:19:04.956056,582660,26684
2026-03-07 17:19:04.956056,322330,26120
2026-03-07 17:19:04.956056,1905180,25780
2026-03-07 17:19:04.956056,550,25460
2026-03-07 17:19:04.956056,3472040,25105
2026-03-07 17:19:04.956056,3527290,25049
2026-03-07 17:19:04.956056,813780,24802
2026-03-07 17:19:04.956056,1818450,24772
2026-03-07 17:19:04.956056,250900,24421
2026-03-07 17:19:04.956056,252950,23992
2026-03-07 17:19:04.956056,427520,23295
2026-03-07 17:19:04.956056,255710,22052
2026-03-07 17:19:04.956056,2221490,21516
2026-03-07 17:19:04.956056,1151340,21143
2026-03-07 17:19:04.956056,629520,20600
2026-03-07 17:19:04.956056,2252570,20475
2026-03-07 17:19:04.956056,594650,20278
2026-03-07 17:19:04.956056,1364780,19952
2026-03-07 17:19:04.956056,8930,19462
2026-03-07 17:19:04.956056,739630,19089
2026-03-07 17:19:04.956056,292030,19021
2026-03-07 17:19:04.956056,1621690,18264
2026-03-07 17:19:04.956056,1149460,18152
2026-03-07 17:19:04.956056,1665460,18093
2026-03-07 17:32:20.118245,730,1469422
2026-03-07 17:32:20.118245,570,785416
2026-03-07 17:32:20.118245,578080,392655
2026-03-07 17:32:20.118245,2868840,392021
2026-03-07 17:32:20.118245,252490,198565
2026-03-07 17:32:20.118245,1808500,175086
2026-03-07 17:32:20.118245,2676230,160907
2026-03-07 17:32:20.118245,238960,153800
2026-03-07 17:32:20.118245,3764200,146603
2026-03-07 17:32:20.118245,3419430,146226
2026-03-07 17:32:20.118245,1172470,125886
2026-03-07 17:32:20.118245,359550,102901
2026-03-07 17:32:20.118245,431960,101512
2026-03-07 17:32:20.118245,271590,101360
2026-03-07 17:32:20.118245,322170,100321
2026-03-07 17:32:20.118245,2357570,95424
2026-03-07 17:32:20.118245,236390,90511
2026-03-07 17:32:20.118245,2507950,89135
2026-03-07 17:32:20.118245,1422450,85522
2026-03-07 17:32:20.118245,413150,80340
2026-03-07 17:32:20.118245,105600,69555
2026-03-07 17:32:20.118245,2767030,66057
2026-03-07 17:32:20.118245,230410,64324
2026-03-07 17:32:20.118245,1086940,64225
2026-03-07 17:32:20.118245,3240220,63225
2026-03-07 17:32:20.118245,3405690,61238
2026-03-07 17:32:20.118245,438100,60606
2026-03-07 17:32:20.118245,440,60408
2026-03-07 17:32:20.118245,553850,59798
2026-03-07 17:32:20.118245,221100,59767
2026-03-07 17:32:20.118245,3065800,57745
2026-03-07 17:32:20.118245,381210,54263
2026-03-07 17:32:20.118245,394360,53583
2026-03-07 17:32:20.118245,686060,53233
2026-03-07 17:32:20.118245,4465480,52512
2026-03-07 17:32:20.118245,2807960,51838
2026-03-07 17:32:20.118245,1281930,49299
2026-03-07 17:32:20.118245,227300,48733
2026-03-07 17:32:20.118245,1366800,47390
2026-03-07 17:32:20.118245,3564740,45682
2026-03-07 17:32:20.118245,2246340,45263
2026-03-07 17:32:20.118245,1973530,42835
2026-03-07 17:32:20.118245,289070,41578
2026-03-07 17:32:20.118245,4025700,41510
2026-03-07 17:32:20.118245,3241660,41439
2026-03-07 17:32:20.118245,2399830,41231
2026-03-07 17:32:20.118245,1938090,40761
2026-03-07 17:32:20.118245,3551340,39711
2026-03-07 17:32:20.118245,1623730,39582
2026-03-07 17:32:20.118245,1222670,37957
2026-03-07 17:32:20.118245,2300320,36489
2026-03-07 17:32:20.118245,108600,36312
2026-03-07 17:32:20.118245,1174180,35907
2026-03-07 17:32:20.118245,294100,35384
2026-03-07 17:32:20.118245,4000,34512
2026-03-07 17:32:20.118245,1245620,33415
2026-03-07 17:32:20.118245,1091500,33414
2026-03-07 17:32:20.118245,892970,32585
2026-03-07 17:32:20.118245,284160,31734
2026-03-07 17:32:20.118245,251570,31156
2026-03-07 17:32:20.118245,489830,30973
2026-03-07 17:32:20.118245,1203220,30604
2026-03-07 17:32:20.118245,1142710,30229
2026-03-07 17:32:20.118245,2183900,29235
2026-03-07 17:32:20.118245,261550,29124
2026-03-07 17:32:20.118245,2050650,28922
2026-03-07 17:32:20.118245,1771300,28862
2026-03-07 17:32:20.118245,346110,28683
2026-03-07 17:32:20.118245,377160,28509
2026-03-07 17:32:20.118245,2073620,28243
2026-03-07 17:32:20.118245,218620,28214
2026-03-07 17:32:20.118245,2923300,27939
2026-03-07 17:32:20.118245,526870,27829
2026-03-07 17:32:20.118245,1158310,26897
2026-03-07 17:32:20.118245,582660,26800
2026-03-07 17:32:20.118245,2622380,26785
2026-03-07 17:32:20.118245,552990,26678
2026-03-07 17:32:20.118245,646570,25447
2026-03-07 17:32:20.118245,550,25293
2026-03-07 17:32:20.118245,1905180,25268
2026-03-07 17:32:20.118245,3527290,25218
2026-03-07 17:32:20.118245,322330,25037
2026-03-07 17:32:20.118245,1818450,24903
2026-03-07 17:32:20.118245,813780,24680
2026-03-07 17:32:20.118245,252950,24485
2026-03-07 17:32:20.118245,250900,24286
2026-03-07 17:32:20.118245,3472040,24246
2026-03-07 17:32:20.118245,427520,23321
2026-03-07 17:32:20.118245,1151340,21849
2026-03-07 17:32:20.118245,2221490,21598
2026-03-07 17:32:20.118245,255710,21440
2026-03-07 17:32:20.118245,240,20951
2026-03-07 17:32:20.118245,629520,20609
2026-03-07 17:32:20.118245,2252570,20202
2026-03-07 17:32:20.118245,594650,19804
2026-03-07 17:32:20.118245,8930,19523
2026-03-07 17:32:20.118245,739630,19486
2026-03-07 17:32:20.118245,292030,18947
2026-03-07 17:32:20.118245,1364780,18471
2026-03-07 17:32:20.118245,1149460,18330
2026-03-07 17:53:58.115425,730,1469193
2026-03-07 17:53:58.115425,570,778680
2026-03-07 17:53:58.115425,2868840,370797
2026-03-07 17:53:58.115425,578080,364178
2026-03-07 17:53:58.115425,252490,199269
2026-03-07 17:53:58.115425,1808500,179575
2026-03-07 17:53:58.115425,2676230,163808
2026-03-07 17:53:58.115425,238960,154826
2026-03-07 17:53:58.115425,3764200,145184
2026-03-07 17:53:58.115425,3419430,144299
2026-03-07 17:53:58.115425,1172470,117192
2026-03-07 17:53:58.115425,359550,105876
2026-03-07 17:53:58.115425,322170,102808
2026-03-07 17:53:58.115425,271590,100990
2026-03-07 17:53:58.115425,431960,96182
2026-03-07 17:53:58.115425,2357570,94856
2026-03-07 17:53:58.115425,1422450,90382
2026-03-07 17:53:58.115425,236390,90216
2026-03-07 17:53:58.115425,2507950,81754
2026-03-07 17:53:58.115425,413150,78400
2026-03-07 17:53:58.115425,105600,68377
2026-03-07 17:53:58.115425,2767030,68306
2026-03-07 17:53:58.115425,1086940,64476
2026-03-07 17:53:58.115425,230410,63701
2026-03-07 17:53:58.115425,3240220,61689
2026-03-07 17:53:58.115425,3405690,60973
2026-03-07 17:53:58.115425,221100,60460
2026-03-07 17:53:58.115425,440,59952
2026-03-07 17:53:58.115425,553850,59866
2026-03-07 17:53:58.115425,438100,59490
2026-03-07 17:53:58.115425,3065800,59078
2026-03-07 17:53:58.115425,381210,54405
2026-03-07 17:53:58.115425,686060,53515
2026-03-07 17:53:58.115425,394360,52974
2026-03-07 17:53:58.115425,4465480,52915
2026-03-07 17:53:58.115425,2807960,52661
2026-03-07 17:53:58.115425,227300,49218
2026-03-07 17:53:58.115425,1281930,48667
2026-03-07 17:53:58.115425,1366800,47908
2026-03-07 17:53:58.115425,3564740,44027
2026-03-07 17:53:58.115425,2246340,42955
2026-03-07 17:53:58.115425,1938090,41461
2026-03-07 17:53:58.115425,2399830,40899
2026-03-07 17:53:58.115425,3241660,40733
2026-03-07 17:53:58.115425,1973530,40722
2026-03-07 17:53:58.115425,289070,40612
2026-03-07 17:53:58.115425,4025700,40141
2026-03-07 17:53:58.115425,3551340,39437
2026-03-07 17:53:58.115425,1623730,38290
2026-03-07 17:53:58.115425,1222670,38251
2026-03-07 17:53:58.115425,2300320,37396
2026-03-07 17:53:58.115425,108600,36170
2026-03-07 17:53:58.115425,1174180,35343
2026-03-07 17:53:58.115425,294100,34866
2026-03-07 17:53:58.115425,4000,34848
2026-03-07 17:53:58.115425,892970,33219
2026-03-07 17:53:58.115425,1245620,33076
2026-03-07 17:53:58.115425,1091500,32891
2026-03-07 17:53:58.115425,284160,32145
2026-03-07 17:53:58.115425,489830,30977
2026-03-07 17:53:58.115425,251570,30799
2026-03-07 17:53:58.115425,1142710,29901
2026-03-07 17:53:58.115425,2923300,29727
2026-03-07 17:53:58.115425,2183900,29044
2026-03-07 17:53:58.115425,261550,28622
2026-03-07 17:53:58.115425,377160,28619
2026-03-07 17:53:58.115425,1771300,28424
2026-03-07 17:53:58.115425,2073620,28407
2026-03-07 17:53:58.115425,2050650,28362
2026-03-07 17:53:58.115425,346110,28104
2026-03-07 17:53:58.115425,526870,28060
2026-03-07 17:53:58.115425,218620,28057
2026-03-07 17:53:58.115425,1203220,26943
2026-03-07 17:53:58.115425,582660,26813
2026-03-07 17:53:58.115425,1158310,26807
2026-03-07 17:53:58.115425,552990,26731
2026-03-07 17:53:58.115425,3527290,25716
2026-03-07 17:53:58.115425,1818450,25275
2026-03-07 17:53:58.115425,1905180,25013
2026-03-07 17:53:58.115425,550,25004
2026-03-07 17:53:58.115425,252950,24891
2026-03-07 17:53:58.115425,2622380,24746
2026-03-07 17:53:58.115425,813780,24544
2026-03-07 17:53:58.115425,250900,24263
2026-03-07 17:53:58.115425,646570,24117
2026-03-07 17:53:58.115425,427520,23440
2026-03-07 17:53:58.115425,322330,23041
2026-03-07 17:53:58.115425,3472040,23013
2026-03-07 17:53:58.115425,240,22103
2026-03-07 17:53:58.115425,1151340,21867
2026-03-07 17:53:58.115425,2221490,21796
2026-03-07 17:53:58.115425,629520,20776
2026-03-07 17:53:58.115425,255710,20681
2026-03-07 17:53:58.115425,2252570,19918
2026-03-07 17:53:58.115425,739630,19914
2026-03-07 17:53:58.115425,8930,19638
2026-03-07 17:53:58.115425,594650,19417
2026-03-07 17:53:58.115425,292030,18914
2026-03-07 17:53:58.115425,1149460,18717
2026-03-07 17:53:58.115425,39210,18345
2026-03-07 18:44:44.088739,730,1481825
2026-03-07 18:44:44.088739,570,776489
2026-03-07 18:44:44.088739,2868840,327722
2026-03-07 18:44:44.088739,578080,305528
2026-03-07 18:44:44.088739,252490,201102
2026-03-07 18:44:44.088739,1808500,193495
2026-03-07 18:44:44.088739,2676230,172262
2026-03-07 18:44:44.088739,238960,156579
2026-03-07 18:44:44.088739,3419430,141879
2026-03-07 18:44:44.088739,3764200,141410
2026-03-07 18:44:44.088739,359550,113305
2026-03-07 18:44:44.088739,322170,107676
2026-03-07 18:44:44.088739,1422450,100529
2026-03-07 18:44:44.088739,271590,100403
2026-03-07 18:44:44.088739,1172470,99985
2026-03-07 18:44:44.088739,2357570,93773
2026-03-07 18:44:44.088739,236390,89719
2026-03-07 18:44:44.088739,431960,84573
2026-03-07 18:44:44.088739,413150,75401
2026-03-07 18:44:44.088739,2767030,73263
2026-03-07 18:44:44.088739,2507950,67357
2026-03-07 18:44:44.088739,105600,66803
2026-03-07 18:44:44.088739,1086940,65997
2026-03-07 18:44:44.088739,3405690,64475
2026-03-07 18:44:44.088739,3065800,63043
2026-03-07 18:44:44.088739,230410,62230
2026-03-07 18:44:44.088739,221100,61778
2026-03-07 18:44:44.088739,553850,61454
2026-03-07 18:44:44.088739,440,61058
2026-03-07 18:44:44.088739,3240220,58705
2026-03-07 18:44:44.088739,438100,56317
2026-03-07 18:44:44.088739,381210,55370
2026-03-07 18:44:44.088739,2807960,54956
2026-03-07 18:44:44.088739,686060,54157
2026-03-07 18:44:44.088739,4465480,53476
2026-03-07 18:44:44.088739,394360,52156
2026-03-07 18:44:44.088739,227300,50488
2026-03-07 18:44:44.088739,1366800,48817
2026-03-07 18:44:44.088739,1281930,46688
2026-03-07 18:44:44.088739,1938090,43197
2026-03-07 18:44:44.088739,3564740,40721
2026-03-07 18:44:44.088739,2399830,40447
2026-03-07 18:44:44.088739,3241660,40006
2026-03-07 18:44:44.088739,2300320,39097
2026-03-07 18:44:44.088739,3551340,38958
2026-03-07 18:44:44.088739,1222670,38859
2026-03-07 18:44:44.088739,289070,38787
2026-03-07 18:44:44.088739,2246340,37555
2026-03-07 18:44:44.088739,4025700,36841
2026-03-07 18:44:44.088739,1973530,36126
2026-03-07 18:44:44.088739,4000,35847
2026-03-07 18:44:44.088739,108600,35802
2026-03-07 18:44:44.088739,1623730,35323
2026-03-07 18:44:44.088739,892970,34619
2026-03-07 18:44:44.088739,1174180,34213
2026-03-07 18:44:44.088739,284160,33640
2026-03-07 18:44:44.088739,294100,33414
2026-03-07 18:44:44.088739,1245620,32534
2026-03-07 18:44:44.088739,1091500,31957
2026-03-07 18:44:44.088739,489830,31348
2026-03-07 18:44:44.088739,251570,30600
2026-03-07 18:44:44.088739,1142710,29303
2026-03-07 18:44:44.088739,2073620,29269
2026-03-07 18:44:44.088739,377160,29056
2026-03-07 18:44:44.088739,2183900,28882
2026-03-07 18:44:44.088739,526870,28632
2026-03-07 18:44:44.088739,218620,28438
2026-03-07 18:44:44.088739,1771300,27669
2026-03-07 18:44:44.088739,261550,27590
2026-03-07 18:44:44.088739,346110,27358
2026-03-07 18:44:44.088739,2050650,27179
2026-03-07 18:44:44.088739,3527290,27139
2026-03-07 18:44:44.088739,582660,26864
2026-03-07 18:44:44.088739,252950,26754
2026-03-07 18:44:44.088739,1158310,26714
2026-03-07 18:44:44.088739,813780,24302
2026-03-07 18:44:44.088739,550,24168
2026-03-07 18:44:44.088739,250900,24114
2026-03-07 18:44:44.088739,1905180,24055
2026-03-07 18:44:44.088739,427520,23941
2026-03-07 18:44:44.088739,1818450,23628
2026-03-07 18:44:44.088739,739630,22304
2026-03-07 18:44:44.088739,1151340,22138
2026-03-07 18:44:44.088739,2221490,22134
2026-03-07 18:44:44.088739,240,21643
2026-03-07 18:44:44.088739,646570,21190
2026-03-07 18:44:44.088739,629520,21170
2026-03-07 18:44:44.088739,3472040,21061
2026-03-07 18:44:44.088739,2622380,20619
2026-03-07 18:44:44.088739,1203220,19848
2026-03-07 18:44:44.088739,8930,19772
2026-03-07 18:44:44.088739,322330,19652
2026-03-07 18:44:44.088739,39210,19399
2026-03-07 18:44:44.088739,3164500,19385
2026-03-07 18:44:44.088739,1149460,19335
2026-03-07 18:44:44.088739,2252570,19332
2026-03-07 18:44:44.088739,255710,19282
2026-03-07 18:44:44.088739,292030,18749
2026-03-07 18:44:44.088739,594650,18672
2026-03-07 18:44:44.088739,1874880,18020
2026-03-07 19:16:17.366351,730,1485588
2026-03-07 19:16:17.366351,570,754587
2026-03-07 19:16:17.366351,2868840,303900
2026-03-07 19:16:17.366351,578080,271159
2026-03-07 19:16:17.366351,1808500,201642
2026-03-07 19:16:17.366351,252490,200155
2026-03-07 19:16:17.366351,2676230,177224
2026-03-07 19:16:17.366351,238960,157334
2026-03-07 19:16:17.366351,3419430,140222
2026-03-07 19:16:17.366351,3764200,140150
2026-03-07 19:16:17.366351,359550,118974
2026-03-07 19:16:17.366351,322170,108285
2026-03-07 19:16:17.366351,1422450,106357
2026-03-07 19:16:17.366351,271590,99440
2026-03-07 19:16:17.366351,2357570,94905
2026-03-07 19:16:17.366351,1172470,90860
2026-03-07 19:16:17.366351,236390,89150
2026-03-07 19:16:17.366351,431960,77274
2026-03-07 19:16:17.366351,2767030,77026
2026-03-07 19:16:17.366351,413150,74619
2026-03-07 19:16:17.366351,1086940,67815
2026-03-07 19:16:17.366351,3065800,66108
2026-03-07 19:16:17.366351,105600,65914
2026-03-07 19:16:17.366351,3405690,65749
2026-03-07 19:16:17.366351,553850,63446
2026-03-07 19:16:17.366351,221100,62293
2026-03-07 19:16:17.366351,230410,61470
2026-03-07 19:16:17.366351,440,61149
2026-03-07 19:16:17.366351,2507950,58656
2026-03-07 19:16:17.366351,2807960,57529
2026-03-07 19:16:17.366351,3240220,56860
2026-03-07 19:16:17.366351,381210,56270
2026-03-07 19:16:17.366351,438100,54952
2026-03-07 19:16:17.366351,686060,54619
2026-03-07 19:16:17.366351,4465480,52958
2026-03-07 19:16:17.366351,394360,51778
2026-03-07 19:16:17.366351,227300,51058
2026-03-07 19:16:17.366351,1366800,49365
2026-03-07 19:16:17.366351,1281930,45585
2026-03-07 19:16:17.366351,1938090,44680
2026-03-07 19:16:17.366351,3241660,40298
2026-03-07 19:16:17.366351,2399830,40140
2026-03-07 19:16:17.366351,2300320,40038
2026-03-07 19:16:17.366351,3564740,39336
2026-03-07 19:16:17.366351,3551340,39003
2026-03-07 19:16:17.366351,1222670,38886
2026-03-07 19:16:17.366351,289070,37576
2026-03-07 19:16:17.366351,892970,36001
2026-03-07 19:16:17.366351,108600,35730
2026-03-07 19:16:17.366351,4000,35686
2026-03-07 19:16:17.366351,2246340,34729
2026-03-07 19:16:17.366351,4025700,34027
2026-03-07 19:16:17.366351,1623730,33892
2026-03-07 19:16:17.366351,1174180,33527
2026-03-07 19:16:17.366351,284160,33474
2026-03-07 19:16:17.366351,1973530,33450
2026-03-07 19:16:17.366351,294100,32595
2026-03-07 19:16:17.366351,1245620,32402
2026-03-07 19:16:17.366351,489830,31790
2026-03-07 19:16:17.366351,1091500,31515
2026-03-07 19:16:17.366351,251570,30634
2026-03-07 19:16:17.366351,2073620,29635
2026-03-07 19:16:17.366351,377160,29541
2026-03-07 19:16:17.366351,1142710,29315
2026-03-07 19:16:17.366351,2183900,29207
2026-03-07 19:16:17.366351,526870,29170
2026-03-07 19:16:17.366351,252950,28609
2026-03-07 19:16:17.366351,218620,28370
2026-03-07 19:16:17.366351,1771300,27324
2026-03-07 19:16:17.366351,261550,27201
2026-03-07 19:16:17.366351,3527290,27177
2026-03-07 19:16:17.366351,582660,26831
2026-03-07 19:16:17.366351,1158310,26592
2026-03-07 19:16:17.366351,346110,26545
2026-03-07 19:16:17.366351,2050650,26511
2026-03-07 19:16:17.366351,813780,24517
2026-03-07 19:16:17.366351,427520,24363
2026-03-07 19:16:17.366351,250900,23878
2026-03-07 19:16:17.366351,739630,23771
2026-03-07 19:16:17.366351,550,23720
2026-03-07 19:16:17.366351,1905180,23079
2026-03-07 19:16:17.366351,2221490,22800
2026-03-07 19:16:17.366351,1151340,22304
2026-03-07 19:16:17.366351,1818450,21662
2026-03-07 19:16:17.366351,629520,21174
2026-03-07 19:16:17.366351,3164500,20605
2026-03-07 19:16:17.366351,39210,20132
2026-03-07 19:16:17.366351,8930,19967
2026-03-07 19:16:17.366351,3472040,19888
2026-03-07 19:16:17.366351,1149460,19884
2026-03-07 19:16:17.366351,646570,19435
2026-03-07 19:16:17.366351,2252570,19285
2026-03-07 19:16:17.366351,1874880,18982
2026-03-07 19:16:17.366351,2622380,18868
2026-03-07 19:16:17.366351,594650,18730
2026-03-07 19:16:17.366351,255710,18558
2026-03-07 19:16:17.366351,292030,18502
2026-03-07 19:16:17.366351,1203620,18376
2026-03-07 19:16:17.366351,244210,17752
2026-03-07 19:16:17.366351,393380,17734
2026-03-07 19:33:47.237931,730,1490602
2026-03-07 19:33:47.237931,570,754056
2026-03-07 19:33:47.237931,2868840,299365
2026-03-07 19:33:47.237931,578080,265060
2026-03-07 19:33:47.237931,1808500,204950
2026-03-07 19:33:47.237931,252490,200063
2026-03-07 19:33:47.237931,2676230,179804
2026-03-07 19:33:47.237931,238960,157749
2026-03-07 19:33:47.237931,3764200,139966
2026-03-07 19:33:47.237931,3419430,139852
2026-03-07 19:33:47.237931,359550,121045
2026-03-07 19:33:47.237931,322170,109858
2026-03-07 19:33:47.237931,1422450,108508
2026-03-07 19:33:47.237931,271590,98956
2026-03-07 19:33:47.237931,2357570,95453
2026-03-07 19:33:47.237931,236390,89097
2026-03-07 19:33:47.237931,1172470,88793
2026-03-07 19:33:47.237931,2767030,78405
2026-03-07 19:33:47.237931,431960,75566
2026-03-07 19:33:47.237931,413150,74817
2026-03-07 19:33:47.237931,1086940,68835
2026-03-07 19:33:47.237931,3065800,67651
2026-03-07 19:33:47.237931,3405690,66660
2026-03-07 19:33:47.237931,105600,65810
2026-03-07 19:33:47.237931,553850,64667
2026-03-07 19:33:47.237931,221100,62488
2026-03-07 19:33:47.237931,440,61493
2026-03-07 19:33:47.237931,230410,61340
2026-03-07 19:33:47.237931,2807960,59018
2026-03-07 19:33:47.237931,2507950,57021
2026-03-07 19:33:47.237931,381210,56884
2026-03-07 19:33:47.237931,3240220,56467
2026-03-07 19:33:47.237931,686060,54759
2026-03-07 19:33:47.237931,438100,54552
2026-03-07 19:33:47.237931,4465480,52582
2026-03-07 19:33:47.237931,394360,51810
2026-03-07 19:33:47.237931,227300,51578
2026-03-07 19:33:47.237931,1366800,49568
2026-03-07 19:33:47.237931,1938090,45441
2026-03-07 19:33:47.237931,1281930,45270
2026-03-07 19:33:47.237931,3241660,40768
2026-03-07 19:33:47.237931,2300320,40383
2026-03-07 19:33:47.237931,2399830,40234
2026-03-07 19:33:47.237931,3564740,39232
2026-03-07 19:33:47.237931,1222670,39177
2026-03-07 19:33:47.237931,3551340,39099
2026-03-07 19:33:47.237931,289070,37353
2026-03-07 19:33:47.237931,892970,36530
2026-03-07 19:33:47.237931,4000,35802
2026-03-07 19:33:47.237931,108600,35793
2026-03-07 19:33:47.237931,2246340,34221
2026-03-07 19:33:47.237931,1623730,33589
2026-03-07 19:33:47.237931,1174180,33525
2026-03-07 19:33:47.237931,4025700,33486
2026-03-07 19:33:47.237931,284160,33456
2026-03-07 19:33:47.237931,1973530,33026
2026-03-07 19:33:47.237931,294100,32432
2026-03-07 19:33:47.237931,1245620,32393
2026-03-07 19:33:47.237931,489830,32038
2026-03-07 19:33:47.237931,1091500,31516
2026-03-07 19:33:47.237931,251570,30849
2026-03-07 19:33:47.237931,377160,29788
2026-03-07 19:33:47.237931,2073620,29776
2026-03-07 19:33:47.237931,252950,29495
2026-03-07 19:33:47.237931,526870,29428
2026-03-07 19:33:47.237931,1142710,29377
2026-03-07 19:33:47.237931,2183900,29154
2026-03-07 19:33:47.237931,218620,28264
2026-03-07 19:33:47.237931,1771300,27369
2026-03-07 19:33:47.237931,261550,27206
2026-03-07 19:33:47.237931,3527290,26948
2026-03-07 19:33:47.237931,582660,26742
2026-03-07 19:33:47.237931,1158310,26609
2026-03-07 19:33:47.237931,2050650,26418
2026-03-07 19:33:47.237931,346110,26417
2026-03-07 19:33:47.237931,813780,24757
2026-03-07 19:33:47.237931,427520,24602
2026-03-07 19:33:47.237931,739630,24583
2026-03-07 19:33:47.237931,250900,23940
2026-03-07 19:33:47.237931,550,23822
2026-03-07 19:33:47.237931,2221490,22957
2026-03-07 19:33:47.237931,1905180,22774
2026-03-07 19:33:47.237931,1151340,22225
2026-03-07 19:33:47.237931,629520,21129
2026-03-07 19:33:47.237931,3164500,21019
2026-03-07 19:33:47.237931,1818450,20877
2026-03-07 19:33:47.237931,39210,20433
2026-03-07 19:33:47.237931,1149460,20133
2026-03-07 19:33:47.237931,8930,20021
2026-03-07 19:33:47.237931,3472040,19701
2026-03-07 19:33:47.237931,1874880,19285
2026-03-07 19:33:47.237931,2252570,19282
2026-03-07 19:33:47.237931,646570,19223
2026-03-07 19:33:47.237931,594650,18798
2026-03-07 19:33:47.237931,1203620,18769
2026-03-07 19:33:47.237931,2622380,18460
2026-03-07 19:33:47.237931,255710,18444
2026-03-07 19:33:47.237931,292030,18381
2026-03-07 19:33:47.237931,244210,18007
2026-03-07 19:33:47.237931,393380,17590
2026-03-07 19:48:04.685362,730,1487876
2026-03-07 19:48:04.685362,570,752080
2026-03-07 19:48:04.685362,2868840,291387
2026-03-07 19:48:04.685362,578080,254284
2026-03-07 19:48:04.685362,1808500,208798
2026-03-07 19:48:04.685362,252490,199299
2026-03-07 19:48:04.685362,2676230,180760
2026-03-07 19:48:04.685362,238960,158020
2026-03-07 19:48:04.685362,3764200,139795
2026-03-07 19:48:04.685362,3419430,139112
2026-03-07 19:48:04.685362,359550,123056
2026-03-07 19:48:04.685362,1422450,110405
2026-03-07 19:48:04.685362,322170,109794
2026-03-07 19:48:04.685362,271590,97821
2026-03-07 19:48:04.685362,2357570,95543
2026-03-07 19:48:04.685362,236390,88604
2026-03-07 19:48:04.685362,1172470,86164
2026-03-07 19:48:04.685362,2767030,79813
2026-03-07 19:48:04.685362,413150,74880
2026-03-07 19:48:04.685362,431960,72357
2026-03-07 19:48:04.685362,1086940,69864
2026-03-07 19:48:04.685362,3065800,69143
2026-03-07 19:48:04.685362,3405690,66947
2026-03-07 19:48:04.685362,553850,65785
2026-03-07 19:48:04.685362,105600,65285
2026-03-07 19:48:04.685362,221100,62576
2026-03-07 19:48:04.685362,230410,60961
2026-03-07 19:48:04.685362,2807960,60531
2026-03-07 19:48:04.685362,440,60491
2026-03-07 19:48:04.685362,381210,57359
2026-03-07 19:48:04.685362,3240220,55701
2026-03-07 19:48:04.685362,686060,54704
2026-03-07 19:48:04.685362,438100,54231
2026-03-07 19:48:04.685362,2507950,53758
2026-03-07 19:48:04.685362,4465480,51870
2026-03-07 19:48:04.685362,394360,51709
2026-03-07 19:48:04.685362,227300,51384
2026-03-07 19:48:04.685362,1366800,49789
2026-03-07 19:48:04.685362,1938090,45800
2026-03-07 19:48:04.685362,1281930,44609
2026-03-07 19:48:04.685362,3241660,41157
2026-03-07 19:48:04.685362,2300320,40593
2026-03-07 19:48:04.685362,2399830,40197
2026-03-07 19:48:04.685362,1222670,39155
2026-03-07 19:48:04.685362,3551340,39154
2026-03-07 19:48:04.685362,3564740,38951
2026-03-07 19:48:04.685362,289070,37047
2026-03-07 19:48:04.685362,892970,36999
2026-03-07 19:48:04.685362,108600,35836
2026-03-07 19:48:04.685362,4000,35786
2026-03-07 19:48:04.685362,2246340,33587
2026-03-07 19:48:04.685362,284160,33386
2026-03-07 19:48:04.685362,1174180,33214
2026-03-07 19:48:04.685362,1623730,32963
2026-03-07 19:48:04.685362,1245620,32380
2026-03-07 19:48:04.685362,4025700,32290
2026-03-07 19:48:04.685362,489830,32186
2026-03-07 19:48:04.685362,294100,32099
2026-03-07 19:48:04.685362,1973530,31879
2026-03-07 19:48:04.685362,1091500,31444
2026-03-07 19:48:04.685362,251570,30929
2026-03-07 19:48:04.685362,252950,30086
2026-03-07 19:48:04.685362,377160,30029
2026-03-07 19:48:04.685362,2073620,29838
2026-03-07 19:48:04.685362,526870,29656
2026-03-07 19:48:04.685362,2183900,29319
2026-03-07 19:48:04.685362,1142710,29315
2026-03-07 19:48:04.685362,218620,28572
2026-03-07 19:48:04.685362,1771300,27431
2026-03-07 19:48:04.685362,261550,27136
2026-03-07 19:48:04.685362,1158310,26739
2026-03-07 19:48:04.685362,3527290,26711
2026-03-07 19:48:04.685362,582660,26678
2026-03-07 19:48:04.685362,2050650,26281
2026-03-07 19:48:04.685362,346110,25904
2026-03-07 19:48:04.685362,739630,25279
2026-03-07 19:48:04.685362,813780,25148
2026-03-07 19:48:04.685362,427520,24814
2026-03-07 19:48:04.685362,550,24165
2026-03-07 19:48:04.685362,250900,23892
2026-03-07 19:48:04.685362,2221490,23182
2026-03-07 19:48:04.685362,1905180,22485
2026-03-07 19:48:04.685362,1151340,22198
2026-03-07 19:48:04.685362,3164500,21364
2026-03-07 19:48:04.685362,629520,21120
2026-03-07 19:48:04.685362,39210,20700
2026-03-07 19:48:04.685362,1149460,20243
2026-03-07 19:48:04.685362,8930,19960
2026-03-07 19:48:04.685362,1874880,19621
2026-03-07 19:48:04.685362,2252570,19405
2026-03-07 19:48:04.685362,3472040,19227
2026-03-07 19:48:04.685362,1818450,19147
2026-03-07 19:48:04.685362,1203620,19133
2026-03-07 19:48:04.685362,240,19071
2026-03-07 19:48:04.685362,594650,18928
2026-03-07 19:48:04.685362,646570,18643
2026-03-07 19:48:04.685362,292030,18357
2026-03-07 19:48:04.685362,255710,18023
2026-03-07 19:48:04.685362,2622380,17997
2026-03-07 19:48:04.685362,244210,17991
2026-03-07 20:10:56.754388,730,1480947
2026-03-07 20:10:56.754388,570,741827
2026-03-07 20:10:56.754388,2868840,285319
2026-03-07 20:10:56.754388,578080,242888
2026-03-07 20:10:56.754388,1808500,213015
2026-03-07 20:10:56.754388,252490,197461
2026-03-07 20:10:56.754388,2676230,181578
2026-03-07 20:10:56.754388,238960,158206
2026-03-07 20:10:56.754388,3764200,138774
2026-03-07 20:10:56.754388,3419430,138412
2026-03-07 20:10:56.754388,359550,124477
2026-03-07 20:10:56.754388,1422450,111911
2026-03-07 20:10:56.754388,322170,108569
2026-03-07 20:10:56.754388,2357570,96865
2026-03-07 20:10:56.754388,271590,96205
2026-03-07 20:10:56.754388,236390,87447
2026-03-07 20:10:56.754388,1172470,83847
2026-03-07 20:10:56.754388,2767030,81696
2026-03-07 20:10:56.754388,413150,74899
2026-03-07 20:10:56.754388,1086940,71183
2026-03-07 20:10:56.754388,3065800,70665
2026-03-07 20:10:56.754388,431960,69562
2026-03-07 20:10:56.754388,553850,67198
2026-03-07 20:10:56.754388,3405690,66230
2026-03-07 20:10:56.754388,105600,64698
2026-03-07 20:10:56.754388,221100,62264
2026-03-07 20:10:56.754388,2807960,61532
2026-03-07 20:10:56.754388,440,61081
2026-03-07 20:10:56.754388,230410,60889
2026-03-07 20:10:56.754388,381210,57675
2026-03-07 20:10:56.754388,3240220,55156
2026-03-07 20:10:56.754388,686060,54572
2026-03-07 20:10:56.754388,438100,54005
2026-03-07 20:10:56.754388,394360,51359
2026-03-07 20:10:56.754388,2507950,51001
2026-03-07 20:10:56.754388,227300,50826
2026-03-07 20:10:56.754388,4465480,50287
2026-03-07 20:10:56.754388,1366800,50089
2026-03-07 20:10:56.754388,1938090,46372
2026-03-07 20:10:56.754388,1281930,43855
2026-03-07 20:10:56.754388,3241660,40926
2026-03-07 20:10:56.754388,2300320,40518
2026-03-07 20:10:56.754388,2399830,40067
2026-03-07 20:10:56.754388,3551340,39333
2026-03-07 20:10:56.754388,1222670,39221
2026-03-07 20:10:56.754388,3564740,37875
2026-03-07 20:10:56.754388,892970,37553
2026-03-07 20:10:56.754388,289070,36818
2026-03-07 20:10:56.754388,108600,35887
2026-03-07 20:10:56.754388,4000,35646
2026-03-07 20:10:56.754388,2246340,33062
2026-03-07 20:10:56.754388,284160,33058
2026-03-07 20:10:56.754388,1174180,33015
2026-03-07 20:10:56.754388,1245620,32475
2026-03-07 20:10:56.754388,1623730,32468
2026-03-07 20:10:56.754388,489830,32261
2026-03-07 20:10:56.754388,294100,31716
2026-03-07 20:10:56.754388,1091500,31447
2026-03-07 20:10:56.754388,4025700,31283
2026-03-07 20:10:56.754388,252950,31085
2026-03-07 20:10:56.754388,1973530,31083
2026-03-07 20:10:56.754388,251570,30948
2026-03-07 20:10:56.754388,377160,30203
2026-03-07 20:10:56.754388,526870,30020
2026-03-07 20:10:56.754388,2073620,29907
2026-03-07 20:10:56.754388,2183900,29415
2026-03-07 20:10:56.754388,1142710,29352
2026-03-07 20:10:56.754388,218620,29217
2026-03-07 20:10:56.754388,1771300,27337
2026-03-07 20:10:56.754388,261550,26955
2026-03-07 20:10:56.754388,1158310,26811
2026-03-07 20:10:56.754388,3527290,26546
2026-03-07 20:10:56.754388,582660,26521
2026-03-07 20:10:56.754388,2050650,25973
2026-03-07 20:10:56.754388,739630,25944
2026-03-07 20:10:56.754388,346110,25583
2026-03-07 20:10:56.754388,813780,25412
2026-03-07 20:10:56.754388,427520,24949
2026-03-07 20:10:56.754388,550,24323
2026-03-07 20:10:56.754388,250900,23932
2026-03-07 20:10:56.754388,2221490,23291
2026-03-07 20:10:56.754388,1151340,22381
2026-03-07 20:10:56.754388,1905180,22032
2026-03-07 20:10:56.754388,240,21804
2026-03-07 20:10:56.754388,3164500,21725
2026-03-07 20:10:56.754388,629520,21091
2026-03-07 20:10:56.754388,39210,21040
2026-03-07 20:10:56.754388,8930,20012
2026-03-07 20:10:56.754388,1874880,19978
2026-03-07 20:10:56.754388,1203620,19580
2026-03-07 20:10:56.754388,2252570,19465
2026-03-07 20:10:56.754388,1149460,19206
2026-03-07 20:10:56.754388,594650,18865
2026-03-07 20:10:56.754388,3472040,18799
2026-03-07 20:10:56.754388,292030,18309
2026-03-07 20:10:56.754388,646570,18081
2026-03-07 20:10:56.754388,255710,17892
2026-03-07 20:10:56.754388,244210,17838
2026-03-07 20:10:56.754388,1818450,17807
2026-03-07 20:10:56.754388,2622380,17653
2026-03-07 20:40:39.057528,730,1470839
2026-03-07 20:40:39.057528,570,725278
2026-03-07 20:40:39.057528,2868840,279207
2026-03-07 20:40:39.057528,578080,229177
2026-03-07 20:40:39.057528,1808500,220001
2026-03-07 20:40:39.057528,252490,193711
2026-03-07 20:40:39.057528,2676230,184180
2026-03-07 20:40:39.057528,238960,157456
2026-03-07 20:40:39.057528,3764200,138124
2026-03-07 20:40:39.057528,3419430,137641
2026-03-07 20:40:39.057528,359550,127496
2026-03-07 20:40:39.057528,1422450,114705
2026-03-07 20:40:39.057528,322170,106811
2026-03-07 20:40:39.057528,2357570,98497
2026-03-07 20:40:39.057528,271590,92667
2026-03-07 20:40:39.057528,236390,85178
2026-03-07 20:40:39.057528,2767030,83628
2026-03-07 20:40:39.057528,1172470,80368
2026-03-07 20:40:39.057528,413150,74578
2026-03-07 20:40:39.057528,1086940,73004
2026-03-07 20:40:39.057528,3065800,72756
2026-03-07 20:40:39.057528,553850,68829
2026-03-07 20:40:39.057528,431960,66740
2026-03-07 20:40:39.057528,3405690,64361
2026-03-07 20:40:39.057528,105600,63907
2026-03-07 20:40:39.057528,2807960,63586
2026-03-07 20:40:39.057528,221100,61755
2026-03-07 20:40:39.057528,440,60478
2026-03-07 20:40:39.057528,230410,60119
2026-03-07 20:40:39.057528,381210,58070
2026-03-07 20:40:39.057528,686060,54600
2026-03-07 20:40:39.057528,438100,54086
2026-03-07 20:40:39.057528,3240220,53968
2026-03-07 20:40:39.057528,394360,50399
2026-03-07 20:40:39.057528,227300,50226
2026-03-07 20:40:39.057528,1366800,49818
2026-03-07 20:40:39.057528,2507950,47828
2026-03-07 20:40:39.057528,4465480,47368
2026-03-07 20:40:39.057528,1938090,47083
2026-03-07 20:40:39.057528,1281930,42950
2026-03-07 20:40:39.057528,3241660,41322
2026-03-07 20:40:39.057528,2300320,40234
2026-03-07 20:40:39.057528,2399830,40040
2026-03-07 20:40:39.057528,3551340,39740
2026-03-07 20:40:39.057528,1222670,39277
2026-03-07 20:40:39.057528,892970,38061
2026-03-07 20:40:39.057528,289070,36560
2026-03-07 20:40:39.057528,3564740,36493
2026-03-07 20:40:39.057528,108600,35708
2026-03-07 20:40:39.057528,4000,35081
2026-03-07 20:40:39.057528,1174180,32630
2026-03-07 20:40:39.057528,1245620,32624
2026-03-07 20:40:39.057528,2246340,32533
2026-03-07 20:40:39.057528,489830,32496
2026-03-07 20:40:39.057528,252950,32457
2026-03-07 20:40:39.057528,284160,32294
2026-03-07 20:40:39.057528,1623730,31914
2026-03-07 20:40:39.057528,1091500,31498
2026-03-07 20:40:39.057528,294100,31366
2026-03-07 20:40:39.057528,251570,31070
2026-03-07 20:40:39.057528,377160,30472
2026-03-07 20:40:39.057528,526870,30340
2026-03-07 20:40:39.057528,4025700,30202
2026-03-07 20:40:39.057528,1973530,30179
2026-03-07 20:40:39.057528,218620,30015
2026-03-07 20:40:39.057528,2073620,29671
2026-03-07 20:40:39.057528,1142710,29609
2026-03-07 20:40:39.057528,2183900,29497
2026-03-07 20:40:39.057528,1771300,27263
2026-03-07 20:40:39.057528,1158310,26818
2026-03-07 20:40:39.057528,739630,26696
2026-03-07 20:40:39.057528,261550,26490
2026-03-07 20:40:39.057528,3527290,26476
2026-03-07 20:40:39.057528,582660,26450
2026-03-07 20:40:39.057528,2050650,25808
2026-03-07 20:40:39.057528,813780,25741
2026-03-07 20:40:39.057528,346110,25102
2026-03-07 20:40:39.057528,427520,24918
2026-03-07 20:40:39.057528,550,24671
2026-03-07 20:40:39.057528,2221490,23463
2026-03-07 20:40:39.057528,250900,23444
2026-03-07 20:40:39.057528,3164500,22448
2026-03-07 20:40:39.057528,1151340,22349
2026-03-07 20:40:39.057528,240,21632
2026-03-07 20:40:39.057528,39210,21412
2026-03-07 20:40:39.057528,1905180,21341
2026-03-07 20:40:39.057528,629520,20738
2026-03-07 20:40:39.057528,8930,20161
2026-03-07 20:40:39.057528,1203620,20126
2026-03-07 20:40:39.057528,1874880,20115
2026-03-07 20:40:39.057528,2252570,19675
2026-03-07 20:40:39.057528,1149460,19628
2026-03-07 20:40:39.057528,594650,18769
2026-03-07 20:40:39.057528,3472040,18282
2026-03-07 20:40:39.057528,292030,17906
2026-03-07 20:40:39.057528,646570,17756
2026-03-07 20:40:39.057528,255710,17629
2026-03-07 20:40:39.057528,244210,17557
2026-03-07 20:40:39.057528,2622380,17254
2026-03-07 20:40:39.057528,393380,16996
2026-03-07 20:57:11.008681,730,1454248
2026-03-07 20:57:11.008681,570,709117
2026-03-07 20:57:11.008681,2868840,273987
2026-03-07 20:57:11.008681,1808500,223758
2026-03-07 20:57:11.008681,578080,215878
2026-03-07 20:57:11.008681,252490,189228
2026-03-07 20:57:11.008681,2676230,184579
2026-03-07 20:57:11.008681,238960,156041
2026-03-07 20:57:11.008681,3764200,137782
2026-03-07 20:57:11.008681,3419430,136776
2026-03-07 20:57:11.008681,359550,129521
2026-03-07 20:57:11.008681,1422450,115662
2026-03-07 20:57:11.008681,322170,105900
2026-03-07 20:57:11.008681,2357570,99295
2026-03-07 20:57:11.008681,271590,90129
2026-03-07 20:57:11.008681,2767030,84852
2026-03-07 20:57:11.008681,236390,82925
2026-03-07 20:57:11.008681,1172470,78039
2026-03-07 20:57:11.008681,413150,74427
2026-03-07 20:57:11.008681,3065800,73969
2026-03-07 20:57:11.008681,1086940,73637
2026-03-07 20:57:11.008681,553850,69429
2026-03-07 20:57:11.008681,3405690,64370
2026-03-07 20:57:11.008681,431960,64188
2026-03-07 20:57:11.008681,2807960,64123
2026-03-07 20:57:11.008681,105600,63313
2026-03-07 20:57:11.008681,221100,60710
2026-03-07 20:57:11.008681,440,60136
2026-03-07 20:57:11.008681,230410,59769
2026-03-07 20:57:11.008681,381210,57960
2026-03-07 20:57:11.008681,686060,54388
2026-03-07 20:57:11.008681,438100,53898
2026-03-07 20:57:11.008681,3240220,52633
2026-03-07 20:57:11.008681,394360,49814
2026-03-07 20:57:11.008681,1366800,49602
2026-03-07 20:57:11.008681,227300,48890
2026-03-07 20:57:11.008681,1938090,47536
2026-03-07 20:57:11.008681,4465480,45667
2026-03-07 20:57:11.008681,2507950,45328
2026-03-07 20:57:11.008681,1281930,42020
2026-03-07 20:57:11.008681,3241660,41214
2026-03-07 20:57:11.008681,2399830,39978
2026-03-07 20:57:11.008681,3551340,39956
2026-03-07 20:57:11.008681,2300320,39353
2026-03-07 20:57:11.008681,892970,38268
2026-03-07 20:57:11.008681,1222670,38163
2026-03-07 20:57:11.008681,289070,36390
2026-03-07 20:57:11.008681,108600,35433
2026-03-07 20:57:11.008681,3564740,35277
2026-03-07 20:57:11.008681,4000,34272
2026-03-07 20:57:11.008681,252950,33215
2026-03-07 20:57:11.008681,1245620,32617
2026-03-07 20:57:11.008681,489830,32615
2026-03-07 20:57:11.008681,2246340,32267
2026-03-07 20:57:11.008681,1174180,32264
2026-03-07 20:57:11.008681,284160,31585
2026-03-07 20:57:11.008681,1623730,31538
2026-03-07 20:57:11.008681,1091500,31421
2026-03-07 20:57:11.008681,251570,30921
2026-03-07 20:57:11.008681,294100,30883
2026-03-07 20:57:11.008681,377160,30857
2026-03-07 20:57:11.008681,526870,30384
2026-03-07 20:57:11.008681,218620,29822
2026-03-07 20:57:11.008681,1142710,29454
2026-03-07 20:57:11.008681,2073620,29432
2026-03-07 20:57:11.008681,4025700,29415
2026-03-07 20:57:11.008681,1973530,29273
2026-03-07 20:57:11.008681,2183900,29096
2026-03-07 20:57:11.008681,1771300,27085
2026-03-07 20:57:11.008681,1158310,26766
2026-03-07 20:57:11.008681,582660,26367
2026-03-07 20:57:11.008681,261550,26190
2026-03-07 20:57:11.008681,813780,25885
2026-03-07 20:57:11.008681,739630,25741
2026-03-07 20:57:11.008681,2050650,25692
2026-03-07 20:57:11.008681,550,24915
2026-03-07 20:57:11.008681,427520,24882
2026-03-07 20:57:11.008681,346110,24574
2026-03-07 20:57:11.008681,3527290,24177
2026-03-07 20:57:11.008681,2221490,23563
2026-03-07 20:57:11.008681,250900,23041
2026-03-07 20:57:11.008681,3164500,22645
2026-03-07 20:57:11.008681,1151340,22188
2026-03-07 20:57:11.008681,39210,21582
2026-03-07 20:57:11.008681,240,21087
2026-03-07 20:57:11.008681,1905180,20531
2026-03-07 20:57:11.008681,629520,20331
2026-03-07 20:57:11.008681,1203620,20275
2026-03-07 20:57:11.008681,8930,20184
2026-03-07 20:57:11.008681,1874880,20154
2026-03-07 20:57:11.008681,1149460,19758
2026-03-07 20:57:11.008681,2252570,19672
2026-03-07 20:57:11.008681,594650,18489
2026-03-07 20:57:11.008681,3472040,18055
2026-03-07 20:57:11.008681,292030,17576
2026-03-07 20:57:11.008681,255710,17486
2026-03-07 20:57:11.008681,646570,17455
2026-03-07 20:57:11.008681,244210,17117
2026-03-07 20:57:11.008681,2622380,16957
2026-03-07 20:57:11.008681,275850,16642
2026-03-07 21:22:06.904476,730,1406303
2026-03-07 21:22:06.904476,570,685442
2026-03-07 21:22:06.904476,2868840,269982
2026-03-07 21:22:06.904476,1808500,226332
2026-03-07 21:22:06.904476,578080,201779
2026-03-07 21:22:06.904476,2676230,184005
2026-03-07 21:22:06.904476,252490,183939
2026-03-07 21:22:06.904476,238960,153608
2026-03-07 21:22:06.904476,3764200,136474
2026-03-07 21:22:06.904476,3419430,135339
2026-03-07 21:22:06.904476,359550,130558
2026-03-07 21:22:06.904476,1422450,116102
2026-03-07 21:22:06.904476,322170,104301
2026-03-07 21:22:06.904476,2357570,99378
2026-03-07 21:22:06.904476,271590,86894
2026-03-07 21:22:06.904476,2767030,85725
2026-03-07 21:22:06.904476,236390,79477
2026-03-07 21:22:06.904476,1172470,74810
2026-03-07 21:22:06.904476,3065800,74571
2026-03-07 21:22:06.904476,413150,73936
2026-03-07 21:22:06.904476,1086940,73436
2026-03-07 21:22:06.904476,553850,69171
2026-03-07 21:22:06.904476,3405690,63798
2026-03-07 21:22:06.904476,2807960,63765
2026-03-07 21:22:06.904476,431960,61921
2026-03-07 21:22:06.904476,105600,61890
2026-03-07 21:22:06.904476,440,59135
2026-03-07 21:22:06.904476,221100,58908
2026-03-07 21:22:06.904476,230410,58777
2026-03-07 21:22:06.904476,381210,57041
2026-03-07 21:22:06.904476,686060,54112
2026-03-07 21:22:06.904476,438100,54100
2026-03-07 21:22:06.904476,3240220,51107
2026-03-07 21:22:06.904476,1366800,48939
2026-03-07 21:22:06.904476,394360,48734
2026-03-07 21:22:06.904476,1938090,47786
2026-03-07 21:22:06.904476,227300,46660
2026-03-07 21:22:06.904476,2507950,43189
2026-03-07 21:22:06.904476,4465480,42628
2026-03-07 21:22:06.904476,1281930,40814
2026-03-07 21:22:06.904476,3241660,40352
2026-03-07 21:22:06.904476,3551340,40013
2026-03-07 21:22:06.904476,2399830,39709
2026-03-07 21:22:06.904476,892970,37806
2026-03-07 21:22:06.904476,2300320,37759
2026-03-07 21:22:06.904476,1222670,37590
2026-03-07 21:22:06.904476,289070,35856
2026-03-07 21:22:06.904476,108600,34940
2026-03-07 21:22:06.904476,3564740,34416
2026-03-07 21:22:06.904476,252950,33693
2026-03-07 21:22:06.904476,4000,33217
2026-03-07 21:22:06.904476,1245620,32603
2026-03-07 21:22:06.904476,489830,32350
2026-03-07 21:22:06.904476,1973530,32212
2026-03-07 21:22:06.904476,2246340,31829
2026-03-07 21:22:06.904476,1174180,31588
2026-03-07 21:22:06.904476,1623730,31003
2026-03-07 21:22:06.904476,1091500,30933
2026-03-07 21:22:06.904476,377160,30744
2026-03-07 21:22:06.904476,294100,30500
2026-03-07 21:22:06.904476,284160,30488
2026-03-07 21:22:06.904476,526870,30225
2026-03-07 21:22:06.904476,251570,30181
2026-03-07 21:22:06.904476,4025700,29679
2026-03-07 21:22:06.904476,218620,29545
2026-03-07 21:22:06.904476,1142710,29246
2026-03-07 21:22:06.904476,2073620,28946
2026-03-07 21:22:06.904476,2183900,28713
2026-03-07 21:22:06.904476,1771300,26690
2026-03-07 21:22:06.904476,1158310,26433
2026-03-07 21:22:06.904476,582660,26136
2026-03-07 21:22:06.904476,739630,26113
2026-03-07 21:22:06.904476,261550,25817
2026-03-07 21:22:06.904476,813780,25631
2026-03-07 21:22:06.904476,2050650,25371
2026-03-07 21:22:06.904476,550,25303
2026-03-07 21:22:06.904476,427520,24704
2026-03-07 21:22:06.904476,3527290,24282
2026-03-07 21:22:06.904476,346110,24084
2026-03-07 21:22:06.904476,2221490,23395
2026-03-07 21:22:06.904476,3164500,22895
2026-03-07 21:22:06.904476,250900,22680
2026-03-07 21:22:06.904476,1151340,22045
2026-03-07 21:22:06.904476,39210,21414
2026-03-07 21:22:06.904476,1203620,20198
2026-03-07 21:22:06.904476,1874880,20060
2026-03-07 21:22:06.904476,8930,19962
2026-03-07 21:22:06.904476,629520,19794
2026-03-07 21:22:06.904476,1149460,19750
2026-03-07 21:22:06.904476,1905180,19608
2026-03-07 21:22:06.904476,2252570,19539
2026-03-07 21:22:06.904476,594650,18062
2026-03-07 21:22:06.904476,240,17917
2026-03-07 21:22:06.904476,3472040,17886
2026-03-07 21:22:06.904476,255710,17190
2026-03-07 21:22:06.904476,646570,17126
2026-03-07 21:22:06.904476,292030,16998
2026-03-07 21:22:06.904476,275850,16577
2026-03-07 21:22:06.904476,2622380,16568
2026-03-07 21:22:06.904476,244210,16459
2026-03-07 21:40:24.300966,730,1385104
2026-03-07 21:40:24.300966,570,672350
2026-03-07 21:40:24.300966,2868840,268448
2026-03-07 21:40:24.300966,1808500,226755
2026-03-07 21:40:24.300966,578080,193270
2026-03-07 21:40:24.300966,2676230,184419
2026-03-07 21:40:24.300966,252490,180008
2026-03-07 21:40:24.300966,238960,151884
2026-03-07 21:40:24.300966,3764200,135581
2026-03-07 21:40:24.300966,3419430,134980
2026-03-07 21:40:24.300966,359550,130346
2026-03-07 21:40:24.300966,1422450,116010
2026-03-07 21:40:24.300966,322170,102984
2026-03-07 21:40:24.300966,2357570,99431
2026-03-07 21:40:24.300966,2767030,86343
2026-03-07 21:40:24.300966,271590,84684
2026-03-07 21:40:24.300966,236390,77166
2026-03-07 21:40:24.300966,3065800,74845
2026-03-07 21:40:24.300966,413150,73509
2026-03-07 21:40:24.300966,1086940,73218
2026-03-07 21:40:24.300966,1172470,73017
2026-03-07 21:40:24.300966,553850,68692
2026-03-07 21:40:24.300966,3405690,63074
2026-03-07 21:40:24.300966,2807960,62916
2026-03-07 21:40:24.300966,105600,61131
2026-03-07 21:40:24.300966,431960,60683
2026-03-07 21:40:24.300966,440,58653
2026-03-07 21:40:24.300966,221100,58142
2026-03-07 21:40:24.300966,230410,58081
2026-03-07 21:40:24.300966,381210,56611
2026-03-07 21:40:24.300966,438100,54167
2026-03-07 21:40:24.300966,686060,53874
2026-03-07 21:40:24.300966,3240220,50362
2026-03-07 21:40:24.300966,1366800,48550
2026-03-07 21:40:24.300966,1938090,47831
2026-03-07 21:40:24.300966,394360,47742
2026-03-07 21:40:24.300966,227300,45109
2026-03-07 21:40:24.300966,2507950,41898
2026-03-07 21:40:24.300966,4465480,40862
2026-03-07 21:40:24.300966,1281930,40174
2026-03-07 21:40:24.300966,3241660,39837
2026-03-07 21:40:24.300966,3551340,39592
2026-03-07 21:40:24.300966,2399830,39422
2026-03-07 21:40:24.300966,892970,37489
2026-03-07 21:40:24.300966,1222670,37209
2026-03-07 21:40:24.300966,2300320,36554
2026-03-07 21:40:24.300966,289070,35476
2026-03-07 21:40:24.300966,108600,34616
2026-03-07 21:40:24.300966,252950,33973
2026-03-07 21:40:24.300966,3564740,33780
2026-03-07 21:40:24.300966,4000,32580
2026-03-07 21:40:24.300966,1245620,32364
2026-03-07 21:40:24.300966,489830,32236
2026-03-07 21:40:24.300966,1973530,32202
2026-03-07 21:40:24.300966,2246340,31545
2026-03-07 21:40:24.300966,1174180,31222
2026-03-07 21:40:24.300966,1091500,30762
2026-03-07 21:40:24.300966,1623730,30671
2026-03-07 21:40:24.300966,377160,30534
2026-03-07 21:40:24.300966,294100,30196
2026-03-07 21:40:24.300966,526870,29965
2026-03-07 21:40:24.300966,251570,29826
2026-03-07 21:40:24.300966,218620,29814
2026-03-07 21:40:24.300966,284160,29803
2026-03-07 21:40:24.300966,4025700,29689
2026-03-07 21:40:24.300966,1142710,28925
2026-03-07 21:40:24.300966,2073620,28404
2026-03-07 21:40:24.300966,2183900,28227
2026-03-07 21:40:24.300966,1771300,26238
2026-03-07 21:40:24.300966,1158310,26228
2026-03-07 21:40:24.300966,582660,25987
2026-03-07 21:40:24.300966,739630,25815
2026-03-07 21:40:24.300966,550,25544
2026-03-07 21:40:24.300966,813780,25499
2026-03-07 21:40:24.300966,261550,25409
2026-03-07 21:40:24.300966,2050650,25052
2026-03-07 21:40:24.300966,427520,24482
2026-03-07 21:40:24.300966,3527290,24450
2026-03-07 21:40:24.300966,346110,23695
2026-03-07 21:40:24.300966,2221490,23319
2026-03-07 21:40:24.300966,3164500,22844
2026-03-07 21:40:24.300966,250900,22515
2026-03-07 21:40:24.300966,1151340,21680
2026-03-07 21:40:24.300966,39210,21312
2026-03-07 21:40:24.300966,1203620,20094
2026-03-07 21:40:24.300966,1874880,19854
2026-03-07 21:40:24.300966,8930,19757
2026-03-07 21:40:24.300966,1149460,19626
2026-03-07 21:40:24.300966,629520,19382
2026-03-07 21:40:24.300966,2252570,19264
2026-03-07 21:40:24.300966,1905180,19039
2026-03-07 21:40:24.300966,240,18648
2026-03-07 21:40:24.300966,3472040,17689
2026-03-07 21:40:24.300966,594650,17517
2026-03-07 21:40:24.300966,646570,16954
2026-03-07 21:40:24.300966,255710,16913
2026-03-07 21:40:24.300966,292030,16515
2026-03-07 21:40:24.300966,2622380,16447
2026-03-07 21:40:24.300966,275850,16428
2026-03-07 21:40:24.300966,2923300,16291
2026-03-07 21:53:50.751680,730,1356981
2026-03-07 21:53:50.751680,570,661541
2026-03-07 21:53:50.751680,2868840,266262
2026-03-07 21:53:50.751680,1808500,226577
2026-03-07 21:53:50.751680,578080,184844
2026-03-07 21:53:50.751680,2676230,184674
2026-03-07 21:53:50.751680,252490,175844
2026-03-07 21:53:50.751680,238960,149530
2026-03-07 21:53:50.751680,3764200,134403
2026-03-07 21:53:50.751680,3419430,133360
2026-03-07 21:53:50.751680,359550,130082
2026-03-07 21:53:50.751680,1422450,116050
2026-03-07 21:53:50.751680,322170,100938
2026-03-07 21:53:50.751680,2357570,99817
2026-03-07 21:53:50.751680,2767030,86891
2026-03-07 21:53:50.751680,271590,82087
2026-03-07 21:53:50.751680,3065800,75133
2026-03-07 21:53:50.751680,236390,74760
2026-03-07 21:53:50.751680,413150,72643
2026-03-07 21:53:50.751680,1086940,72374
2026-03-07 21:53:50.751680,1172470,71417
2026-03-07 21:53:50.751680,553850,68174
2026-03-07 21:53:50.751680,3405690,62421
2026-03-07 21:53:50.751680,2807960,61975
2026-03-07 21:53:50.751680,105600,60256
2026-03-07 21:53:50.751680,431960,59812
2026-03-07 21:53:50.751680,440,58046
2026-03-07 21:53:50.751680,230410,57391
2026-03-07 21:53:50.751680,221100,57193
2026-03-07 21:53:50.751680,381210,56031
2026-03-07 21:53:50.751680,438100,54253
2026-03-07 21:53:50.751680,686060,53556
2026-03-07 21:53:50.751680,3240220,49075
2026-03-07 21:53:50.751680,1366800,48212
2026-03-07 21:53:50.751680,1938090,47765
2026-03-07 21:53:50.751680,394360,46558
2026-03-07 21:53:50.751680,227300,43321
2026-03-07 21:53:50.751680,2507950,40897
2026-03-07 21:53:50.751680,1281930,39407
2026-03-07 21:53:50.751680,2399830,39177
2026-03-07 21:53:50.751680,4465480,39138
2026-03-07 21:53:50.751680,3551340,39100
2026-03-07 21:53:50.751680,3241660,39029
2026-03-07 21:53:50.751680,892970,36954
2026-03-07 21:53:50.751680,1222670,36792
2026-03-07 21:53:50.751680,2300320,35412
2026-03-07 21:53:50.751680,289070,34943
2026-03-07 21:53:50.751680,252950,34321
2026-03-07 21:53:50.751680,108600,34245
2026-03-07 21:53:50.751680,3564740,33215
2026-03-07 21:53:50.751680,489830,32066
2026-03-07 21:53:50.751680,1973530,32056
2026-03-07 21:53:50.751680,1245620,31949
2026-03-07 21:53:50.751680,4000,31756
2026-03-07 21:53:50.751680,2246340,31330
2026-03-07 21:53:50.751680,1174180,30622
2026-03-07 21:53:50.751680,1091500,30465
2026-03-07 21:53:50.751680,377160,30460
2026-03-07 21:53:50.751680,1623730,30359
2026-03-07 21:53:50.751680,294100,29844
2026-03-07 21:53:50.751680,526870,29726
2026-03-07 21:53:50.751680,218620,29551
2026-03-07 21:53:50.751680,251570,29492
2026-03-07 21:53:50.751680,4025700,29326
2026-03-07 21:53:50.751680,284160,28971
2026-03-07 21:53:50.751680,1142710,28545
2026-03-07 21:53:50.751680,2073620,27929
2026-03-07 21:53:50.751680,2183900,27848
2026-03-07 21:53:50.751680,1158310,26123
2026-03-07 21:53:50.751680,582660,25885
2026-03-07 21:53:50.751680,1771300,25779
2026-03-07 21:53:50.751680,550,25648
2026-03-07 21:53:50.751680,739630,25507
2026-03-07 21:53:50.751680,261550,25178
2026-03-07 21:53:50.751680,813780,25154
2026-03-07 21:53:50.751680,2050650,24926
2026-03-07 21:53:50.751680,3527290,24477
2026-03-07 21:53:50.751680,427520,24119
2026-03-07 21:53:50.751680,346110,23344
2026-03-07 21:53:50.751680,2221490,23014
2026-03-07 21:53:50.751680,3164500,22904
2026-03-07 21:53:50.751680,250900,22241
2026-03-07 21:53:50.751680,1151340,21324
2026-03-07 21:53:50.751680,39210,21298
2026-03-07 21:53:50.751680,1874880,19849
2026-03-07 21:53:50.751680,1203620,19757
2026-03-07 21:53:50.751680,8930,19487
2026-03-07 21:53:50.751680,1149460,19468
2026-03-07 21:53:50.751680,240,19227
2026-03-07 21:53:50.751680,2252570,19011
2026-03-07 21:53:50.751680,629520,18913
2026-03-07 21:53:50.751680,1905180,18546
2026-03-07 21:53:50.751680,3472040,17566
2026-03-07 21:53:50.751680,594650,17000
2026-03-07 21:53:50.751680,646570,16941
2026-03-07 21:53:50.751680,255710,16609
2026-03-07 21:53:50.751680,2923300,16471
2026-03-07 21:53:50.751680,2622380,16288
2026-03-07 21:53:50.751680,275850,16272
2026-03-07 21:53:50.751680,1476970,15987
2026-03-07 22:42:38.231098,730,1260096
2026-03-07 22:42:38.231098,570,617837
2026-03-07 22:42:38.231098,2868840,258078
2026-03-07 22:42:38.231098,1808500,223158
2026-03-07 22:42:38.231098,2676230,182215
2026-03-07 22:42:38.231098,252490,164409
2026-03-07 22:42:38.231098,578080,158899
2026-03-07 22:42:38.231098,238960,140675
2026-03-07 22:42:38.231098,3419430,130407
2026-03-07 22:42:38.231098,3764200,130256
2026-03-07 22:42:38.231098,359550,127237
2026-03-07 22:42:38.231098,1422450,112937
2026-03-07 22:42:38.231098,2357570,98455
2026-03-07 22:42:38.231098,322170,93248
2026-03-07 22:42:38.231098,2767030,86308
2026-03-07 22:42:38.231098,3065800,74560
2026-03-07 22:42:38.231098,271590,73654
2026-03-07 22:42:38.231098,413150,69476
2026-03-07 22:42:38.231098,1086940,68680
2026-03-07 22:42:38.231098,236390,66161
2026-03-07 22:42:38.231098,1172470,66091
2026-03-07 22:42:38.231098,553850,64523
2026-03-07 22:42:38.231098,3405690,60973
2026-03-07 22:42:38.231098,2807960,58205
2026-03-07 22:42:38.231098,105600,57146
2026-03-07 22:42:38.231098,431960,57036
2026-03-07 22:42:38.231098,440,55317
2026-03-07 22:42:38.231098,230410,55164
2026-03-07 22:42:38.231098,438100,54300
2026-03-07 22:42:38.231098,221100,53410
2026-03-07 22:42:38.231098,381210,52659
2026-03-07 22:42:38.231098,686060,51931
2026-03-07 22:42:38.231098,1938090,46906
2026-03-07 22:42:38.231098,1366800,46208
2026-03-07 22:42:38.231098,3240220,44723
2026-03-07 22:42:38.231098,394360,42367
2026-03-07 22:42:38.231098,2507950,38243
2026-03-07 22:42:38.231098,2399830,38173
2026-03-07 22:42:38.231098,227300,37585
2026-03-07 22:42:38.231098,1281930,37026
2026-03-07 22:42:38.231098,3551340,35877
2026-03-07 22:42:38.231098,3241660,35512
2026-03-07 22:42:38.231098,1222670,35086
2026-03-07 22:42:38.231098,892970,34343
2026-03-07 22:42:38.231098,252950,34324
2026-03-07 22:42:38.231098,4465480,33520
2026-03-07 22:42:38.231098,108600,33012
2026-03-07 22:42:38.231098,289070,32975
2026-03-07 22:42:38.231098,1973530,31141
2026-03-07 22:42:38.231098,489830,31093
2026-03-07 22:42:38.231098,3564740,30973
2026-03-07 22:42:38.231098,2300320,30906
2026-03-07 22:42:38.231098,1245620,30903
2026-03-07 22:42:38.231098,2246340,30761
2026-03-07 22:42:38.231098,4000,29532
2026-03-07 22:42:38.231098,1623730,29318
2026-03-07 22:42:38.231098,377160,29262
2026-03-07 22:42:38.231098,218620,29176
2026-03-07 22:42:38.231098,294100,29108
2026-03-07 22:42:38.231098,1174180,28783
2026-03-07 22:42:38.231098,1091500,28777
2026-03-07 22:42:38.231098,4025700,28715
2026-03-07 22:42:38.231098,251570,28039
2026-03-07 22:42:38.231098,526870,27986
2026-03-07 22:42:38.231098,1142710,26897
2026-03-07 22:42:38.231098,284160,26530
2026-03-07 22:42:38.231098,2073620,26185
2026-03-07 22:42:38.231098,550,25880
2026-03-07 22:42:38.231098,2183900,25673
2026-03-07 22:42:38.231098,582660,25341
2026-03-07 22:42:38.231098,1158310,24979
2026-03-07 22:42:38.231098,2050650,24003
2026-03-07 22:42:38.231098,1771300,23991
2026-03-07 22:42:38.231098,813780,23853
2026-03-07 22:42:38.231098,261550,23709
2026-03-07 22:42:38.231098,739630,23649
2026-03-07 22:42:38.231098,3527290,23168
2026-03-07 22:42:38.231098,427520,22695
2026-03-07 22:42:38.231098,3164500,22275
2026-03-07 22:42:38.231098,346110,22048
2026-03-07 22:42:38.231098,2221490,21898
2026-03-07 22:42:38.231098,250900,21104
2026-03-07 22:42:38.231098,39210,20875
2026-03-07 22:42:38.231098,1151340,20494
2026-03-07 22:42:38.231098,240,19018
2026-03-07 22:42:38.231098,1874880,19015
2026-03-07 22:42:38.231098,1149460,18608
2026-03-07 22:42:38.231098,1203620,18408
2026-03-07 22:42:38.231098,8930,18376
2026-03-07 22:42:38.231098,2252570,17655
2026-03-07 22:42:38.231098,629520,17399
2026-03-07 22:42:38.231098,1905180,17047
2026-03-07 22:42:38.231098,3472040,16965
2026-03-07 22:42:38.231098,646570,16158
2026-03-07 22:42:38.231098,1476970,15865
2026-03-07 22:42:38.231098,2622380,15721
2026-03-07 22:42:38.231098,1665460,15678
2026-03-07 22:42:38.231098,2923300,15669
2026-03-07 22:42:38.231098,255710,15551
2026-03-07 22:42:38.231098,275850,15459
2026-03-07 23:32:32.808434,730,1117550
2026-03-07 23:32:32.808434,570,566695
2026-03-07 23:32:32.808434,2868840,247988
2026-03-07 23:32:32.808434,1808500,207686
2026-03-07 23:32:32.808434,2676230,174123
2026-03-07 23:32:32.808434,252490,149916
2026-03-07 23:32:32.808434,238960,129369
2026-03-07 23:32:32.808434,578080,128551
2026-03-07 23:32:32.808434,3419430,127403
2026-03-07 23:32:32.808434,3764200,124376
2026-03-07 23:32:32.808434,359550,120489
2026-03-07 23:32:32.808434,1422450,106111
2026-03-07 23:32:32.808434,2357570,93300
2026-03-07 23:32:32.808434,322170,85115
2026-03-07 23:32:32.808434,2767030,83894
2026-03-07 23:32:32.808434,3065800,71951
2026-03-07 23:32:32.808434,413150,65486
2026-03-07 23:32:32.808434,271590,65288
2026-03-07 23:32:32.808434,1086940,63555
2026-03-07 23:32:32.808434,1172470,62200
2026-03-07 23:32:32.808434,553850,58423
2026-03-07 23:32:32.808434,236390,57163
2026-03-07 23:32:32.808434,3405690,56535
2026-03-07 23:32:32.808434,431960,55109
2026-03-07 23:32:32.808434,438100,54581
2026-03-07 23:32:32.808434,440,53595
2026-03-07 23:32:32.808434,105600,53363
2026-03-07 23:32:32.808434,230410,52118
2026-03-07 23:32:32.808434,2807960,51318
2026-03-07 23:32:32.808434,381210,48623
2026-03-07 23:32:32.808434,686060,48311
2026-03-07 23:32:32.808434,221100,48144
2026-03-07 23:32:32.808434,1938090,45112
2026-03-07 23:32:32.808434,1366800,44176
2026-03-07 23:32:32.808434,3240220,41142
2026-03-07 23:32:32.808434,394360,37744
2026-03-07 23:32:32.808434,2399830,36430
2026-03-07 23:32:32.808434,2507950,35668
2026-03-07 23:32:32.808434,1281930,34525
2026-03-07 23:32:32.808434,1222670,32860
2026-03-07 23:32:32.808434,252950,31772
2026-03-07 23:32:32.808434,3551340,31458
2026-03-07 23:32:32.808434,227300,31205
2026-03-07 23:32:32.808434,1973530,31122
2026-03-07 23:32:32.808434,108600,30934
2026-03-07 23:32:32.808434,892970,30728
2026-03-07 23:32:32.808434,3241660,30334
2026-03-07 23:32:32.808434,289070,30286
2026-03-07 23:32:32.808434,2246340,30013
2026-03-07 23:32:32.808434,4025700,29430
2026-03-07 23:32:32.808434,489830,29369
2026-03-07 23:32:32.808434,1245620,29135
2026-03-07 23:32:32.808434,3564740,29083
2026-03-07 23:32:32.808434,218620,28405
2026-03-07 23:32:32.808434,1623730,28051
2026-03-07 23:32:32.808434,294100,27619
2026-03-07 23:32:32.808434,377160,27480
2026-03-07 23:32:32.808434,4465480,27477
2026-03-07 23:32:32.808434,4000,27023
2026-03-07 23:32:32.808434,1091500,26654
2026-03-07 23:32:32.808434,1174180,26360
2026-03-07 23:32:32.808434,550,26128
2026-03-07 23:32:32.808434,251570,26023
2026-03-07 23:32:32.808434,2300320,25817
2026-03-07 23:32:32.808434,526870,25395
2026-03-07 23:32:32.808434,582660,24804
2026-03-07 23:32:32.808434,1142710,24458
2026-03-07 23:32:32.808434,284160,24273
2026-03-07 23:32:32.808434,2073620,23698
2026-03-07 23:32:32.808434,1158310,23444
2026-03-07 23:32:32.808434,2183900,22938
2026-03-07 23:32:32.808434,2050650,22633
2026-03-07 23:32:32.808434,261550,21793
2026-03-07 23:32:32.808434,813780,21563
2026-03-07 23:32:32.808434,1771300,21433
2026-03-07 23:32:32.808434,3164500,21071
2026-03-07 23:32:32.808434,2221490,20704
2026-03-07 23:32:32.808434,427520,20586
2026-03-07 23:32:32.808434,39210,20499
2026-03-07 23:32:32.808434,739630,20484
2026-03-07 23:32:32.808434,3527290,20426
2026-03-07 23:32:32.808434,346110,20394
2026-03-07 23:32:32.808434,1151340,19597
2026-03-07 23:32:32.808434,250900,19200
2026-03-07 23:32:32.808434,1874880,17642
2026-03-07 23:32:32.808434,1149460,17318
2026-03-07 23:32:32.808434,8930,17078
2026-03-07 23:32:32.808434,240,16874
2026-03-07 23:32:32.808434,3472040,16401
2026-03-07 23:32:32.808434,1203620,16382
2026-03-07 23:32:32.808434,629520,15914
2026-03-07 23:32:32.808434,2252570,15852
2026-03-07 23:32:32.808434,2923300,15757
2026-03-07 23:32:32.808434,1905180,15635
2026-03-07 23:32:32.808434,1476970,15437
2026-03-07 23:32:32.808434,646570,15279
2026-03-07 23:32:32.808434,1665460,14937
2026-03-07 23:32:32.808434,2622380,14691
2026-03-07 23:32:32.808434,275850,14378
2026-03-07 23:32:32.808434,291550,14311
2026-03-07 23:49:36.871682,730,1041880
2026-03-07 23:49:36.871682,570,544370
2026-03-07 23:49:36.871682,2868840,244394
2026-03-07 23:49:36.871682,1808500,199472
2026-03-07 23:49:36.871682,2676230,170796
2026-03-07 23:49:36.871682,252490,142690
2026-03-07 23:49:36.871682,3419430,126405
2026-03-07 23:49:36.871682,238960,123045
2026-03-07 23:49:36.871682,3764200,121289
2026-03-07 23:49:36.871682,578080,117665
2026-03-07 23:49:36.871682,359550,117061
2026-03-07 23:49:36.871682,1422450,102955
2026-03-07 23:49:36.871682,2357570,91141
2026-03-07 23:49:36.871682,2767030,83616
2026-03-07 23:49:36.871682,322170,82261
2026-03-07 23:49:36.871682,3065800,70444
2026-03-07 23:49:36.871682,413150,64155
2026-03-07 23:49:36.871682,271590,61231
2026-03-07 23:49:36.871682,1086940,60941
2026-03-07 23:49:36.871682,1172470,60513
2026-03-07 23:49:36.871682,553850,55566
2026-03-07 23:49:36.871682,431960,54754
2026-03-07 23:49:36.871682,438100,54651
2026-03-07 23:49:36.871682,3405690,53427
2026-03-07 23:49:36.871682,440,53361
2026-03-07 23:49:36.871682,236390,53337
2026-03-07 23:49:36.871682,105600,51765
2026-03-07 23:49:36.871682,230410,51064
2026-03-07 23:49:36.871682,2807960,48205
2026-03-07 23:49:36.871682,381210,46714
2026-03-07 23:49:36.871682,686060,46678
2026-03-07 23:49:36.871682,221100,45932
2026-03-07 23:49:36.871682,1938090,44402
2026-03-07 23:49:36.871682,1366800,42963
2026-03-07 23:49:36.871682,3240220,39701
2026-03-07 23:49:36.871682,2399830,35695
2026-03-07 23:49:36.871682,2507950,35619
2026-03-07 23:49:36.871682,394360,35394
2026-03-07 23:49:36.871682,1281930,33232
2026-03-07 23:49:36.871682,1222670,32020
2026-03-07 23:49:36.871682,1973530,31764
2026-03-07 23:49:36.871682,252950,30199
2026-03-07 23:49:36.871682,108600,30170
2026-03-07 23:49:36.871682,2246340,29790
2026-03-07 23:49:36.871682,4025700,29408
2026-03-07 23:49:36.871682,289070,29384
2026-03-07 23:49:36.871682,3551340,28875
2026-03-07 23:49:36.871682,892970,28862
2026-03-07 23:49:36.871682,489830,28502
2026-03-07 23:49:36.871682,3564740,28326
2026-03-07 23:49:36.871682,227300,28314
2026-03-07 23:49:36.871682,1245620,28288
2026-03-07 23:49:36.871682,3241660,28036
2026-03-07 23:49:36.871682,1623730,27633
2026-03-07 23:49:36.871682,294100,27131
2026-03-07 23:49:36.871682,218620,27059
2026-03-07 23:49:36.871682,377160,26444
2026-03-07 23:49:36.871682,550,26164
2026-03-07 23:49:36.871682,4000,25609
2026-03-07 23:49:36.871682,1174180,25550
2026-03-07 23:49:36.871682,1091500,25509
2026-03-07 23:49:36.871682,251570,25117
2026-03-07 23:49:36.871682,4465480,25077
2026-03-07 23:49:36.871682,582660,24375
2026-03-07 23:49:36.871682,526870,24076
2026-03-07 23:49:36.871682,2300320,23653
2026-03-07 23:49:36.871682,284160,23403
2026-03-07 23:49:36.871682,1142710,23197
2026-03-07 23:49:36.871682,1158310,22495
2026-03-07 23:49:36.871682,2073620,22486
2026-03-07 23:49:36.871682,2050650,22008
2026-03-07 23:49:36.871682,2183900,21715
2026-03-07 23:49:36.871682,261550,20990
2026-03-07 23:49:36.871682,813780,20472
2026-03-07 23:49:36.871682,3164500,20446
2026-03-07 23:49:36.871682,2221490,20180
2026-03-07 23:49:36.871682,1771300,20161
2026-03-07 23:49:36.871682,39210,20107
2026-03-07 23:49:36.871682,346110,19645
2026-03-07 23:49:36.871682,427520,19582
2026-03-07 23:49:36.871682,3527290,19553
2026-03-07 23:49:36.871682,739630,19289
2026-03-07 23:49:36.871682,1151340,18888
2026-03-07 23:49:36.871682,250900,18604
2026-03-07 23:49:36.871682,1874880,16789
2026-03-07 23:49:36.871682,1149460,16685
2026-03-07 23:49:36.871682,3472040,16386
2026-03-07 23:49:36.871682,8930,16382
2026-03-07 23:49:36.871682,2923300,15645
2026-03-07 23:49:36.871682,1203620,15525
2026-03-07 23:49:36.871682,629520,15293
2026-03-07 23:49:36.871682,1476970,15252
2026-03-07 23:49:36.871682,646570,15160
2026-03-07 23:49:36.871682,1905180,15086
2026-03-07 23:49:36.871682,2252570,14860
2026-03-07 23:49:36.871682,1665460,14639
2026-03-07 23:49:36.871682,2622380,14600
2026-03-07 23:49:36.871682,240,14343
2026-03-07 23:49:36.871682,255710,13864
2026-03-07 23:49:36.871682,291550,13824
2026-03-08 00:58:34.651694,730,901246
2026-03-08 00:58:34.651694,570,495735
2026-03-08 00:58:34.651694,2868840,254606
2026-03-08 00:58:34.651694,1808500,185086
2026-03-08 00:58:34.651694,2676230,160373
2026-03-08 00:58:34.651694,252490,127319
2026-03-08 00:58:34.651694,3419430,126048
2026-03-08 00:58:34.651694,3764200,117771
2026-03-08 00:58:34.651694,359550,113524
2026-03-08 00:58:34.651694,238960,108607
2026-03-08 00:58:34.651694,578080,105229
2026-03-08 00:58:34.651694,1422450,96346
2026-03-08 00:58:34.651694,2357570,87435
2026-03-08 00:58:34.651694,2767030,84761
2026-03-08 00:58:34.651694,322170,77013
2026-03-08 00:58:34.651694,3065800,69014
2026-03-08 00:58:34.651694,413150,63225
2026-03-08 00:58:34.651694,1172470,60680
2026-03-08 00:58:34.651694,431960,58030
2026-03-08 00:58:34.651694,1086940,57294
2026-03-08 00:58:34.651694,438100,56224
2026-03-08 00:58:34.651694,553850,52987
2026-03-08 00:58:34.651694,271590,52857
2026-03-08 00:58:34.651694,230410,52176
2026-03-08 00:58:34.651694,440,51184
2026-03-08 00:58:34.651694,105600,50277
2026-03-08 00:58:34.651694,236390,49359
2026-03-08 00:58:34.651694,3405690,47185
2026-03-08 00:58:34.651694,2807960,44053
2026-03-08 00:58:34.651694,686060,43322
2026-03-08 00:58:34.651694,381210,43250
2026-03-08 00:58:34.651694,1938090,43141
2026-03-08 00:58:34.651694,1366800,40770
2026-03-08 00:58:34.651694,221100,40308
2026-03-08 00:58:34.651694,2507950,38978
2026-03-08 00:58:34.651694,3240220,38222
2026-03-08 00:58:34.651694,1973530,36324
2026-03-08 00:58:34.651694,2399830,34193
2026-03-08 00:58:34.651694,1281930,31897
2026-03-08 00:58:34.651694,2246340,31694
2026-03-08 00:58:34.651694,394360,31524
2026-03-08 00:58:34.651694,4025700,30483
2026-03-08 00:58:34.651694,1222670,30080
2026-03-08 00:58:34.651694,3564740,28331
2026-03-08 00:58:34.651694,108600,28062
2026-03-08 00:58:34.651694,289070,28004
2026-03-08 00:58:34.651694,1623730,27865
2026-03-08 00:58:34.651694,252950,27607
2026-03-08 00:58:34.651694,218620,27219
2026-03-08 00:58:34.651694,489830,27078
2026-03-08 00:58:34.651694,1245620,26726
2026-03-08 00:58:34.651694,294100,26722
2026-03-08 00:58:34.651694,550,26387
2026-03-08 00:58:34.651694,3241660,25644
2026-03-08 00:58:34.651694,892970,25584
2026-03-08 00:58:34.651694,377160,24692
2026-03-08 00:58:34.651694,1174180,24038
2026-03-08 00:58:34.651694,1091500,23916
2026-03-08 00:58:34.651694,582660,23877
2026-03-08 00:58:34.651694,251570,23869
2026-03-08 00:58:34.651694,4000,23850
2026-03-08 00:58:34.651694,3551340,23372
2026-03-08 00:58:34.651694,227300,22797
2026-03-08 00:58:34.651694,284160,22030
2026-03-08 00:58:34.651694,526870,21390
2026-03-08 00:58:34.651694,2050650,21148
2026-03-08 00:58:34.651694,1142710,20852
2026-03-08 00:58:34.651694,1158310,20374
2026-03-08 00:58:34.651694,4465480,20238
2026-03-08 00:58:34.651694,2073620,20154
2026-03-08 00:58:34.651694,39210,20068
2026-03-08 00:58:34.651694,2300320,19940
2026-03-08 00:58:34.651694,2183900,19671
2026-03-08 00:58:34.651694,261550,19588
2026-03-08 00:58:34.651694,2221490,19220
2026-03-08 00:58:34.651694,240,19216
2026-03-08 00:58:34.651694,3164500,19196
2026-03-08 00:58:34.651694,813780,18793
2026-03-08 00:58:34.651694,346110,18664
2026-03-08 00:58:34.651694,3527290,18431
2026-03-08 00:58:34.651694,1151340,18358
2026-03-08 00:58:34.651694,1771300,17680
2026-03-08 00:58:34.651694,427520,17646
2026-03-08 00:58:34.651694,739630,17407
2026-03-08 00:58:34.651694,2923300,17212
2026-03-08 00:58:34.651694,3472040,17188
2026-03-08 00:58:34.651694,250900,17179
2026-03-08 00:58:34.651694,646570,16005
2026-03-08 00:58:34.651694,8930,15308
2026-03-08 00:58:34.651694,1149460,15258
2026-03-08 00:58:34.651694,1874880,15235
2026-03-08 00:58:34.651694,2622380,15202
2026-03-08 00:58:34.651694,1476970,14693
2026-03-08 00:58:34.651694,1905180,14133
2026-03-08 00:58:34.651694,629520,13674
2026-03-08 00:58:34.651694,1665460,13558
2026-03-08 00:58:34.651694,255710,13546
2026-03-08 00:58:34.651694,1203620,13533
2026-03-08 00:58:34.651694,1449850,13324
2026-03-08 00:58:34.651694,291550,13155
2026-03-08 03:34:37.800672,730,820750
2026-03-08 03:34:37.800672,570,512067
2026-03-08 03:34:37.800672,2868840,376691
2026-03-08 03:34:37.800672,578080,179801
2026-03-08 03:34:37.800672,1808500,179058
2026-03-08 03:34:37.800672,3419430,132267
2026-03-08 03:34:37.800672,2676230,130924
2026-03-08 03:34:37.800672,3764200,125699
2026-03-08 03:34:37.800672,359550,115479
2026-03-08 03:34:37.800672,252490,107385
2026-03-08 03:34:37.800672,1422450,95309
2026-03-08 03:34:37.800672,2767030,92917
2026-03-08 03:34:37.800672,2357570,92563
2026-03-08 03:34:37.800672,238960,88921
2026-03-08 03:34:37.800672,1172470,87674
2026-03-08 03:34:37.800672,431960,78548
2026-03-08 03:34:37.800672,413150,73982
2026-03-08 03:34:37.800672,3065800,73217
2026-03-08 03:34:37.800672,438100,70815
2026-03-08 03:34:37.800672,2507950,69175
2026-03-08 03:34:37.800672,322170,68992
2026-03-08 03:34:37.800672,553850,62684
2026-03-08 03:34:37.800672,1086940,59733
2026-03-08 03:34:37.800672,230410,58043
2026-03-08 03:34:37.800672,105600,56895
2026-03-08 03:34:37.800672,236390,54393
2026-03-08 03:34:37.800672,440,53293
2026-03-08 03:34:37.800672,1973530,53247
2026-03-08 03:34:37.800672,2807960,48650
2026-03-08 03:34:37.800672,3240220,45144
2026-03-08 03:34:37.800672,271590,44880
2026-03-08 03:34:37.800672,381210,43746
2026-03-08 03:34:37.800672,1938090,43707
2026-03-08 03:34:37.800672,686060,41999
2026-03-08 03:34:37.800672,3405690,39991
2026-03-08 03:34:37.800672,2246340,39695
2026-03-08 03:34:37.800672,1281930,38875
2026-03-08 03:34:37.800672,1366800,37776
2026-03-08 03:34:37.800672,4025700,34968
2026-03-08 03:34:37.800672,2399830,34058
2026-03-08 03:34:37.800672,1623730,33219
2026-03-08 03:34:37.800672,550,33216
2026-03-08 03:34:37.800672,3564740,33186
2026-03-08 03:34:37.800672,289070,32845
2026-03-08 03:34:37.800672,221100,32715
2026-03-08 03:34:37.800672,3241660,32583
2026-03-08 03:34:37.800672,394360,31959
2026-03-08 03:34:37.800672,294100,29743
2026-03-08 03:34:37.800672,1245620,29709
2026-03-08 03:34:37.800672,1222670,28741
2026-03-08 03:34:37.800672,108600,28207
2026-03-08 03:34:37.800672,218620,27333
2026-03-08 03:34:37.800672,1174180,27289
2026-03-08 03:34:37.800672,1091500,26250
2026-03-08 03:34:37.800672,489830,25954
2026-03-08 03:34:37.800672,252950,24981
2026-03-08 03:34:37.800672,646570,24894
2026-03-08 03:34:37.800672,251570,24869
2026-03-08 03:34:37.800672,892970,23782
2026-03-08 03:34:37.800672,2050650,23769
2026-03-08 03:34:37.800672,377160,23315
2026-03-08 03:34:37.800672,3472040,23007
2026-03-08 03:34:37.800672,2622380,22279
2026-03-08 03:34:37.800672,582660,22148
2026-03-08 03:34:37.800672,3527290,21832
2026-03-08 03:34:37.800672,2183900,21758
2026-03-08 03:34:37.800672,4000,21745
2026-03-08 03:34:37.800672,1203220,21277
2026-03-08 03:34:37.800672,261550,20912
2026-03-08 03:34:37.800672,1142710,20712
2026-03-08 03:34:37.800672,739630,20536
2026-03-08 03:34:37.800672,346110,20201
2026-03-08 03:34:37.800672,813780,19750
2026-03-08 03:34:37.800672,39210,19654
2026-03-08 03:34:37.800672,284160,19574
2026-03-08 03:34:37.800672,240,19423
2026-03-08 03:34:37.800672,2221490,19393
2026-03-08 03:34:37.800672,1158310,19249
2026-03-08 03:34:37.800672,322330,19151
2026-03-08 03:34:37.800672,526870,19104
2026-03-08 03:34:37.800672,255710,18449
2026-03-08 03:34:37.800672,3551340,18396
2026-03-08 03:34:37.800672,1771300,18359
2026-03-08 03:34:37.800672,4465480,18134
2026-03-08 03:34:37.800672,2073620,18100
2026-03-08 03:34:37.800672,1151340,17915
2026-03-08 03:34:37.800672,3164500,17771
2026-03-08 03:34:37.800672,227300,17697
2026-03-08 03:34:37.800672,1449850,17532
2026-03-08 03:34:37.800672,2923300,17290
2026-03-08 03:34:37.800672,250900,17180
2026-03-08 03:34:37.800672,427520,16277
2026-03-08 03:34:37.800672,1364780,15884
2026-03-08 03:34:37.800672,2300320,15697
2026-03-08 03:34:37.800672,4069520,15155
2026-03-08 03:34:37.800672,1905180,14563
2026-03-08 03:34:37.800672,8930,14445
2026-03-08 03:34:37.800672,1149460,14432
2026-03-08 03:34:37.800672,1476970,13856
2026-03-08 03:34:37.800672,1874880,13598
2026-03-08 05:00:01.369298,730,837218
2026-03-08 05:00:01.369298,570,511498
2026-03-08 05:00:01.369298,2868840,428015
2026-03-08 05:00:01.369298,578080,248550
2026-03-08 05:00:01.369298,1808500,160058
2026-03-08 05:00:01.369298,3764200,121383
2026-03-08 05:00:01.369298,3419430,120257
2026-03-08 05:00:01.369298,2676230,110737
2026-03-08 05:00:01.369298,1172470,106758
2026-03-08 05:00:01.369298,359550,105058
2026-03-08 05:00:01.369298,252490,103355
2026-03-08 05:00:01.369298,1422450,94645
2026-03-08 05:00:01.369298,431960,90213
2026-03-08 05:00:01.369298,2357570,88822
2026-03-08 05:00:01.369298,2507950,87477
2026-03-08 05:00:01.369298,2767030,86954
2026-03-08 05:00:01.369298,238960,82474
2026-03-08 05:00:01.369298,413150,74624
2026-03-08 05:00:01.369298,438100,71121
2026-03-08 05:00:01.369298,3065800,69501
2026-03-08 05:00:01.369298,322170,59505
2026-03-08 05:00:01.369298,553850,59240
2026-03-08 05:00:01.369298,105600,58406
2026-03-08 05:00:01.369298,230410,58227
2026-03-08 05:00:01.369298,1973530,58184
2026-03-08 05:00:01.369298,1086940,55669
2026-03-08 05:00:01.369298,236390,54993
2026-03-08 05:00:01.369298,440,49623
2026-03-08 05:00:01.369298,3240220,49142
2026-03-08 05:00:01.369298,271590,48709
2026-03-08 05:00:01.369298,2807960,44891
2026-03-08 05:00:01.369298,2246340,43356
2026-03-08 05:00:01.369298,1281930,42629
2026-03-08 05:00:01.369298,381210,42397
2026-03-08 05:00:01.369298,686060,39677
2026-03-08 05:00:01.369298,1938090,38016
2026-03-08 05:00:01.369298,1366800,36653
2026-03-08 05:00:01.369298,1623730,35744
2026-03-08 05:00:01.369298,4025700,35500
2026-03-08 05:00:01.369298,3405690,34571
2026-03-08 05:00:01.369298,289070,33778
2026-03-08 05:00:01.369298,2399830,33776
2026-03-08 05:00:01.369298,3564740,33612
2026-03-08 05:00:01.369298,3241660,32647
2026-03-08 05:00:01.369298,394360,32574
2026-03-08 05:00:01.369298,1203220,32144
2026-03-08 05:00:01.369298,550,31249
2026-03-08 05:00:01.369298,294100,30789
2026-03-08 05:00:01.369298,221100,30303
2026-03-08 05:00:01.369298,1245620,29414
2026-03-08 05:00:01.369298,646570,28593
2026-03-08 05:00:01.369298,1174180,27754
2026-03-08 05:00:01.369298,218620,27728
2026-03-08 05:00:01.369298,108600,27163
2026-03-08 05:00:01.369298,1091500,26681
2026-03-08 05:00:01.369298,1222670,26640
2026-03-08 05:00:01.369298,2622380,26297
2026-03-08 05:00:01.369298,3472040,24717
2026-03-08 05:00:01.369298,251570,24540
2026-03-08 05:00:01.369298,2050650,24060
2026-03-08 05:00:01.369298,489830,23815
2026-03-08 05:00:01.369298,322330,23216
2026-03-08 05:00:01.369298,3527290,22378
2026-03-08 05:00:01.369298,346110,21591
2026-03-08 05:00:01.369298,261550,21582
2026-03-08 05:00:01.369298,892970,21577
2026-03-08 05:00:01.369298,582660,21443
2026-03-08 05:00:01.369298,252950,21131
2026-03-08 05:00:01.369298,2183900,21125
2026-03-08 05:00:01.369298,377160,21054
2026-03-08 05:00:01.369298,255710,20746
2026-03-08 05:00:01.369298,1142710,20475
2026-03-08 05:00:01.369298,4000,20406
2026-03-08 05:00:01.369298,240,19434
2026-03-08 05:00:01.369298,1364780,19252
2026-03-08 05:00:01.369298,4465480,19093
2026-03-08 05:00:01.369298,739630,19072
2026-03-08 05:00:01.369298,1158310,18511
2026-03-08 05:00:01.369298,1771300,18410
2026-03-08 05:00:01.369298,1449850,18176
2026-03-08 05:00:01.369298,2221490,17975
2026-03-08 05:00:01.369298,2073620,17886
2026-03-08 05:00:01.369298,813780,17822
2026-03-08 05:00:01.369298,526870,17749
2026-03-08 05:00:01.369298,3551340,17706
2026-03-08 05:00:01.369298,39210,17513
2026-03-08 05:00:01.369298,284160,17214
2026-03-08 05:00:01.369298,250900,16798
2026-03-08 05:00:01.369298,227300,16486
2026-03-08 05:00:01.369298,3164500,16474
2026-03-08 05:00:01.369298,1151340,16217
2026-03-08 05:00:01.369298,2358720,16057
2026-03-08 05:00:01.369298,4205000,15713
2026-03-08 05:00:01.369298,427520,15513
2026-03-08 05:00:01.369298,1905180,15297
2026-03-08 05:00:01.369298,4069520,14557
2026-03-08 05:00:01.369298,1621690,14151
2026-03-08 05:00:01.369298,2923300,14076
2026-03-08 05:00:01.369298,2300320,13851
2026-03-08 05:00:01.369298,2744880,13647
2026-03-08 05:53:10.292973,730,918283
2026-03-08 05:53:10.292973,570,536695
2026-03-08 05:53:10.292973,2868840,451546
2026-03-08 05:53:10.292973,578080,327446
2026-03-08 05:53:10.292973,1808500,150602
2026-03-08 05:53:10.292973,1172470,129039
2026-03-08 05:53:10.292973,3419430,125251
2026-03-08 05:53:10.292973,3764200,119359
2026-03-08 05:53:10.292973,252490,105819
2026-03-08 05:53:10.292973,2507950,102899
2026-03-08 05:53:10.292973,2676230,100888
2026-03-08 05:53:10.292973,359550,100116
2026-03-08 05:53:10.292973,431960,96163
2026-03-08 05:53:10.292973,1422450,91227
2026-03-08 05:53:10.292973,2357570,85521
2026-03-08 05:53:10.292973,238960,81918
2026-03-08 05:53:10.292973,2767030,81401
2026-03-08 05:53:10.292973,413150,76182
2026-03-08 05:53:10.292973,438100,71304
2026-03-08 05:53:10.292973,3065800,66856
2026-03-08 05:53:10.292973,105600,59871
2026-03-08 05:53:10.292973,230410,58296
2026-03-08 05:53:10.292973,1973530,57551
2026-03-08 05:53:10.292973,236390,57525
2026-03-08 05:53:10.292973,553850,56276
2026-03-08 05:53:10.292973,322170,54070
2026-03-08 05:53:10.292973,271590,53305
2026-03-08 05:53:10.292973,1086940,52391
2026-03-08 05:53:10.292973,3240220,52126
2026-03-08 05:53:10.292973,440,49596
2026-03-08 05:53:10.292973,2246340,45730
2026-03-08 05:53:10.292973,1281930,45474
2026-03-08 05:53:10.292973,2807960,42670
2026-03-08 05:53:10.292973,381210,41850
2026-03-08 05:53:10.292973,1203220,40790
2026-03-08 05:53:10.292973,686060,38034
2026-03-08 05:53:10.292973,1623730,37135
2026-03-08 05:53:10.292973,1366800,35331
2026-03-08 05:53:10.292973,1938090,35308
2026-03-08 05:53:10.292973,289070,34638
2026-03-08 05:53:10.292973,3564740,34499
2026-03-08 05:53:10.292973,4025700,34285
2026-03-08 05:53:10.292973,2399830,33403
2026-03-08 05:53:10.292973,3405690,33063
2026-03-08 05:53:10.292973,394360,32997
2026-03-08 05:53:10.292973,3241660,32964
2026-03-08 05:53:10.292973,294100,31091
2026-03-08 05:53:10.292973,2622380,30464
2026-03-08 05:53:10.292973,221100,30201
2026-03-08 05:53:10.292973,646570,29798
2026-03-08 05:53:10.292973,1245620,29403
2026-03-08 05:53:10.292973,1174180,28433
2026-03-08 05:53:10.292973,550,27862
2026-03-08 05:53:10.292973,322330,27629
2026-03-08 05:53:10.292973,218620,27523
2026-03-08 05:53:10.292973,1091500,27506
2026-03-08 05:53:10.292973,108600,26532
2026-03-08 05:53:10.292973,3472040,25254
2026-03-08 05:53:10.292973,1222670,25057
2026-03-08 05:53:10.292973,251570,24568
2026-03-08 05:53:10.292973,2050650,24546
2026-03-08 05:53:10.292973,3527290,22968
2026-03-08 05:53:10.292973,489830,22864
2026-03-08 05:53:10.292973,346110,22740
2026-03-08 05:53:10.292973,261550,22297
2026-03-08 05:53:10.292973,255710,22033
2026-03-08 05:53:10.292973,2183900,21277
2026-03-08 05:53:10.292973,582660,21218
2026-03-08 05:53:10.292973,1364780,21049
2026-03-08 05:53:10.292973,4465480,21038
2026-03-08 05:53:10.292973,1142710,20293
2026-03-08 05:53:10.292973,377160,20101
2026-03-08 05:53:10.292973,4000,20064
2026-03-08 05:53:10.292973,892970,19987
2026-03-08 05:53:10.292973,252950,19896
2026-03-08 05:53:10.292973,240,19569
2026-03-08 05:53:10.292973,1771300,18833
2026-03-08 05:53:10.292973,1449850,18197
2026-03-08 05:53:10.292973,227300,18114
2026-03-08 05:53:10.292973,2358720,18059
2026-03-08 05:53:10.292973,1158310,18010
2026-03-08 05:53:10.292973,2073620,17812
2026-03-08 05:53:10.292973,3551340,17792
2026-03-08 05:53:10.292973,4205000,17456
2026-03-08 05:53:10.292973,2221490,17382
2026-03-08 05:53:10.292973,739630,17211
2026-03-08 05:53:10.292973,526870,17120
2026-03-08 05:53:10.292973,2744880,17059
2026-03-08 05:53:10.292973,813780,16978
2026-03-08 05:53:10.292973,284160,16452
2026-03-08 05:53:10.292973,250900,16436
2026-03-08 05:53:10.292973,1905180,15970
2026-03-08 05:53:10.292973,39210,15864
2026-03-08 05:53:10.292973,3164500,15284
2026-03-08 05:53:10.292973,1151340,15114
2026-03-08 05:53:10.292973,427520,14901
2026-03-08 05:53:10.292973,1621690,14809
2026-03-08 05:53:10.292973,594650,14479
2026-03-08 05:53:10.292973,582010,14241
2026-03-08 05:53:10.292973,2300320,13668
2026-03-08 06:30:07.037411,730,984473
2026-03-08 06:30:07.037411,570,489031
2026-03-08 06:30:07.037411,2868840,459726
2026-03-08 06:30:07.037411,578080,390036
2026-03-08 06:30:07.037411,1172470,144545
2026-03-08 06:30:07.037411,1808500,142967
2026-03-08 06:30:07.037411,3419430,128929
2026-03-08 06:30:07.037411,3764200,117925
2026-03-08 06:30:07.037411,2507950,113593
2026-03-08 06:30:07.037411,252490,109847
2026-03-08 06:30:07.037411,431960,99869
2026-03-08 06:30:07.037411,359550,95196
2026-03-08 06:30:07.037411,2676230,95069
2026-03-08 06:30:07.037411,1422450,87050
2026-03-08 06:30:07.037411,238960,83000
2026-03-08 06:30:07.037411,2357570,82358
2026-03-08 06:30:07.037411,413150,76993
2026-03-08 06:30:07.037411,2767030,75557
2026-03-08 06:30:07.037411,438100,70640
2026-03-08 06:30:07.037411,3065800,63618
2026-03-08 06:30:07.037411,105600,60439
2026-03-08 06:30:07.037411,236390,59237
2026-03-08 06:30:07.037411,271590,58074
2026-03-08 06:30:07.037411,230410,57543
2026-03-08 06:30:07.037411,1973530,56218
2026-03-08 06:30:07.037411,3240220,55138
2026-03-08 06:30:07.037411,553850,53853
2026-03-08 06:30:07.037411,322170,51055
2026-03-08 06:30:07.037411,1086940,49849
2026-03-08 06:30:07.037411,440,48570
2026-03-08 06:30:07.037411,2246340,46912
2026-03-08 06:30:07.037411,1281930,46413
2026-03-08 06:30:07.037411,1203220,46061
2026-03-08 06:30:07.037411,2807960,41001
2026-03-08 06:30:07.037411,381210,40963
2026-03-08 06:30:07.037411,1623730,38099
2026-03-08 06:30:07.037411,686060,36802
2026-03-08 06:30:07.037411,289070,35305
2026-03-08 06:30:07.037411,3564740,35115
2026-03-08 06:30:07.037411,1366800,34825
2026-03-08 06:30:07.037411,4025700,33936
2026-03-08 06:30:07.037411,394360,33722
2026-03-08 06:30:07.037411,2622380,33273
2026-03-08 06:30:07.037411,2399830,33254
2026-03-08 06:30:07.037411,3241660,33146
2026-03-08 06:30:07.037411,1938090,33120
2026-03-08 06:30:07.037411,3405690,32455
2026-03-08 06:30:07.037411,294100,31185
2026-03-08 06:30:07.037411,221100,30567
2026-03-08 06:30:07.037411,322330,30312
2026-03-08 06:30:07.037411,646570,29943
2026-03-08 06:30:07.037411,1245620,29433
2026-03-08 06:30:07.037411,1174180,29066
2026-03-08 06:30:07.037411,1091500,27929
2026-03-08 06:30:07.037411,218620,27179
2026-03-08 06:30:07.037411,108600,26257
2026-03-08 06:30:07.037411,550,26114
2026-03-08 06:30:07.037411,3472040,25384
2026-03-08 06:30:07.037411,251570,24564
2026-03-08 06:30:07.037411,2050650,24555
2026-03-08 06:30:07.037411,1222670,24173
2026-03-08 06:30:07.037411,4465480,23433
2026-03-08 06:30:07.037411,3527290,23375
2026-03-08 06:30:07.037411,346110,23237
2026-03-08 06:30:07.037411,255710,22758
2026-03-08 06:30:07.037411,261550,22687
2026-03-08 06:30:07.037411,1364780,22237
2026-03-08 06:30:07.037411,489830,22181
2026-03-08 06:30:07.037411,2183900,21308
2026-03-08 06:30:07.037411,582660,21107
2026-03-08 06:30:07.037411,1142710,20318
2026-03-08 06:30:07.037411,227300,20193
2026-03-08 06:30:07.037411,4000,20048
2026-03-08 06:30:07.037411,1771300,19465
2026-03-08 06:30:07.037411,377160,19448
2026-03-08 06:30:07.037411,2358720,19323
2026-03-08 06:30:07.037411,892970,19196
2026-03-08 06:30:07.037411,2744880,18919
2026-03-08 06:30:07.037411,3551340,18557
2026-03-08 06:30:07.037411,4205000,18376
2026-03-08 06:30:07.037411,252950,18227
2026-03-08 06:30:07.037411,240,18122
2026-03-08 06:30:07.037411,1158310,17991
2026-03-08 06:30:07.037411,1449850,17958
2026-03-08 06:30:07.037411,2073620,17840
2026-03-08 06:30:07.037411,813780,16783
2026-03-08 06:30:07.037411,1905180,16729
2026-03-08 06:30:07.037411,2221490,16693
2026-03-08 06:30:07.037411,526870,16660
2026-03-08 06:30:07.037411,284160,16295
2026-03-08 06:30:07.037411,250900,16236
2026-03-08 06:30:07.037411,739630,16093
2026-03-08 06:30:07.037411,594650,16014
2026-03-08 06:30:07.037411,1621690,15284
2026-03-08 06:30:07.037411,2923300,15104
2026-03-08 06:30:07.037411,582010,14987
2026-03-08 06:30:07.037411,427520,14880
2026-03-08 06:30:07.037411,39210,14771
2026-03-08 06:30:07.037411,2300320,14498
2026-03-08 06:30:07.037411,1151340,14359
2026-03-08 07:09:26.559818,730,1030737
2026-03-08 07:09:26.559818,570,536635
2026-03-08 07:09:26.559818,2868840,462082
2026-03-08 07:09:26.559818,578080,433897
2026-03-08 07:09:26.559818,1172470,153546
2026-03-08 07:09:26.559818,1808500,132914
2026-03-08 07:09:26.559818,3419430,132170
2026-03-08 07:09:26.559818,2507950,120875
2026-03-08 07:09:26.559818,3764200,115889
2026-03-08 07:09:26.559818,252490,113622
2026-03-08 07:09:26.559818,431960,102393
2026-03-08 07:09:26.559818,2676230,90318
2026-03-08 07:09:26.559818,359550,87985
2026-03-08 07:09:26.559818,238960,84848
2026-03-08 07:09:26.559818,1422450,80886
2026-03-08 07:09:26.559818,2357570,78018
2026-03-08 07:09:26.559818,413150,77164
2026-03-08 07:09:26.559818,438100,69343
2026-03-08 07:09:26.559818,2767030,69204
2026-03-08 07:09:26.559818,271590,63334
2026-03-08 07:09:26.559818,236390,61135
2026-03-08 07:09:26.559818,105600,60554
2026-03-08 07:09:26.559818,3065800,59042
2026-03-08 07:09:26.559818,3240220,57032
2026-03-08 07:09:26.559818,230410,56765
2026-03-08 07:09:26.559818,1973530,54745
2026-03-08 07:09:26.559818,553850,51071
2026-03-08 07:09:26.559818,1203220,49381
2026-03-08 07:09:26.559818,322170,49364
2026-03-08 07:09:26.559818,440,49036
2026-03-08 07:09:26.559818,2246340,47870
2026-03-08 07:09:26.559818,1086940,47713
2026-03-08 07:09:26.559818,1281930,47306
2026-03-08 07:09:26.559818,381210,39863
2026-03-08 07:09:26.559818,2807960,39285
2026-03-08 07:09:26.559818,1623730,38762
2026-03-08 07:09:26.559818,289070,36034
2026-03-08 07:09:26.559818,3564740,35570
2026-03-08 07:09:26.559818,686060,35481
2026-03-08 07:09:26.559818,2622380,34742
2026-03-08 07:09:26.559818,394360,34522
2026-03-08 07:09:26.559818,1366800,34380
2026-03-08 07:09:26.559818,4025700,33547
2026-03-08 07:09:26.559818,2399830,33236
2026-03-08 07:09:26.559818,3241660,32690
2026-03-08 07:09:26.559818,322330,32153
2026-03-08 07:09:26.559818,3405690,31985
2026-03-08 07:09:26.559818,294100,31393
2026-03-08 07:09:26.559818,221100,31065
2026-03-08 07:09:26.559818,1938090,30999
2026-03-08 07:09:26.559818,646570,30201
2026-03-08 07:09:26.559818,1174180,29700
2026-03-08 07:09:26.559818,1245620,29153
2026-03-08 07:09:26.559818,1091500,28312
2026-03-08 07:09:26.559818,218620,27021
2026-03-08 07:09:26.559818,108600,25881
2026-03-08 07:09:26.559818,4465480,25452
2026-03-08 07:09:26.559818,3472040,25382
2026-03-08 07:09:26.559818,2050650,24727
2026-03-08 07:09:26.559818,251570,24688
2026-03-08 07:09:26.559818,550,23978
2026-03-08 07:09:26.559818,346110,23727
2026-03-08 07:09:26.559818,3527290,23601
2026-03-08 07:09:26.559818,1222670,23558
2026-03-08 07:09:26.559818,261550,23213
2026-03-08 07:09:26.559818,255710,23114
2026-03-08 07:09:26.559818,1364780,22942
2026-03-08 07:09:26.559818,227300,22429
2026-03-08 07:09:26.559818,489830,21529
2026-03-08 07:09:26.559818,582660,21217
2026-03-08 07:09:26.559818,2183900,20753
2026-03-08 07:09:26.559818,1142710,20477
2026-03-08 07:09:26.559818,2358720,20239
2026-03-08 07:09:26.559818,1771300,20186
2026-03-08 07:09:26.559818,4000,20015
2026-03-08 07:09:26.559818,2744880,19909
2026-03-08 07:09:26.559818,3551340,19864
2026-03-08 07:09:26.559818,4205000,19169
2026-03-08 07:09:26.559818,377160,18826
2026-03-08 07:09:26.559818,892970,18591
2026-03-08 07:09:26.559818,1158310,17877
2026-03-08 07:09:26.559818,2073620,17836
2026-03-08 07:09:26.559818,1449850,17630
2026-03-08 07:09:26.559818,1905180,17547
2026-03-08 07:09:26.559818,594650,16957
2026-03-08 07:09:26.559818,813780,16690
2026-03-08 07:09:26.559818,526870,16615
2026-03-08 07:09:26.559818,284160,16379
2026-03-08 07:09:26.559818,2221490,16207
2026-03-08 07:09:26.559818,250900,16082
2026-03-08 07:09:26.559818,2300320,15825
2026-03-08 07:09:26.559818,252950,15824
2026-03-08 07:09:26.559818,240,15597
2026-03-08 07:09:26.559818,1621690,15516
2026-03-08 07:09:26.559818,1426210,15456
2026-03-08 07:09:26.559818,582010,15273
2026-03-08 07:09:26.559818,427520,15031
2026-03-08 07:09:26.559818,2923300,14913
2026-03-08 07:09:26.559818,1049590,14655
2026-03-08 07:09:26.559818,3681010,14614
2026-03-08 07:45:08.031042,730,1073431
2026-03-08 07:45:08.031042,570,577792
2026-03-08 07:45:08.031042,578080,464848
2026-03-08 07:45:08.031042,2868840,461134
2026-03-08 07:45:08.031042,1172470,157772
2026-03-08 07:45:08.031042,3419430,135558
2026-03-08 07:45:08.031042,2507950,126245
2026-03-08 07:45:08.031042,252490,118419
2026-03-08 07:45:08.031042,1808500,116936
2026-03-08 07:45:08.031042,3764200,112415
2026-03-08 07:45:08.031042,431960,104486
2026-03-08 07:45:08.031042,238960,88116
2026-03-08 07:45:08.031042,2676230,84784
2026-03-08 07:45:08.031042,359550,77089
2026-03-08 07:45:08.031042,413150,77025
2026-03-08 07:45:08.031042,1422450,71574
2026-03-08 07:45:08.031042,2357570,71397
2026-03-08 07:45:08.031042,271590,68410
2026-03-08 07:45:08.031042,438100,66324
2026-03-08 07:45:08.031042,236390,63506
2026-03-08 07:45:08.031042,2767030,60202
2026-03-08 07:45:08.031042,105600,60102
2026-03-08 07:45:08.031042,3240220,58430
2026-03-08 07:45:08.031042,230410,55684
2026-03-08 07:45:08.031042,1973530,53091
2026-03-08 07:45:08.031042,3065800,52261
2026-03-08 07:45:08.031042,1203220,51991
2026-03-08 07:45:08.031042,322170,48753
2026-03-08 07:45:08.031042,2246340,47977
2026-03-08 07:45:08.031042,440,47714
2026-03-08 07:45:08.031042,553850,47570
2026-03-08 07:45:08.031042,1281930,47568
2026-03-08 07:45:08.031042,1086940,45081
2026-03-08 07:45:08.031042,1623730,39228
2026-03-08 07:45:08.031042,381210,38583
2026-03-08 07:45:08.031042,2807960,36788
2026-03-08 07:45:08.031042,289070,36662
2026-03-08 07:45:08.031042,3564740,36204
2026-03-08 07:45:08.031042,394360,35524
2026-03-08 07:45:08.031042,2622380,35230
2026-03-08 07:45:08.031042,686060,33982
2026-03-08 07:45:08.031042,1366800,33894
2026-03-08 07:45:08.031042,322330,33810
2026-03-08 07:45:08.031042,4025700,33029
2026-03-08 07:45:08.031042,2399830,32964
2026-03-08 07:45:08.031042,221100,31844
2026-03-08 07:45:08.031042,3405690,31757
2026-03-08 07:45:08.031042,294100,31737
2026-03-08 07:45:08.031042,3241660,31465
2026-03-08 07:45:08.031042,646570,30529
2026-03-08 07:45:08.031042,1174180,30121
2026-03-08 07:45:08.031042,1245620,28766
2026-03-08 07:45:08.031042,1091500,28454
2026-03-08 07:45:08.031042,1938090,28420
2026-03-08 07:45:08.031042,4465480,28113
2026-03-08 07:45:08.031042,218620,27117
2026-03-08 07:45:08.031042,108600,25464
2026-03-08 07:45:08.031042,227300,25025
2026-03-08 07:45:08.031042,251570,24848
2026-03-08 07:45:08.031042,3472040,24592
2026-03-08 07:45:08.031042,2050650,24577
2026-03-08 07:45:08.031042,346110,24021
2026-03-08 07:45:08.031042,255710,23792
2026-03-08 07:45:08.031042,1364780,23659
2026-03-08 07:45:08.031042,261550,23635
2026-03-08 07:45:08.031042,3527290,23278
2026-03-08 07:45:08.031042,1222670,23243
2026-03-08 07:45:08.031042,550,21560
2026-03-08 07:45:08.031042,582660,21377
2026-03-08 07:45:08.031042,3551340,21335
2026-03-08 07:45:08.031042,489830,20970
2026-03-08 07:45:08.031042,1771300,20875
2026-03-08 07:45:08.031042,2744880,20871
2026-03-08 07:45:08.031042,2358720,20859
2026-03-08 07:45:08.031042,1142710,20645
2026-03-08 07:45:08.031042,4000,20236
2026-03-08 07:45:08.031042,2183900,20215
2026-03-08 07:45:08.031042,4205000,19459
2026-03-08 07:45:08.031042,1905180,18271
2026-03-08 07:45:08.031042,892970,18087
2026-03-08 07:45:08.031042,377160,18046
2026-03-08 07:45:08.031042,2300320,17935
2026-03-08 07:45:08.031042,1158310,17817
2026-03-08 07:45:08.031042,2073620,17809
2026-03-08 07:45:08.031042,594650,17643
2026-03-08 07:45:08.031042,1449850,17472
2026-03-08 07:45:08.031042,284160,16965
2026-03-08 07:45:08.031042,1426210,16949
2026-03-08 07:45:08.031042,240,16848
2026-03-08 07:45:08.031042,526870,16820
2026-03-08 07:45:08.031042,813780,16524
2026-03-08 07:45:08.031042,2923300,16391
2026-03-08 07:45:08.031042,250900,15908
2026-03-08 07:45:08.031042,1621690,15702
2026-03-08 07:45:08.031042,582010,15602
2026-03-08 07:45:08.031042,1049590,15385
2026-03-08 07:45:08.031042,2221490,15379
2026-03-08 07:45:08.031042,427520,15315
2026-03-08 07:45:08.031042,3681010,15169
2026-03-08 07:45:08.031042,766570,15074
2026-03-08 07:58:58.476298,730,1090659
2026-03-08 07:58:58.476298,570,597298
2026-03-08 07:58:58.476298,578080,472949
2026-03-08 07:58:58.476298,2868840,461389
2026-03-08 07:58:58.476298,1172470,158794
2026-03-08 07:58:58.476298,3419430,137092
2026-03-08 07:58:58.476298,2507950,128040
2026-03-08 07:58:58.476298,252490,120747
2026-03-08 07:58:58.476298,1808500,114093
2026-03-08 07:58:58.476298,3764200,112101
2026-03-08 07:58:58.476298,431960,105246
2026-03-08 07:58:58.476298,238960,90120
2026-03-08 07:58:58.476298,2676230,83563
2026-03-08 07:58:58.476298,413150,77009
2026-03-08 07:58:58.476298,359550,74591
2026-03-08 07:58:58.476298,271590,70633
2026-03-08 07:58:58.476298,2357570,70044
2026-03-08 07:58:58.476298,1422450,69655
2026-03-08 07:58:58.476298,438100,65384
2026-03-08 07:58:58.476298,236390,64561
2026-03-08 07:58:58.476298,105600,60163
2026-03-08 07:58:58.476298,3240220,59152
2026-03-08 07:58:58.476298,2767030,58289
2026-03-08 07:58:58.476298,230410,55528
2026-03-08 07:58:58.476298,1973530,52795
2026-03-08 07:58:58.476298,1203220,52674
2026-03-08 07:58:58.476298,3065800,50718
2026-03-08 07:58:58.476298,322170,49295
2026-03-08 07:58:58.476298,440,49012
2026-03-08 07:58:58.476298,2246340,47828
2026-03-08 07:58:58.476298,1281930,47759
2026-03-08 07:58:58.476298,553850,46746
2026-03-08 07:58:58.476298,1086940,44616
2026-03-08 07:58:58.476298,1623730,39449
2026-03-08 07:58:58.476298,381210,38544
2026-03-08 07:58:58.476298,289070,36959
2026-03-08 07:58:58.476298,2807960,36590
2026-03-08 07:58:58.476298,3564740,36343
2026-03-08 07:58:58.476298,394360,36231
2026-03-08 07:58:58.476298,2622380,35235
2026-03-08 07:58:58.476298,322330,34372
2026-03-08 07:58:58.476298,1366800,34005
2026-03-08 07:58:58.476298,686060,33940
2026-03-08 07:58:58.476298,4025700,33008
2026-03-08 07:58:58.476298,2399830,32929
2026-03-08 07:58:58.476298,3405690,32223
2026-03-08 07:58:58.476298,221100,32184
2026-03-08 07:58:58.476298,294100,32043
2026-03-08 07:58:58.476298,3241660,31407
2026-03-08 07:58:58.476298,646570,30673
2026-03-08 07:58:58.476298,1174180,30336
2026-03-08 07:58:58.476298,4465480,29659
2026-03-08 07:58:58.476298,1245620,28727
2026-03-08 07:58:58.476298,1091500,28635
2026-03-08 07:58:58.476298,1938090,27729
2026-03-08 07:58:58.476298,218620,27692
2026-03-08 07:58:58.476298,227300,26311
2026-03-08 07:58:58.476298,108600,25392
2026-03-08 07:58:58.476298,251570,24850
2026-03-08 07:58:58.476298,2050650,24637
2026-03-08 07:58:58.476298,3472040,24402
2026-03-08 07:58:58.476298,255710,24187
2026-03-08 07:58:58.476298,346110,24177
2026-03-08 07:58:58.476298,261550,24027
2026-03-08 07:58:58.476298,1364780,23945
2026-03-08 07:58:58.476298,1222670,23268
2026-03-08 07:58:58.476298,3527290,23185
2026-03-08 07:58:58.476298,3551340,22115
2026-03-08 07:58:58.476298,582660,21515
2026-03-08 07:58:58.476298,2744880,21301
2026-03-08 07:58:58.476298,1771300,21227
2026-03-08 07:58:58.476298,2358720,21155
2026-03-08 07:58:58.476298,550,21102
2026-03-08 07:58:58.476298,1142710,20964
2026-03-08 07:58:58.476298,489830,20958
2026-03-08 07:58:58.476298,4000,20336
2026-03-08 07:58:58.476298,2183900,20172
2026-03-08 07:58:58.476298,4205000,19696
2026-03-08 07:58:58.476298,2300320,18915
2026-03-08 07:58:58.476298,240,18852
2026-03-08 07:58:58.476298,1905180,18524
2026-03-08 07:58:58.476298,892970,18100
2026-03-08 07:58:58.476298,377160,17948
2026-03-08 07:58:58.476298,1158310,17904
2026-03-08 07:58:58.476298,2073620,17810
2026-03-08 07:58:58.476298,594650,17804
2026-03-08 07:58:58.476298,1449850,17533
2026-03-08 07:58:58.476298,1426210,17468
2026-03-08 07:58:58.476298,284160,17255
2026-03-08 07:58:58.476298,526870,16913
2026-03-08 07:58:58.476298,813780,16598
2026-03-08 07:58:58.476298,250900,15852
2026-03-08 07:58:58.476298,1621690,15697
2026-03-08 07:58:58.476298,582010,15617
2026-03-08 07:58:58.476298,766570,15559
2026-03-08 07:58:58.476298,427520,15554
2026-03-08 07:58:58.476298,1049590,15431
2026-03-08 07:58:58.476298,3681010,15337
2026-03-08 07:58:58.476298,2221490,15257
2026-03-08 07:58:58.476298,2923300,14965
2026-03-08 08:44:43.038822,730,1133605
2026-03-08 08:44:43.038822,570,619775
2026-03-08 08:44:43.038822,578080,480097
2026-03-08 08:44:43.038822,2868840,457773
2026-03-08 08:44:43.038822,1172470,156253
2026-03-08 08:44:43.038822,3419430,142113
2026-03-08 08:44:43.038822,2507950,129643
2026-03-08 08:44:43.038822,252490,128403
2026-03-08 08:44:43.038822,3764200,109753
2026-03-08 08:44:43.038822,431960,106928
2026-03-08 08:44:43.038822,1808500,102377
2026-03-08 08:44:43.038822,238960,96310
2026-03-08 08:44:43.038822,2676230,80400
2026-03-08 08:44:43.038822,271590,77779
2026-03-08 08:44:43.038822,413150,76412
2026-03-08 08:44:43.038822,236390,68919
2026-03-08 08:44:43.038822,359550,64496
2026-03-08 08:44:43.038822,2357570,63252
2026-03-08 08:44:43.038822,1422450,61068
2026-03-08 08:44:43.038822,438100,60373
2026-03-08 08:44:43.038822,3240220,59991
2026-03-08 08:44:43.038822,105600,59913
2026-03-08 08:44:43.038822,230410,55194
2026-03-08 08:44:43.038822,1203220,53137
2026-03-08 08:44:43.038822,322170,52135
2026-03-08 08:44:43.038822,1973530,51554
2026-03-08 08:44:43.038822,2767030,49559
2026-03-08 08:44:43.038822,1281930,47810
2026-03-08 08:44:43.038822,440,47113
2026-03-08 08:44:43.038822,2246340,46632
2026-03-08 08:44:43.038822,3065800,44157
2026-03-08 08:44:43.038822,553850,43133
2026-03-08 08:44:43.038822,1086940,43005
2026-03-08 08:44:43.038822,1623730,39816
2026-03-08 08:44:43.038822,394360,38456
2026-03-08 08:44:43.038822,289070,37715
2026-03-08 08:44:43.038822,381210,37583
2026-03-08 08:44:43.038822,3564740,36658
2026-03-08 08:44:43.038822,2807960,35420
2026-03-08 08:44:43.038822,322330,35304
2026-03-08 08:44:43.038822,2622380,34627
2026-03-08 08:44:43.038822,3405690,34309
2026-03-08 08:44:43.038822,1366800,34233
2026-03-08 08:44:43.038822,221100,34119
2026-03-08 08:44:43.038822,686060,34103
2026-03-08 08:44:43.038822,4465480,33885
2026-03-08 08:44:43.038822,2399830,33403
2026-03-08 08:44:43.038822,4025700,33109
2026-03-08 08:44:43.038822,294100,32736
2026-03-08 08:44:43.038822,646570,31262
2026-03-08 08:44:43.038822,1174180,31030
2026-03-08 08:44:43.038822,227300,30046
2026-03-08 08:44:43.038822,3241660,29798
2026-03-08 08:44:43.038822,1091500,29011
2026-03-08 08:44:43.038822,218620,28806
2026-03-08 08:44:43.038822,1245620,28342
2026-03-08 08:44:43.038822,1938090,25924
2026-03-08 08:44:43.038822,108600,25316
2026-03-08 08:44:43.038822,255710,25090
2026-03-08 08:44:43.038822,2050650,25025
2026-03-08 08:44:43.038822,3551340,24999
2026-03-08 08:44:43.038822,261550,24933
2026-03-08 08:44:43.038822,251570,24854
2026-03-08 08:44:43.038822,346110,24633
2026-03-08 08:44:43.038822,1364780,24283
2026-03-08 08:44:43.038822,3472040,24252
2026-03-08 08:44:43.038822,1222670,23508
2026-03-08 08:44:43.038822,2744880,22762
2026-03-08 08:44:43.038822,1771300,22508
2026-03-08 08:44:43.038822,2300320,22217
2026-03-08 08:44:43.038822,582660,21995
2026-03-08 08:44:43.038822,3527290,21938
2026-03-08 08:44:43.038822,1142710,21793
2026-03-08 08:44:43.038822,2358720,21765
2026-03-08 08:44:43.038822,489830,21016
2026-03-08 08:44:43.038822,4000,20859
2026-03-08 08:44:43.038822,4205000,20275
2026-03-08 08:44:43.038822,2183900,20060
2026-03-08 08:44:43.038822,240,19555
2026-03-08 08:44:43.038822,1905180,19408
2026-03-08 08:44:43.038822,550,18967
2026-03-08 08:44:43.038822,2923300,18514
2026-03-08 08:44:43.038822,284160,18507
2026-03-08 08:44:43.038822,594650,18467
2026-03-08 08:44:43.038822,1158310,18407
2026-03-08 08:44:43.038822,2073620,18256
2026-03-08 08:44:43.038822,892970,18223
2026-03-08 08:44:43.038822,1426210,18107
2026-03-08 08:44:43.038822,377160,18069
2026-03-08 08:44:43.038822,526870,17682
2026-03-08 08:44:43.038822,1818450,17605
2026-03-08 08:44:43.038822,1449850,17248
2026-03-08 08:44:43.038822,813780,17187
2026-03-08 08:44:43.038822,766570,16655
2026-03-08 08:44:43.038822,250900,16357
2026-03-08 08:44:43.038822,427520,16145
2026-03-08 08:44:43.038822,1621690,15821
2026-03-08 08:44:43.038822,582010,15558
2026-03-08 08:44:43.038822,1049590,15557
2026-03-08 08:44:43.038822,3681010,15398
2026-03-08 09:02:31.003275,730,1146736
2026-03-08 09:02:31.003275,570,628223
2026-03-08 09:02:31.003275,578080,473049
2026-03-08 09:02:31.003275,2868840,453718
2026-03-08 09:02:31.003275,1172470,151655
2026-03-08 09:02:31.003275,3419430,144006
2026-03-08 09:02:31.003275,252490,130100
2026-03-08 09:02:31.003275,2507950,129051
2026-03-08 09:02:31.003275,3764200,108942
2026-03-08 09:02:31.003275,431960,108101
2026-03-08 09:02:31.003275,1808500,99327
2026-03-08 09:02:31.003275,238960,99278
2026-03-08 09:02:31.003275,271590,80879
2026-03-08 09:02:31.003275,2676230,79478
2026-03-08 09:02:31.003275,413150,76166
2026-03-08 09:02:31.003275,236390,70850
2026-03-08 09:02:31.003275,359550,60977
2026-03-08 09:02:31.003275,2357570,60864
2026-03-08 09:02:31.003275,3240220,60331
2026-03-08 09:02:31.003275,105600,59918
2026-03-08 09:02:31.003275,1422450,57906
2026-03-08 09:02:31.003275,438100,57896
2026-03-08 09:02:31.003275,230410,55232
2026-03-08 09:02:31.003275,322170,53962
2026-03-08 09:02:31.003275,1203220,52591
2026-03-08 09:02:31.003275,1973530,51126
2026-03-08 09:02:31.003275,440,48462
2026-03-08 09:02:31.003275,1281930,47650
2026-03-08 09:02:31.003275,2767030,45925
2026-03-08 09:02:31.003275,2246340,45633
2026-03-08 09:02:31.003275,1086940,42830
2026-03-08 09:02:31.003275,553850,41961
2026-03-08 09:02:31.003275,3065800,41362
2026-03-08 09:02:31.003275,1623730,40004
2026-03-08 09:02:31.003275,394360,39594
2026-03-08 09:02:31.003275,289070,37988
2026-03-08 09:02:31.003275,381210,37141
2026-03-08 09:02:31.003275,3564740,36862
2026-03-08 09:02:31.003275,4465480,35463
2026-03-08 09:02:31.003275,3405690,35369
2026-03-08 09:02:31.003275,2807960,35317
2026-03-08 09:02:31.003275,322330,35142
2026-03-08 09:02:31.003275,221100,34880
2026-03-08 09:02:31.003275,1366800,34700
2026-03-08 09:02:31.003275,686060,34378
2026-03-08 09:02:31.003275,2399830,33563
2026-03-08 09:02:31.003275,2622380,33374
2026-03-08 09:02:31.003275,4025700,33203
2026-03-08 09:02:31.003275,294100,33000
2026-03-08 09:02:31.003275,227300,32067
2026-03-08 09:02:31.003275,646570,31719
2026-03-08 09:02:31.003275,1174180,31582
2026-03-08 09:02:31.003275,3241660,29337
2026-03-08 09:02:31.003275,1091500,29196
2026-03-08 09:02:31.003275,218620,28524
2026-03-08 09:02:31.003275,1245620,28397
2026-03-08 09:02:31.003275,3551340,26183
2026-03-08 09:02:31.003275,261550,25607
2026-03-08 09:02:31.003275,255710,25449
2026-03-08 09:02:31.003275,108600,25303
2026-03-08 09:02:31.003275,1938090,25198
2026-03-08 09:02:31.003275,2050650,25152
2026-03-08 09:02:31.003275,251570,24957
2026-03-08 09:02:31.003275,346110,24860
2026-03-08 09:02:31.003275,1364780,24363
2026-03-08 09:02:31.003275,3472040,24218
2026-03-08 09:02:31.003275,1222670,23782
2026-03-08 09:02:31.003275,2300320,23698
2026-03-08 09:02:31.003275,2744880,23269
2026-03-08 09:02:31.003275,1771300,23031
2026-03-08 09:02:31.003275,1142710,22403
2026-03-08 09:02:31.003275,582660,22235
2026-03-08 09:02:31.003275,2358720,21896
2026-03-08 09:02:31.003275,3527290,21266
2026-03-08 09:02:31.003275,4000,21194
2026-03-08 09:02:31.003275,489830,21173
2026-03-08 09:02:31.003275,4205000,20747
2026-03-08 09:02:31.003275,2183900,20097
2026-03-08 09:02:31.003275,1905180,19957
2026-03-08 09:02:31.003275,240,19522
2026-03-08 09:02:31.003275,284160,19132
2026-03-08 09:02:31.003275,1158310,18724
2026-03-08 09:02:31.003275,892970,18486
2026-03-08 09:02:31.003275,2073620,18408
2026-03-08 09:02:31.003275,594650,18334
2026-03-08 09:02:31.003275,526870,18280
2026-03-08 09:02:31.003275,1426210,18118
2026-03-08 09:02:31.003275,377160,18114
2026-03-08 09:02:31.003275,550,18029
2026-03-08 09:02:31.003275,1818450,18008
2026-03-08 09:02:31.003275,813780,17502
2026-03-08 09:02:31.003275,1449850,17076
2026-03-08 09:02:31.003275,766570,16930
2026-03-08 09:02:31.003275,250900,16782
2026-03-08 09:02:31.003275,427520,16549
2026-03-08 09:02:31.003275,2252570,15940
2026-03-08 09:02:31.003275,1621690,15921
2026-03-08 09:02:31.003275,2923300,15738
2026-03-08 09:02:31.003275,582010,15390
2026-03-08 09:02:31.003275,3681010,15277
2026-03-08 09:39:23.998549,730,1157355
2026-03-08 09:39:23.998549,570,641238
2026-03-08 09:39:23.998549,578080,445436
2026-03-08 09:39:23.998549,2868840,438566
2026-03-08 09:39:23.998549,3419430,147625
2026-03-08 09:39:23.998549,1172470,138861
2026-03-08 09:39:23.998549,252490,136369
2026-03-08 09:39:23.998549,2507950,125104
2026-03-08 09:39:23.998549,431960,108630
2026-03-08 09:39:23.998549,3764200,107519
2026-03-08 09:39:23.998549,238960,104402
2026-03-08 09:39:23.998549,1808500,96969
2026-03-08 09:39:23.998549,271590,85484
2026-03-08 09:39:23.998549,2676230,79869
2026-03-08 09:39:23.998549,413150,74141
2026-03-08 09:39:23.998549,236390,73175
2026-03-08 09:39:23.998549,3240220,60747
2026-03-08 09:39:23.998549,105600,58999
2026-03-08 09:39:23.998549,2357570,58099
2026-03-08 09:39:23.998549,359550,57436
2026-03-08 09:39:23.998549,322170,57045
2026-03-08 09:39:23.998549,230410,55345
2026-03-08 09:39:23.998549,1422450,54571
2026-03-08 09:39:23.998549,438100,53884
2026-03-08 09:39:23.998549,1973530,50397
2026-03-08 09:39:23.998549,440,50065
2026-03-08 09:39:23.998549,1203220,50019
2026-03-08 09:39:23.998549,1281930,46808
2026-03-08 09:39:23.998549,2246340,43469
2026-03-08 09:39:23.998549,1086940,42771
2026-03-08 09:39:23.998549,2767030,42245
2026-03-08 09:39:23.998549,394360,41301
2026-03-08 09:39:23.998549,553850,40697
2026-03-08 09:39:23.998549,1623730,39789
2026-03-08 09:39:23.998549,4465480,38170
2026-03-08 09:39:23.998549,289070,37947
2026-03-08 09:39:23.998549,3065800,37870
2026-03-08 09:39:23.998549,3405690,37183
2026-03-08 09:39:23.998549,221100,37156
2026-03-08 09:39:23.998549,3564740,37141
2026-03-08 09:39:23.998549,381210,36519
2026-03-08 09:39:23.998549,1366800,35544
2026-03-08 09:39:23.998549,227300,35370
2026-03-08 09:39:23.998549,2807960,35264
2026-03-08 09:39:23.998549,686060,35251
2026-03-08 09:39:23.998549,322330,33973
2026-03-08 09:39:23.998549,4025700,33839
2026-03-08 09:39:23.998549,2399830,33809
2026-03-08 09:39:23.998549,294100,33259
2026-03-08 09:39:23.998549,1174180,31972
2026-03-08 09:39:23.998549,646570,31804
2026-03-08 09:39:23.998549,2622380,30001
2026-03-08 09:39:23.998549,1091500,29266
2026-03-08 09:39:23.998549,218620,29181
2026-03-08 09:39:23.998549,3551340,28363
2026-03-08 09:39:23.998549,1245620,27857
2026-03-08 09:39:23.998549,3241660,27664
2026-03-08 09:39:23.998549,2300320,26622
2026-03-08 09:39:23.998549,261550,26258
2026-03-08 09:39:23.998549,255710,25798
2026-03-08 09:39:23.998549,108600,25462
2026-03-08 09:39:23.998549,346110,24970
2026-03-08 09:39:23.998549,2050650,24923
2026-03-08 09:39:23.998549,251570,24835
2026-03-08 09:39:23.998549,1938090,24746
2026-03-08 09:39:23.998549,1222670,24108
2026-03-08 09:39:23.998549,1364780,23786
2026-03-08 09:39:23.998549,3472040,23781
2026-03-08 09:39:23.998549,1771300,23740
2026-03-08 09:39:23.998549,1142710,23438
2026-03-08 09:39:23.998549,2744880,23386
2026-03-08 09:39:23.998549,582660,22715
2026-03-08 09:39:23.998549,2923300,22408
2026-03-08 09:39:23.998549,4000,21811
2026-03-08 09:39:23.998549,489830,21519
2026-03-08 09:39:23.998549,2358720,21367
2026-03-08 09:39:23.998549,4205000,21025
2026-03-08 09:39:23.998549,1905180,20303
2026-03-08 09:39:23.998549,284160,20206
2026-03-08 09:39:23.998549,2183900,19994
2026-03-08 09:39:23.998549,3527290,19962
2026-03-08 09:39:23.998549,1158310,19411
2026-03-08 09:39:23.998549,526870,19281
2026-03-08 09:39:23.998549,892970,19193
2026-03-08 09:39:23.998549,2073620,19087
2026-03-08 09:39:23.998549,1818450,18919
2026-03-08 09:39:23.998549,240,18614
2026-03-08 09:39:23.998549,377160,18391
2026-03-08 09:39:23.998549,813780,17840
2026-03-08 09:39:23.998549,594650,17577
2026-03-08 09:39:23.998549,250900,17476
2026-03-08 09:39:23.998549,766570,17328
2026-03-08 09:39:23.998549,427520,17303
2026-03-08 09:39:23.998549,1449850,17024
2026-03-08 09:39:23.998549,1426210,16982
2026-03-08 09:39:23.998549,2252570,16819
2026-03-08 09:39:23.998549,550,16732
2026-03-08 09:39:23.998549,1621690,15630
2026-03-08 09:39:23.998549,1551360,15299
2026-03-08 09:39:23.998549,292030,15203
2026-03-08 09:57:58.955571,730,1157810
2026-03-08 09:57:58.955571,570,647285
2026-03-08 09:57:58.955571,578080,432103
2026-03-08 09:57:58.955571,2868840,430949
2026-03-08 09:57:58.955571,3419430,150273
2026-03-08 09:57:58.955571,252490,139898
2026-03-08 09:57:58.955571,1172470,132616
2026-03-08 09:57:58.955571,2507950,122268
2026-03-08 09:57:58.955571,431960,109302
2026-03-08 09:57:58.955571,238960,107193
2026-03-08 09:57:58.955571,3764200,107145
2026-03-08 09:57:58.955571,1808500,97558
2026-03-08 09:57:58.955571,271590,87817
2026-03-08 09:57:58.955571,2676230,80356
2026-03-08 09:57:58.955571,236390,74611
2026-03-08 09:57:58.955571,413150,73339
2026-03-08 09:57:58.955571,3240220,60530
2026-03-08 09:57:58.955571,322170,58978
2026-03-08 09:57:58.955571,105600,58500
2026-03-08 09:57:58.955571,2357570,57185
2026-03-08 09:57:58.955571,359550,56904
2026-03-08 09:57:58.955571,230410,55665
2026-03-08 09:57:58.955571,1422450,53534
2026-03-08 09:57:58.955571,438100,52328
2026-03-08 09:57:58.955571,440,50580
2026-03-08 09:57:58.955571,1973530,50115
2026-03-08 09:57:58.955571,1203220,48592
2026-03-08 09:57:58.955571,1281930,46260
2026-03-08 09:57:58.955571,1086940,42964
2026-03-08 09:57:58.955571,394360,42550
2026-03-08 09:57:58.955571,2246340,42541
2026-03-08 09:57:58.955571,2767030,41238
2026-03-08 09:57:58.955571,553850,40669
2026-03-08 09:57:58.955571,1623730,39798
2026-03-08 09:57:58.955571,4465480,38814
2026-03-08 09:57:58.955571,3405690,38628
2026-03-08 09:57:58.955571,221100,38354
2026-03-08 09:57:58.955571,289070,38000
2026-03-08 09:57:58.955571,3564740,37407
2026-03-08 09:57:58.955571,227300,37232
2026-03-08 09:57:58.955571,3065800,36908
2026-03-08 09:57:58.955571,381210,36509
2026-03-08 09:57:58.955571,1366800,36318
2026-03-08 09:57:58.955571,686060,35622
2026-03-08 09:57:58.955571,2807960,35274
2026-03-08 09:57:58.955571,4025700,34172
2026-03-08 09:57:58.955571,2399830,34089
2026-03-08 09:57:58.955571,322330,33384
2026-03-08 09:57:58.955571,294100,33354
2026-03-08 09:57:58.955571,1174180,32285
2026-03-08 09:57:58.955571,646570,31901
2026-03-08 09:57:58.955571,2923300,30179
2026-03-08 09:57:58.955571,3551340,29753
2026-03-08 09:57:58.955571,1091500,29202
2026-03-08 09:57:58.955571,218620,29134
2026-03-08 09:57:58.955571,2622380,28334
2026-03-08 09:57:58.955571,2300320,28228
2026-03-08 09:57:58.955571,1245620,27872
2026-03-08 09:57:58.955571,552990,27676
2026-03-08 09:57:58.955571,3241660,26748
2026-03-08 09:57:58.955571,261550,26575
2026-03-08 09:57:58.955571,255710,26024
2026-03-08 09:57:58.955571,108600,25709
2026-03-08 09:57:58.955571,346110,25019
2026-03-08 09:57:58.955571,2050650,24833
2026-03-08 09:57:58.955571,1938090,24748
2026-03-08 09:57:58.955571,251570,24746
2026-03-08 09:57:58.955571,1222670,24666
2026-03-08 09:57:58.955571,1771300,24187
2026-03-08 09:57:58.955571,1142710,23832
2026-03-08 09:57:58.955571,3472040,23776
2026-03-08 09:57:58.955571,1364780,23578
2026-03-08 09:57:58.955571,582660,23064
2026-03-08 09:57:58.955571,2744880,22763
2026-03-08 09:57:58.955571,4000,22271
2026-03-08 09:57:58.955571,489830,21799
2026-03-08 09:57:58.955571,4205000,21163
2026-03-08 09:57:58.955571,2358720,21003
2026-03-08 09:57:58.955571,284160,20978
2026-03-08 09:57:58.955571,1905180,20517
2026-03-08 09:57:58.955571,240,20118
2026-03-08 09:57:58.955571,2183900,19987
2026-03-08 09:57:58.955571,1158310,19974
2026-03-08 09:57:58.955571,526870,19961
2026-03-08 09:57:58.955571,892970,19664
2026-03-08 09:57:58.955571,3527290,19580
2026-03-08 09:57:58.955571,2073620,19471
2026-03-08 09:57:58.955571,1818450,19399
2026-03-08 09:57:58.955571,377160,18777
2026-03-08 09:57:58.955571,813780,18020
2026-03-08 09:57:58.955571,250900,17983
2026-03-08 09:57:58.955571,427520,17845
2026-03-08 09:57:58.955571,766570,17600
2026-03-08 09:57:58.955571,2252570,17330
2026-03-08 09:57:58.955571,594650,17222
2026-03-08 09:57:58.955571,1449850,17133
2026-03-08 09:57:58.955571,1426210,16166
2026-03-08 09:57:58.955571,550,16125
2026-03-08 09:57:58.955571,1621690,15639
2026-03-08 09:57:58.955571,292030,15608
2026-03-08 10:36:43.939572,730,1176907
2026-03-08 10:36:43.939572,570,658095
2026-03-08 10:36:43.939572,2868840,419597
2026-03-08 10:36:43.939572,578080,415889
2026-03-08 10:36:43.939572,3419430,153657
2026-03-08 10:36:43.939572,252490,146884
2026-03-08 10:36:43.939572,1172470,120152
2026-03-08 10:36:43.939572,2507950,115927
2026-03-08 10:36:43.939572,238960,112064
2026-03-08 10:36:43.939572,431960,111670
2026-03-08 10:36:43.939572,3764200,107298
2026-03-08 10:36:43.939572,1808500,100980
2026-03-08 10:36:43.939572,271590,92144
2026-03-08 10:36:43.939572,2676230,81435
2026-03-08 10:36:43.939572,236390,78039
2026-03-08 10:36:43.939572,413150,71761
2026-03-08 10:36:43.939572,322170,62307
2026-03-08 10:36:43.939572,3240220,60271
2026-03-08 10:36:43.939572,105600,57547
2026-03-08 10:36:43.939572,230410,56989
2026-03-08 10:36:43.939572,2357570,56454
2026-03-08 10:36:43.939572,359550,56307
2026-03-08 10:36:43.939572,1422450,51960
2026-03-08 10:36:43.939572,440,51341
2026-03-08 10:36:43.939572,1973530,50227
2026-03-08 10:36:43.939572,438100,48789
2026-03-08 10:36:43.939572,1203220,45763
2026-03-08 10:36:43.939572,1281930,45329
2026-03-08 10:36:43.939572,394360,44646
2026-03-08 10:36:43.939572,1086940,43933
2026-03-08 10:36:43.939572,3405690,41802
2026-03-08 10:36:43.939572,2246340,41203
2026-03-08 10:36:43.939572,4465480,41000
2026-03-08 10:36:43.939572,553850,40897
2026-03-08 10:36:43.939572,221100,40762
2026-03-08 10:36:43.939572,227300,40750
2026-03-08 10:36:43.939572,1623730,39700
2026-03-08 10:36:43.939572,2767030,38564
2026-03-08 10:36:43.939572,289070,38164
2026-03-08 10:36:43.939572,3564740,38068
2026-03-08 10:36:43.939572,1366800,37914
2026-03-08 10:36:43.939572,381210,37008
2026-03-08 10:36:43.939572,686060,36885
2026-03-08 10:36:43.939572,2807960,36184
2026-03-08 10:36:43.939572,4025700,35313
2026-03-08 10:36:43.939572,2399830,34956
2026-03-08 10:36:43.939572,3065800,34870
2026-03-08 10:36:43.939572,294100,33952
2026-03-08 10:36:43.939572,1174180,32614
2026-03-08 10:36:43.939572,3551340,32327
2026-03-08 10:36:43.939572,646570,31941
2026-03-08 10:36:43.939572,322330,31873
2026-03-08 10:36:43.939572,2300320,30929
2026-03-08 10:36:43.939572,1091500,29356
2026-03-08 10:36:43.939572,218620,28858
2026-03-08 10:36:43.939572,1245620,28106
2026-03-08 10:36:43.939572,261550,27664
2026-03-08 10:36:43.939572,108600,26568
2026-03-08 10:36:43.939572,1222670,25789
2026-03-08 10:36:43.939572,255710,25770
2026-03-08 10:36:43.939572,1938090,25434
2026-03-08 10:36:43.939572,2622380,25427
2026-03-08 10:36:43.939572,346110,25407
2026-03-08 10:36:43.939572,1771300,25059
2026-03-08 10:36:43.939572,251570,25042
2026-03-08 10:36:43.939572,2050650,24990
2026-03-08 10:36:43.939572,1142710,24905
2026-03-08 10:36:43.939572,3241660,24624
2026-03-08 10:36:43.939572,3472040,23785
2026-03-08 10:36:43.939572,582660,23607
2026-03-08 10:36:43.939572,4000,23154
2026-03-08 10:36:43.939572,1364780,22877
2026-03-08 10:36:43.939572,489830,22230
2026-03-08 10:36:43.939572,4205000,22128
2026-03-08 10:36:43.939572,284160,22036
2026-03-08 10:36:43.939572,1905180,21287
2026-03-08 10:36:43.939572,2744880,21266
2026-03-08 10:36:43.939572,526870,21215
2026-03-08 10:36:43.939572,1158310,20694
2026-03-08 10:36:43.939572,892970,20674
2026-03-08 10:36:43.939572,2183900,20336
2026-03-08 10:36:43.939572,2073620,20272
2026-03-08 10:36:43.939572,240,20036
2026-03-08 10:36:43.939572,2358720,20023
2026-03-08 10:36:43.939572,1818450,20016
2026-03-08 10:36:43.939572,250900,19520
2026-03-08 10:36:43.939572,377160,19389
2026-03-08 10:36:43.939572,2923300,19177
2026-03-08 10:36:43.939572,3527290,18785
2026-03-08 10:36:43.939572,427520,18731
2026-03-08 10:36:43.939572,813780,18544
2026-03-08 10:36:43.939572,2252570,18309
2026-03-08 10:36:43.939572,766570,18037
2026-03-08 10:36:43.939572,1449850,17555
2026-03-08 10:36:43.939572,594650,16539
2026-03-08 10:36:43.939572,292030,16445
2026-03-08 10:36:43.939572,393380,15650
2026-03-08 10:36:43.939572,1621690,15615
2026-03-08 10:36:43.939572,1551360,15501
2026-03-08 10:36:43.939572,2221490,15132
2026-03-08 10:55:36.323932,730,1197138
2026-03-08 10:55:36.323932,570,664887
2026-03-08 10:55:36.323932,578080,427373
2026-03-08 10:55:36.323932,2868840,424020
2026-03-08 10:55:36.323932,3419430,155479
2026-03-08 10:55:36.323932,252490,149569
2026-03-08 10:55:36.323932,1172470,120437
2026-03-08 10:55:36.323932,2507950,116397
2026-03-08 10:55:36.323932,238960,113111
2026-03-08 10:55:36.323932,431960,112476
2026-03-08 10:55:36.323932,3764200,108206
2026-03-08 10:55:36.323932,1808500,102179
2026-03-08 10:55:36.323932,271590,101704
2026-03-08 10:55:36.323932,2676230,81146
2026-03-08 10:55:36.323932,236390,79675
2026-03-08 10:55:36.323932,413150,72264
2026-03-08 10:55:36.323932,322170,63739
2026-03-08 10:55:36.323932,3240220,60672
2026-03-08 10:55:36.323932,230410,57955
2026-03-08 10:55:36.323932,105600,57937
2026-03-08 10:55:36.323932,2357570,57340
2026-03-08 10:55:36.323932,359550,57229
2026-03-08 10:55:36.323932,1422450,52090
2026-03-08 10:55:36.323932,440,51890
2026-03-08 10:55:36.323932,1973530,50340
2026-03-08 10:55:36.323932,438100,48292
2026-03-08 10:55:36.323932,1203220,46807
2026-03-08 10:55:36.323932,1281930,45557
2026-03-08 10:55:36.323932,394360,45546
2026-03-08 10:55:36.323932,1086940,44485
2026-03-08 10:55:36.323932,3405690,43135
2026-03-08 10:55:36.323932,221100,41708
2026-03-08 10:55:36.323932,2246340,41696
2026-03-08 10:55:36.323932,4465480,41520
2026-03-08 10:55:36.323932,227300,41444
2026-03-08 10:55:36.323932,553850,41229
2026-03-08 10:55:36.323932,1623730,39893
2026-03-08 10:55:36.323932,1366800,39614
2026-03-08 10:55:36.323932,289070,38590
2026-03-08 10:55:36.323932,3564740,38417
2026-03-08 10:55:36.323932,2767030,38152
2026-03-08 10:55:36.323932,381210,38147
2026-03-08 10:55:36.323932,686060,37333
2026-03-08 10:55:36.323932,2807960,36833
2026-03-08 10:55:36.323932,4025700,35782
2026-03-08 10:55:36.323932,2399830,35517
2026-03-08 10:55:36.323932,3065800,34527
2026-03-08 10:55:36.323932,294100,34100
2026-03-08 10:55:36.323932,1174180,33248
2026-03-08 10:55:36.323932,3551340,33129
2026-03-08 10:55:36.323932,646570,32184
2026-03-08 10:55:36.323932,322330,31915
2026-03-08 10:55:36.323932,2300320,31704
2026-03-08 10:55:36.323932,1091500,29663
2026-03-08 10:55:36.323932,218620,29055
2026-03-08 10:55:36.323932,1245620,28365
2026-03-08 10:55:36.323932,261550,28134
2026-03-08 10:55:36.323932,108600,26892
2026-03-08 10:55:36.323932,1222670,26171
2026-03-08 10:55:36.323932,1938090,26032
2026-03-08 10:55:36.323932,255710,25837
2026-03-08 10:55:36.323932,346110,25751
2026-03-08 10:55:36.323932,2622380,25713
2026-03-08 10:55:36.323932,251570,25457
2026-03-08 10:55:36.323932,1771300,25432
2026-03-08 10:55:36.323932,2050650,25288
2026-03-08 10:55:36.323932,1142710,25277
2026-03-08 10:55:36.323932,3241660,24831
2026-03-08 10:55:36.323932,3472040,23977
2026-03-08 10:55:36.323932,582660,23834
2026-03-08 10:55:36.323932,4000,23599
2026-03-08 10:55:36.323932,1364780,23184
2026-03-08 10:55:36.323932,489830,22407
2026-03-08 10:55:36.323932,284160,22289
2026-03-08 10:55:36.323932,4205000,22276
2026-03-08 10:55:36.323932,1905180,21705
2026-03-08 10:55:36.323932,526870,21670
2026-03-08 10:55:36.323932,2744880,21313
2026-03-08 10:55:36.323932,892970,21198
2026-03-08 10:55:36.323932,1158310,21056
2026-03-08 10:55:36.323932,2073620,20766
2026-03-08 10:55:36.323932,1818450,20734
2026-03-08 10:55:36.323932,2183900,20694
2026-03-08 10:55:36.323932,250900,19892
2026-03-08 10:55:36.323932,240,19845
2026-03-08 10:55:36.323932,2358720,19704
2026-03-08 10:55:36.323932,377160,19643
2026-03-08 10:55:36.323932,427520,18953
2026-03-08 10:55:36.323932,3527290,18930
2026-03-08 10:55:36.323932,813780,18755
2026-03-08 10:55:36.323932,2252570,18711
2026-03-08 10:55:36.323932,766570,18277
2026-03-08 10:55:36.323932,1449850,17684
2026-03-08 10:55:36.323932,594650,17000
2026-03-08 10:55:36.323932,292030,16796
2026-03-08 10:55:36.323932,2923300,16341
2026-03-08 10:55:36.323932,393380,15982
2026-03-08 10:55:36.323932,1621690,15844
2026-03-08 10:55:36.323932,1551360,15695
2026-03-08 10:55:36.323932,2221490,15439
2026-03-08 11:18:22.334664,730,1243864
2026-03-08 11:18:22.334664,570,678800
2026-03-08 11:18:22.334664,578080,462569
2026-03-08 11:18:22.334664,2868840,438425
2026-03-08 11:18:22.334664,3419430,157751
2026-03-08 11:18:22.334664,252490,153606
2026-03-08 11:18:22.334664,1172470,128849
2026-03-08 11:18:22.334664,2507950,120864
2026-03-08 11:18:22.334664,238960,115274
2026-03-08 11:18:22.334664,431960,114738
2026-03-08 11:18:22.334664,3764200,110684
2026-03-08 11:18:22.334664,1808500,103440
2026-03-08 11:18:22.334664,271590,97595
2026-03-08 11:18:22.334664,236390,82160
2026-03-08 11:18:22.334664,413150,74538
2026-03-08 11:18:22.334664,322170,64982
2026-03-08 11:18:22.334664,3240220,62363
2026-03-08 11:18:22.334664,359550,59771
2026-03-08 11:18:22.334664,2357570,59536
2026-03-08 11:18:22.334664,105600,59276
2026-03-08 11:18:22.334664,230410,59206
2026-03-08 11:18:22.334664,440,53120
2026-03-08 11:18:22.334664,1422450,52138
2026-03-08 11:18:22.334664,1973530,50651
2026-03-08 11:18:22.334664,1203220,50558
2026-03-08 11:18:22.334664,438100,48185
2026-03-08 11:18:22.334664,394360,47102
2026-03-08 11:18:22.334664,1281930,46911
2026-03-08 11:18:22.334664,1086940,45641
2026-03-08 11:18:22.334664,3405690,45242
2026-03-08 11:18:22.334664,2246340,43265
2026-03-08 11:18:22.334664,227300,43029
2026-03-08 11:18:22.334664,221100,42898
2026-03-08 11:18:22.334664,553850,42838
2026-03-08 11:18:22.334664,4465480,42535
2026-03-08 11:18:22.334664,1623730,40567
2026-03-08 11:18:22.334664,1366800,40431
2026-03-08 11:18:22.334664,381210,39916
2026-03-08 11:18:22.334664,3564740,39654
2026-03-08 11:18:22.334664,289070,39348
2026-03-08 11:18:22.334664,2807960,38334
2026-03-08 11:18:22.334664,686060,38130
2026-03-08 11:18:22.334664,2767030,37674
2026-03-08 11:18:22.334664,4025700,37262
2026-03-08 11:18:22.334664,2399830,36398
2026-03-08 11:18:22.334664,3065800,34870
2026-03-08 11:18:22.334664,294100,34624
2026-03-08 11:18:22.334664,3551340,34200
2026-03-08 11:18:22.334664,1174180,33789
2026-03-08 11:18:22.334664,646570,33158
2026-03-08 11:18:22.334664,322330,32807
2026-03-08 11:18:22.334664,2300320,32644
2026-03-08 11:18:22.334664,2676230,31615
2026-03-08 11:18:22.334664,1091500,30304
2026-03-08 11:18:22.334664,218620,29300
2026-03-08 11:18:22.334664,1245620,29105
2026-03-08 11:18:22.334664,261550,28769
2026-03-08 11:18:22.334664,108600,27572
2026-03-08 11:18:22.334664,2622380,27539
2026-03-08 11:18:22.334664,3241660,26927
2026-03-08 11:18:22.334664,1938090,26917
2026-03-08 11:18:22.334664,1222670,26732
2026-03-08 11:18:22.334664,346110,26507
2026-03-08 11:18:22.334664,251570,26396
2026-03-08 11:18:22.334664,255710,26224
2026-03-08 11:18:22.334664,1142710,25937
2026-03-08 11:18:22.334664,1771300,25911
2026-03-08 11:18:22.334664,2050650,25828
2026-03-08 11:18:22.334664,3472040,24390
2026-03-08 11:18:22.334664,582660,24162
2026-03-08 11:18:22.334664,1364780,24126
2026-03-08 11:18:22.334664,4000,24111
2026-03-08 11:18:22.334664,284160,23158
2026-03-08 11:18:22.334664,4205000,22810
2026-03-08 11:18:22.334664,489830,22726
2026-03-08 11:18:22.334664,2744880,22632
2026-03-08 11:18:22.334664,1905180,22568
2026-03-08 11:18:22.334664,526870,22303
2026-03-08 11:18:22.334664,892970,22032
2026-03-08 11:18:22.334664,1158310,21598
2026-03-08 11:18:22.334664,2073620,21493
2026-03-08 11:18:22.334664,2183900,21303
2026-03-08 11:18:22.334664,1818450,21175
2026-03-08 11:18:22.334664,250900,20494
2026-03-08 11:18:22.334664,2358720,19970
2026-03-08 11:18:22.334664,377160,19922
2026-03-08 11:18:22.334664,3527290,19775
2026-03-08 11:18:22.334664,427520,19438
2026-03-08 11:18:22.334664,813780,19226
2026-03-08 11:18:22.334664,2252570,19149
2026-03-08 11:18:22.334664,766570,18604
2026-03-08 11:18:22.334664,240,18464
2026-03-08 11:18:22.334664,594650,18217
2026-03-08 11:18:22.334664,1449850,18008
2026-03-08 11:18:22.334664,2923300,17722
2026-03-08 11:18:22.334664,292030,17402
2026-03-08 11:18:22.334664,393380,16833
2026-03-08 11:18:22.334664,1621690,16374
2026-03-08 11:18:22.334664,1049590,16343
2026-03-08 11:18:22.334664,1551360,16142
2026-03-08 11:40:13.535703,730,1292007
2026-03-08 11:40:13.535703,570,690600
2026-03-08 11:40:13.535703,578080,503486
2026-03-08 11:40:13.535703,2868840,454938
2026-03-08 11:40:13.535703,3419430,159508
2026-03-08 11:40:13.535703,252490,155650
2026-03-08 11:40:13.535703,1172470,139328
2026-03-08 11:40:13.535703,2507950,126387
2026-03-08 11:40:13.535703,238960,117268
2026-03-08 11:40:13.535703,431960,117084
2026-03-08 11:40:13.535703,3764200,113427
2026-03-08 11:40:13.535703,1808500,104912
2026-03-08 11:40:13.535703,271590,99429
2026-03-08 11:40:13.535703,236390,84543
2026-03-08 11:40:13.535703,413150,77634
2026-03-08 11:40:13.535703,322170,66414
2026-03-08 11:40:13.535703,3240220,64227
2026-03-08 11:40:13.535703,359550,61836
2026-03-08 11:40:13.535703,2357570,61655
2026-03-08 11:40:13.535703,105600,60967
2026-03-08 11:40:13.535703,230410,60297
2026-03-08 11:40:13.535703,2676230,55440
2026-03-08 11:40:13.535703,1203220,55154
2026-03-08 11:40:13.535703,440,53674
2026-03-08 11:40:13.535703,1422450,52811
2026-03-08 11:40:13.535703,1973530,50708
2026-03-08 11:40:13.535703,438100,48756
2026-03-08 11:40:13.535703,394360,48524
2026-03-08 11:40:13.535703,1281930,48141
2026-03-08 11:40:13.535703,1086940,47036
2026-03-08 11:40:13.535703,3405690,46755
2026-03-08 11:40:13.535703,2246340,44978
2026-03-08 11:40:13.535703,553850,44816
2026-03-08 11:40:13.535703,227300,44562
2026-03-08 11:40:13.535703,221100,44065
2026-03-08 11:40:13.535703,4465480,43796
2026-03-08 11:40:13.535703,381210,41458
2026-03-08 11:40:13.535703,1623730,41381
2026-03-08 11:40:13.535703,3564740,41286
2026-03-08 11:40:13.535703,1366800,40496
2026-03-08 11:40:13.535703,289070,40298
2026-03-08 11:40:13.535703,2807960,39928
2026-03-08 11:40:13.535703,686060,38857
2026-03-08 11:40:13.535703,4025700,37564
2026-03-08 11:40:13.535703,2399830,37408
2026-03-08 11:40:13.535703,2767030,37351
2026-03-08 11:40:13.535703,3065800,35454
2026-03-08 11:40:13.535703,294100,35271
2026-03-08 11:40:13.535703,3551340,35166
2026-03-08 11:40:13.535703,1174180,34737
2026-03-08 11:40:13.535703,322330,34262
2026-03-08 11:40:13.535703,646570,33864
2026-03-08 11:40:13.535703,2300320,33197
2026-03-08 11:40:13.535703,1091500,31062
2026-03-08 11:40:13.535703,2622380,29981
2026-03-08 11:40:13.535703,1245620,29949
2026-03-08 11:40:13.535703,3241660,29792
2026-03-08 11:40:13.535703,261550,29591
2026-03-08 11:40:13.535703,218620,29224
2026-03-08 11:40:13.535703,108600,28447
2026-03-08 11:40:13.535703,1938090,27897
2026-03-08 11:40:13.535703,251570,27463
2026-03-08 11:40:13.535703,1222670,27376
2026-03-08 11:40:13.535703,346110,27316
2026-03-08 11:40:13.535703,255710,26747
2026-03-08 11:40:13.535703,2050650,26739
2026-03-08 11:40:13.535703,1771300,26643
2026-03-08 11:40:13.535703,1142710,26410
2026-03-08 11:40:13.535703,1364780,25102
2026-03-08 11:40:13.535703,3472040,24781
2026-03-08 11:40:13.535703,4000,24761
2026-03-08 11:40:13.535703,582660,24366
2026-03-08 11:40:13.535703,2744880,24289
2026-03-08 11:40:13.535703,284160,23571
2026-03-08 11:40:13.535703,1905180,23203
2026-03-08 11:40:13.535703,489830,23195
2026-03-08 11:40:13.535703,4205000,23075
2026-03-08 11:40:13.535703,526870,22927
2026-03-08 11:40:13.535703,892970,22798
2026-03-08 11:40:13.535703,2073620,22329
2026-03-08 11:40:13.535703,1158310,22045
2026-03-08 11:40:13.535703,2183900,21954
2026-03-08 11:40:13.535703,1818450,21204
2026-03-08 11:40:13.535703,3527290,21086
2026-03-08 11:40:13.535703,250900,21034
2026-03-08 11:40:13.535703,2358720,20385
2026-03-08 11:40:13.535703,377160,20330
2026-03-08 11:40:13.535703,594650,19887
2026-03-08 11:40:13.535703,813780,19718
2026-03-08 11:40:13.535703,427520,19703
2026-03-08 11:40:13.535703,2252570,19509
2026-03-08 11:40:13.535703,766570,18968
2026-03-08 11:40:13.535703,2923300,18417
2026-03-08 11:40:13.535703,1449850,18328
2026-03-08 11:40:13.535703,292030,17959
2026-03-08 11:40:13.535703,393380,17620
2026-03-08 11:40:13.535703,1049590,17263
2026-03-08 11:40:13.535703,240,16959
2026-03-08 11:40:13.535703,1621690,16723
2026-03-08 11:40:13.535703,1551360,16640
2026-03-08 11:54:26.365746,730,1338137
2026-03-08 11:54:26.365746,570,703372
2026-03-08 11:54:26.365746,578080,537471
2026-03-08 11:54:26.365746,2868840,470457
2026-03-08 11:54:26.365746,3419430,160225
2026-03-08 11:54:26.365746,252490,158018
2026-03-08 11:54:26.365746,1172470,149217
2026-03-08 11:54:26.365746,2507950,131552
2026-03-08 11:54:26.365746,431960,119159
2026-03-08 11:54:26.365746,238960,117774
2026-03-08 11:54:26.365746,3764200,116182
2026-03-08 11:54:26.365746,1808500,106756
2026-03-08 11:54:26.365746,271590,100628
2026-03-08 11:54:26.365746,236390,86320
2026-03-08 11:54:26.365746,413150,80609
2026-03-08 11:54:26.365746,2676230,72718
2026-03-08 11:54:26.365746,322170,67162
2026-03-08 11:54:26.365746,3240220,66102
2026-03-08 11:54:26.365746,359550,63913
2026-03-08 11:54:26.365746,2357570,63440
2026-03-08 11:54:26.365746,105600,62613
2026-03-08 11:54:26.365746,230410,61320
2026-03-08 11:54:26.365746,1203220,59129
2026-03-08 11:54:26.365746,1422450,53650
2026-03-08 11:54:26.365746,440,53561
2026-03-08 11:54:26.365746,1973530,50995
2026-03-08 11:54:26.365746,438100,49485
2026-03-08 11:54:26.365746,1281930,49450
2026-03-08 11:54:26.365746,394360,49360
2026-03-08 11:54:26.365746,3405690,48169
2026-03-08 11:54:26.365746,1086940,48164
2026-03-08 11:54:26.365746,2246340,46748
2026-03-08 11:54:26.365746,553850,46295
2026-03-08 11:54:26.365746,227300,45817
2026-03-08 11:54:26.365746,221100,44861
2026-03-08 11:54:26.365746,4465480,44209
2026-03-08 11:54:26.365746,3564740,42790
2026-03-08 11:54:26.365746,381210,42786
2026-03-08 11:54:26.365746,1623730,42359
2026-03-08 11:54:26.365746,289070,41165
2026-03-08 11:54:26.365746,2807960,41002
2026-03-08 11:54:26.365746,1366800,40152
2026-03-08 11:54:26.365746,686060,39508
2026-03-08 11:54:26.365746,2399830,38253
2026-03-08 11:54:26.365746,4025700,38035
2026-03-08 11:54:26.365746,2767030,37724
2026-03-08 11:54:26.365746,3065800,36059
2026-03-08 11:54:26.365746,3551340,35942
2026-03-08 11:54:26.365746,294100,35745
2026-03-08 11:54:26.365746,1174180,35616
2026-03-08 11:54:26.365746,322330,34955
2026-03-08 11:54:26.365746,646570,34736
2026-03-08 11:54:26.365746,2300320,33624
2026-03-08 11:54:26.365746,3241660,32379
2026-03-08 11:54:26.365746,2622380,32254
2026-03-08 11:54:26.365746,1091500,31878
2026-03-08 11:54:26.365746,1245620,30750
2026-03-08 11:54:26.365746,261550,30210
2026-03-08 11:54:26.365746,218620,29256
2026-03-08 11:54:26.365746,108600,29197
2026-03-08 11:54:26.365746,1938090,28687
2026-03-08 11:54:26.365746,251570,28368
2026-03-08 11:54:26.365746,346110,28104
2026-03-08 11:54:26.365746,1222670,27966
2026-03-08 11:54:26.365746,2050650,27482
2026-03-08 11:54:26.365746,255710,27370
2026-03-08 11:54:26.365746,1771300,27282
2026-03-08 11:54:26.365746,1142710,26933
2026-03-08 11:54:26.365746,1364780,26187
2026-03-08 11:54:26.365746,2744880,25635
2026-03-08 11:54:26.365746,3472040,25487
2026-03-08 11:54:26.365746,4000,25381
2026-03-08 11:54:26.365746,582660,24543
2026-03-08 11:54:26.365746,284160,23867
2026-03-08 11:54:26.365746,1905180,23684
2026-03-08 11:54:26.365746,489830,23644
2026-03-08 11:54:26.365746,892970,23560
2026-03-08 11:54:26.365746,4205000,23499
2026-03-08 11:54:26.365746,526870,23399
2026-03-08 11:54:26.365746,2073620,22817
2026-03-08 11:54:26.365746,2183900,22496
2026-03-08 11:54:26.365746,1158310,22442
2026-03-08 11:54:26.365746,3527290,22288
2026-03-08 11:54:26.365746,250900,21483
2026-03-08 11:54:26.365746,594650,21423
2026-03-08 11:54:26.365746,2358720,21134
2026-03-08 11:54:26.365746,1818450,21087
2026-03-08 11:54:26.365746,377160,20660
2026-03-08 11:54:26.365746,813780,20057
2026-03-08 11:54:26.365746,427520,20048
2026-03-08 11:54:26.365746,240,20012
2026-03-08 11:54:26.365746,2252570,19920
2026-03-08 11:54:26.365746,766570,19228
2026-03-08 11:54:26.365746,1449850,18753
2026-03-08 11:54:26.365746,292030,18382
2026-03-08 11:54:26.365746,393380,18179
2026-03-08 11:54:26.365746,1049590,17828
2026-03-08 11:54:26.365746,550,17159
2026-03-08 11:54:26.365746,1621690,17127
2026-03-08 11:54:26.365746,1551360,17086
2026-03-08 12:32:50.259569,730,1442972
2026-03-08 12:32:50.259569,570,734002
2026-03-08 12:32:50.259569,578080,621338
2026-03-08 12:32:50.259569,2868840,503311
2026-03-08 12:32:50.259569,1172470,175101
2026-03-08 12:32:50.259569,3419430,162139
2026-03-08 12:32:50.259569,252490,162086
2026-03-08 12:32:50.259569,2507950,144285
2026-03-08 12:32:50.259569,431960,123086
2026-03-08 12:32:50.259569,3764200,122812
2026-03-08 12:32:50.259569,238960,122667
2026-03-08 12:32:50.259569,1808500,112283
2026-03-08 12:32:50.259569,271590,103361
2026-03-08 12:32:50.259569,2676230,96708
2026-03-08 12:32:50.259569,236390,91059
2026-03-08 12:32:50.259569,413150,87517
2026-03-08 12:32:50.259569,3240220,70138
2026-03-08 12:32:50.259569,322170,69624
2026-03-08 12:32:50.259569,359550,69303
2026-03-08 12:32:50.259569,2357570,69216
2026-03-08 12:32:50.259569,1203220,68190
2026-03-08 12:32:50.259569,105600,66684
2026-03-08 12:32:50.259569,230410,63979
2026-03-08 12:32:50.259569,1422450,56697
2026-03-08 12:32:50.259569,440,53346
2026-03-08 12:32:50.259569,438100,52461
2026-03-08 12:32:50.259569,1281930,52362
2026-03-08 12:32:50.259569,394360,51571
2026-03-08 12:32:50.259569,1973530,51466
2026-03-08 12:32:50.259569,2246340,51263
2026-03-08 12:32:50.259569,1086940,51245
2026-03-08 12:32:50.259569,3405690,51164
2026-03-08 12:32:50.259569,553850,50973
2026-03-08 12:32:50.259569,3564740,49141
2026-03-08 12:32:50.259569,227300,48242
2026-03-08 12:32:50.259569,221100,47003
2026-03-08 12:32:50.259569,381210,46660
2026-03-08 12:32:50.259569,4465480,45420
2026-03-08 12:32:50.259569,1623730,44425
2026-03-08 12:32:50.259569,2807960,44033
2026-03-08 12:32:50.259569,289070,42881
2026-03-08 12:32:50.259569,1366800,40931
2026-03-08 12:32:50.259569,686060,40761
2026-03-08 12:32:50.259569,3241660,40425
2026-03-08 12:32:50.259569,2399830,40180
2026-03-08 12:32:50.259569,4025700,39866
2026-03-08 12:32:50.259569,2767030,38785
2026-03-08 12:32:50.259569,322330,38173
2026-03-08 12:32:50.259569,3065800,37837
2026-03-08 12:32:50.259569,3551340,37557
2026-03-08 12:32:50.259569,1174180,37555
2026-03-08 12:32:50.259569,2622380,37543
2026-03-08 12:32:50.259569,294100,36671
2026-03-08 12:32:50.259569,646570,35892
2026-03-08 12:32:50.259569,2300320,34844
2026-03-08 12:32:50.259569,1091500,33319
2026-03-08 12:32:50.259569,1245620,32809
2026-03-08 12:32:50.259569,261550,31539
2026-03-08 12:32:50.259569,108600,31105
2026-03-08 12:32:50.259569,1938090,30786
2026-03-08 12:32:50.259569,251570,30207
2026-03-08 12:32:50.259569,346110,29822
2026-03-08 12:32:50.259569,218620,29706
2026-03-08 12:32:50.259569,2744880,29493
2026-03-08 12:32:50.259569,1222670,29378
2026-03-08 12:32:50.259569,2050650,29198
2026-03-08 12:32:50.259569,1771300,28765
2026-03-08 12:32:50.259569,255710,28686
2026-03-08 12:32:50.259569,1364780,28417
2026-03-08 12:32:50.259569,1142710,27939
2026-03-08 12:32:50.259569,3472040,26706
2026-03-08 12:32:50.259569,4000,26502
2026-03-08 12:32:50.259569,3527290,26125
2026-03-08 12:32:50.259569,1905180,25280
2026-03-08 12:32:50.259569,892970,25266
2026-03-08 12:32:50.259569,594650,25179
2026-03-08 12:32:50.259569,582660,25019
2026-03-08 12:32:50.259569,489830,24772
2026-03-08 12:32:50.259569,526870,24549
2026-03-08 12:32:50.259569,284160,24511
2026-03-08 12:32:50.259569,2073620,24404
2026-03-08 12:32:50.259569,2183900,24008
2026-03-08 12:32:50.259569,4205000,23448
2026-03-08 12:32:50.259569,1158310,23330
2026-03-08 12:32:50.259569,2358720,22359
2026-03-08 12:32:50.259569,250900,22298
2026-03-08 12:32:50.259569,377160,21473
2026-03-08 12:32:50.259569,1818450,21257
2026-03-08 12:32:50.259569,813780,21150
2026-03-08 12:32:50.259569,427520,20742
2026-03-08 12:32:50.259569,2252570,20647
2026-03-08 12:32:50.259569,240,20386
2026-03-08 12:32:50.259569,766570,19856
2026-03-08 12:32:50.259569,1426210,19795
2026-03-08 12:32:50.259569,550,19791
2026-03-08 12:32:50.259569,393380,19401
2026-03-08 12:32:50.259569,1449850,19356
2026-03-08 12:32:50.259569,292030,19291
2026-03-08 12:32:50.259569,2923300,19021
2026-03-08 12:32:50.259569,1049590,18662
2026-03-08 13:25:09.398271,730,1578619
2026-03-08 13:25:09.398271,570,773114
2026-03-08 13:25:09.398271,578080,715318
2026-03-08 13:25:09.398271,2868840,553470
2026-03-08 13:25:09.398271,1172470,212451
2026-03-08 13:25:09.398271,252490,168540
2026-03-08 13:25:09.398271,3419430,163925
2026-03-08 13:25:09.398271,2507950,160808
2026-03-08 13:25:09.398271,3764200,134325
2026-03-08 13:25:09.398271,238960,130727
2026-03-08 13:25:09.398271,431960,129039
2026-03-08 13:25:09.398271,1808500,123804
2026-03-08 13:25:09.398271,2676230,121797
2026-03-08 13:25:09.398271,271590,107162
2026-03-08 13:25:09.398271,413150,98645
2026-03-08 13:25:09.398271,236390,97298
2026-03-08 13:25:09.398271,2357570,79742
2026-03-08 13:25:09.398271,1203220,79239
2026-03-08 13:25:09.398271,359550,78449
2026-03-08 13:25:09.398271,3240220,76578
2026-03-08 13:25:09.398271,105600,73415
2026-03-08 13:25:09.398271,322170,73179
2026-03-08 13:25:09.398271,230410,67988
2026-03-08 13:25:09.398271,1422450,63147
2026-03-08 13:25:09.398271,553850,58044
2026-03-08 13:25:09.398271,2246340,57827
2026-03-08 13:25:09.398271,438100,57788
2026-03-08 13:25:09.398271,1086940,56988
2026-03-08 13:25:09.398271,1281930,56762
2026-03-08 13:25:09.398271,3405690,56530
2026-03-08 13:25:09.398271,440,55984
2026-03-08 13:25:09.398271,3564740,54268
2026-03-08 13:25:09.398271,394360,54172
2026-03-08 13:25:09.398271,3241660,54086
2026-03-08 13:25:09.398271,381210,52316
2026-03-08 13:25:09.398271,227300,51509
2026-03-08 13:25:09.398271,1973530,51412
2026-03-08 13:25:09.398271,221100,50298
2026-03-08 13:25:09.398271,2807960,49362
2026-03-08 13:25:09.398271,4465480,47403
2026-03-08 13:25:09.398271,1623730,47242
2026-03-08 13:25:09.398271,289070,45565
2026-03-08 13:25:09.398271,2622380,44535
2026-03-08 13:25:09.398271,686060,43492
2026-03-08 13:25:09.398271,2399830,43376
2026-03-08 13:25:09.398271,1366800,42768
2026-03-08 13:25:09.398271,2767030,42457
2026-03-08 13:25:09.398271,4025700,41925
2026-03-08 13:25:09.398271,3065800,41772
2026-03-08 13:25:09.398271,322330,41682
2026-03-08 13:25:09.398271,1174180,40939
2026-03-08 13:25:09.398271,3551340,39684
2026-03-08 13:25:09.398271,294100,38202
2026-03-08 13:25:09.398271,646570,38016
2026-03-08 13:25:09.398271,1245620,36379
2026-03-08 13:25:09.398271,2300320,36216
2026-03-08 13:25:09.398271,1091500,36162
2026-03-08 13:25:09.398271,2744880,35516
2026-03-08 13:25:09.398271,1938090,34919
2026-03-08 13:25:09.398271,108600,33959
2026-03-08 13:25:09.398271,261550,33641
2026-03-08 13:25:09.398271,251570,33324
2026-03-08 13:25:09.398271,2050650,32367
2026-03-08 13:25:09.398271,346110,32357
2026-03-08 13:25:09.398271,1222670,32310
2026-03-08 13:25:09.398271,3527290,32158
2026-03-08 13:25:09.398271,1364780,31205
2026-03-08 13:25:09.398271,1771300,31162
2026-03-08 13:25:09.398271,255710,30670
2026-03-08 13:25:09.398271,1142710,29765
2026-03-08 13:25:09.398271,594650,29426
2026-03-08 13:25:09.398271,3472040,29263
2026-03-08 13:25:09.398271,218620,28581
2026-03-08 13:25:09.398271,4000,28291
2026-03-08 13:25:09.398271,892970,28199
2026-03-08 13:25:09.398271,1905180,27257
2026-03-08 13:25:09.398271,489830,27009
2026-03-08 13:25:09.398271,2183900,26885
2026-03-08 13:25:09.398271,2073620,26703
2026-03-08 13:25:09.398271,526870,26641
2026-03-08 13:25:09.398271,582660,25796
2026-03-08 13:25:09.398271,284160,25416
2026-03-08 13:25:09.398271,1426210,25172
2026-03-08 13:25:09.398271,1158310,24949
2026-03-08 13:25:09.398271,2358720,24285
2026-03-08 13:25:09.398271,550,23657
2026-03-08 13:25:09.398271,377160,23504
2026-03-08 13:25:09.398271,250900,23490
2026-03-08 13:25:09.398271,813780,23259
2026-03-08 13:25:09.398271,4205000,22956
2026-03-08 13:25:09.398271,427520,21864
2026-03-08 13:25:09.398271,2252570,21464
2026-03-08 13:25:09.398271,1818450,21285
2026-03-08 13:25:09.398271,292030,20806
2026-03-08 13:25:09.398271,393380,20779
2026-03-08 13:25:09.398271,1449850,20423
2026-03-08 13:25:09.398271,766570,20297
2026-03-08 13:25:09.398271,2923300,19914
2026-03-08 13:25:09.398271,1551360,19768
2026-03-08 13:25:09.398271,1049590,19606
2026-03-08 13:55:03.832730,730,1614980
2026-03-08 13:55:03.832730,570,793887
2026-03-08 13:55:03.832730,578080,727613
2026-03-08 13:55:03.832730,2868840,570925
2026-03-08 13:55:03.832730,1172470,220639
2026-03-08 13:55:03.832730,252490,172012
2026-03-08 13:55:03.832730,2507950,164074
2026-03-08 13:55:03.832730,3419430,163032
2026-03-08 13:55:03.832730,3764200,139521
2026-03-08 13:55:03.832730,238960,133998
2026-03-08 13:55:03.832730,1808500,131553
2026-03-08 13:55:03.832730,2676230,130507
2026-03-08 13:55:03.832730,431960,130336
2026-03-08 13:55:03.832730,271590,108127
2026-03-08 13:55:03.832730,413150,103152
2026-03-08 13:55:03.832730,236390,98997
2026-03-08 13:55:03.832730,2357570,84914
2026-03-08 13:55:03.832730,359550,82930
2026-03-08 13:55:03.832730,1203220,80228
2026-03-08 13:55:03.832730,3240220,78011
2026-03-08 13:55:03.832730,105600,75717
2026-03-08 13:55:03.832730,322170,75178
2026-03-08 13:55:03.832730,230410,69120
2026-03-08 13:55:03.832730,1422450,66605
2026-03-08 13:55:03.832730,553850,61550
2026-03-08 13:55:03.832730,1086940,60343
2026-03-08 13:55:03.832730,438100,60006
2026-03-08 13:55:03.832730,2246340,59470
2026-03-08 13:55:03.832730,3241660,59267
2026-03-08 13:55:03.832730,3405690,59225
2026-03-08 13:55:03.832730,1281930,58458
2026-03-08 13:55:03.832730,440,56911
2026-03-08 13:55:03.832730,394360,55242
2026-03-08 13:55:03.832730,3564740,54856
2026-03-08 13:55:03.832730,381210,54661
2026-03-08 13:55:03.832730,227300,52813
2026-03-08 13:55:03.832730,221100,51921
2026-03-08 13:55:03.832730,2807960,51461
2026-03-08 13:55:03.832730,1973530,50915
2026-03-08 13:55:03.832730,1623730,48451
2026-03-08 13:55:03.832730,4465480,47315
2026-03-08 13:55:03.832730,289070,46581
2026-03-08 13:55:03.832730,2622380,46079
2026-03-08 13:55:03.832730,686060,45292
2026-03-08 13:55:03.832730,2767030,44844
2026-03-08 13:55:03.832730,2399830,44572
2026-03-08 13:55:03.832730,3065800,43983
2026-03-08 13:55:03.832730,1366800,43767
2026-03-08 13:55:03.832730,4025700,42962
2026-03-08 13:55:03.832730,322330,42425
2026-03-08 13:55:03.832730,1174180,42092
2026-03-08 13:55:03.832730,3551340,40657
2026-03-08 13:55:03.832730,646570,38984
2026-03-08 13:55:03.832730,294100,38902
2026-03-08 13:55:03.832730,1245620,37942
2026-03-08 13:55:03.832730,1091500,37549
2026-03-08 13:55:03.832730,2300320,36991
2026-03-08 13:55:03.832730,1938090,36846
2026-03-08 13:55:03.832730,2744880,36803
2026-03-08 13:55:03.832730,108600,35339
2026-03-08 13:55:03.832730,251570,34535
2026-03-08 13:55:03.832730,261550,34508
2026-03-08 13:55:03.832730,3527290,34270
2026-03-08 13:55:03.832730,1222670,34018
2026-03-08 13:55:03.832730,2050650,33500
2026-03-08 13:55:03.832730,346110,33186
2026-03-08 13:55:03.832730,1771300,32194
2026-03-08 13:55:03.832730,1364780,31772
2026-03-08 13:55:03.832730,255710,31366
2026-03-08 13:55:03.832730,1142710,30640
2026-03-08 13:55:03.832730,594650,30511
2026-03-08 13:55:03.832730,3472040,30327
2026-03-08 13:55:03.832730,892970,29783
2026-03-08 13:55:03.832730,4000,29541
2026-03-08 13:55:03.832730,218620,29056
2026-03-08 13:55:03.832730,489830,28198
2026-03-08 13:55:03.832730,2183900,27970
2026-03-08 13:55:03.832730,1905180,27873
2026-03-08 13:55:03.832730,526870,27784
2026-03-08 13:55:03.832730,2073620,27758
2026-03-08 13:55:03.832730,1426210,26730
2026-03-08 13:55:03.832730,582660,26172
2026-03-08 13:55:03.832730,284160,26093
2026-03-08 13:55:03.832730,1158310,25784
2026-03-08 13:55:03.832730,550,25076
2026-03-08 13:55:03.832730,377160,24684
2026-03-08 13:55:03.832730,2358720,24516
2026-03-08 13:55:03.832730,250900,24262
2026-03-08 13:55:03.832730,813780,23964
2026-03-08 13:55:03.832730,4205000,22594
2026-03-08 13:55:03.832730,427520,22329
2026-03-08 13:55:03.832730,2252570,21901
2026-03-08 13:55:03.832730,1818450,21706
2026-03-08 13:55:03.832730,292030,21228
2026-03-08 13:55:03.832730,393380,21194
2026-03-08 13:55:03.832730,240,20950
2026-03-08 13:55:03.832730,2221490,20688
2026-03-08 13:55:03.832730,1449850,20628
2026-03-08 13:55:03.832730,1551360,20314
2026-03-08 13:55:03.832730,766570,20300
2026-03-08 14:20:40.515592,730,1617485
2026-03-08 14:20:40.515592,570,801708
2026-03-08 14:20:40.515592,578080,714875
2026-03-08 14:20:40.515592,2868840,574638
2026-03-08 14:20:40.515592,1172470,218468
2026-03-08 14:20:40.515592,252490,174942
2026-03-08 14:20:40.515592,2507950,162457
2026-03-08 14:20:40.515592,3419430,160704
2026-03-08 14:20:40.515592,3764200,142158
2026-03-08 14:20:40.515592,1808500,139294
2026-03-08 14:20:40.515592,2676230,137740
2026-03-08 14:20:40.515592,238960,133078
2026-03-08 14:20:40.515592,431960,130162
2026-03-08 14:20:40.515592,271590,108909
2026-03-08 14:20:40.515592,413150,104127
2026-03-08 14:20:40.515592,236390,98951
2026-03-08 14:20:40.515592,2357570,87245
2026-03-08 14:20:40.515592,359550,85581
2026-03-08 14:20:40.515592,1203220,78349
2026-03-08 14:20:40.515592,3240220,78324
2026-03-08 14:20:40.515592,105600,76775
2026-03-08 14:20:40.515592,322170,76743
2026-03-08 14:20:40.515592,1422450,69643
2026-03-08 14:20:40.515592,230410,69119
2026-03-08 14:20:40.515592,1086940,62960
2026-03-08 14:20:40.515592,553850,62455
2026-03-08 14:20:40.515592,438100,61576
2026-03-08 14:20:40.515592,3405690,60997
2026-03-08 14:20:40.515592,3241660,59858
2026-03-08 14:20:40.515592,2246340,59221
2026-03-08 14:20:40.515592,1281930,58290
2026-03-08 14:20:40.515592,440,56780
2026-03-08 14:20:40.515592,381210,55819
2026-03-08 14:20:40.515592,394360,55400
2026-03-08 14:20:40.515592,3564740,54908
2026-03-08 14:20:40.515592,227300,53656
2026-03-08 14:20:40.515592,221100,53241
2026-03-08 14:20:40.515592,2807960,52833
2026-03-08 14:20:40.515592,1973530,50030
2026-03-08 14:20:40.515592,1623730,48490
2026-03-08 14:20:40.515592,4465480,48314
2026-03-08 14:20:40.515592,2767030,46916
2026-03-08 14:20:40.515592,686060,46849
2026-03-08 14:20:40.515592,289070,46836
2026-03-08 14:20:40.515592,2622380,45777
2026-03-08 14:20:40.515592,3065800,45473
2026-03-08 14:20:40.515592,2399830,45103
2026-03-08 14:20:40.515592,1366800,44425
2026-03-08 14:20:40.515592,4025700,44032
2026-03-08 14:20:40.515592,1174180,42515
2026-03-08 14:20:40.515592,322330,41873
2026-03-08 14:20:40.515592,3551340,41505
2026-03-08 14:20:40.515592,646570,39189
2026-03-08 14:20:40.515592,294100,38978
2026-03-08 14:20:40.515592,1245620,38435
2026-03-08 14:20:40.515592,1091500,37980
2026-03-08 14:20:40.515592,1938090,37733
2026-03-08 14:20:40.515592,2300320,37561
2026-03-08 14:20:40.515592,108600,36105
2026-03-08 14:20:40.515592,2744880,35934
2026-03-08 14:20:40.515592,1222670,35210
2026-03-08 14:20:40.515592,251570,34800
2026-03-08 14:20:40.515592,261550,34676
2026-03-08 14:20:40.515592,3527290,34126
2026-03-08 14:20:40.515592,2050650,34104
2026-03-08 14:20:40.515592,346110,33290
2026-03-08 14:20:40.515592,1771300,32595
2026-03-08 14:20:40.515592,255710,31303
2026-03-08 14:20:40.515592,1364780,31215
2026-03-08 14:20:40.515592,1142710,31194
2026-03-08 14:20:40.515592,892970,30951
2026-03-08 14:20:40.515592,3472040,30661
2026-03-08 14:20:40.515592,594650,30296
2026-03-08 14:20:40.515592,4000,29875
2026-03-08 14:20:40.515592,489830,28920
2026-03-08 14:20:40.515592,218620,28884
2026-03-08 14:20:40.515592,526870,28508
2026-03-08 14:20:40.515592,2183900,28486
2026-03-08 14:20:40.515592,1905180,28233
2026-03-08 14:20:40.515592,2073620,28108
2026-03-08 14:20:40.515592,284160,26610
2026-03-08 14:20:40.515592,582660,26383
2026-03-08 14:20:40.515592,1158310,26343
2026-03-08 14:20:40.515592,1426210,26206
2026-03-08 14:20:40.515592,377160,25727
2026-03-08 14:20:40.515592,550,25265
2026-03-08 14:20:40.515592,813780,24820
2026-03-08 14:20:40.515592,250900,24394
2026-03-08 14:20:40.515592,2358720,24082
2026-03-08 14:20:40.515592,427520,22834
2026-03-08 14:20:40.515592,1818450,22454
2026-03-08 14:20:40.515592,4205000,22422
2026-03-08 14:20:40.515592,2252570,22051
2026-03-08 14:20:40.515592,292030,21653
2026-03-08 14:20:40.515592,2221490,21389
2026-03-08 14:20:40.515592,393380,21164
2026-03-08 14:20:40.515592,1449850,20601
2026-03-08 14:20:40.515592,240,20428
2026-03-08 14:20:40.515592,766570,20090
2026-03-08 14:20:40.515592,1551360,20071
2026-03-08 14:46:43.870273,730,1599352
2026-03-08 14:46:43.870273,570,803807
2026-03-08 14:46:43.870273,578080,675538
2026-03-08 14:46:43.870273,2868840,571763
2026-03-08 14:46:43.870273,1172470,208589
2026-03-08 14:46:43.870273,252490,177016
2026-03-08 14:46:43.870273,3419430,160434
2026-03-08 14:46:43.870273,2507950,156558
2026-03-08 14:46:43.870273,1808500,146052
2026-03-08 14:46:43.870273,2676230,144585
2026-03-08 14:46:43.870273,3764200,143287
2026-03-08 14:46:43.870273,238960,135741
2026-03-08 14:46:43.870273,431960,128622
2026-03-08 14:46:43.870273,271590,108982
2026-03-08 14:46:43.870273,413150,103481
2026-03-08 14:46:43.870273,236390,98950
2026-03-08 14:46:43.870273,2357570,89656
2026-03-08 14:46:43.870273,359550,88233
2026-03-08 14:46:43.870273,322170,79368
2026-03-08 14:46:43.870273,3240220,77184
2026-03-08 14:46:43.870273,105600,76874
2026-03-08 14:46:43.870273,1203220,73064
2026-03-08 14:46:43.870273,1422450,72492
2026-03-08 14:46:43.870273,230410,69183
2026-03-08 14:46:43.870273,1086940,64750
2026-03-08 14:46:43.870273,3405690,62549
2026-03-08 14:46:43.870273,553850,62540
2026-03-08 14:46:43.870273,438100,62234
2026-03-08 14:46:43.870273,3241660,59900
2026-03-08 14:46:43.870273,1281930,58188
2026-03-08 14:46:43.870273,2246340,57933
2026-03-08 14:46:43.870273,440,57377
2026-03-08 14:46:43.870273,381210,56335
2026-03-08 14:46:43.870273,394360,55647
2026-03-08 14:46:43.870273,221100,54706
2026-03-08 14:46:43.870273,3564740,54285
2026-03-08 14:46:43.870273,227300,54083
2026-03-08 14:46:43.870273,2807960,53650
2026-03-08 14:46:43.870273,4465480,49010
2026-03-08 14:46:43.870273,2767030,48964
2026-03-08 14:46:43.870273,1973530,48790
2026-03-08 14:46:43.870273,1623730,48257
2026-03-08 14:46:43.870273,686060,48242
2026-03-08 14:46:43.870273,3065800,47123
2026-03-08 14:46:43.870273,289070,46777
2026-03-08 14:46:43.870273,2399830,45182
2026-03-08 14:46:43.870273,1366800,44769
2026-03-08 14:46:43.870273,4025700,44252
2026-03-08 14:46:43.870273,2622380,43706
2026-03-08 14:46:43.870273,1174180,42231
2026-03-08 14:46:43.870273,3551340,42003
2026-03-08 14:46:43.870273,322330,40290
2026-03-08 14:46:43.870273,294100,39136
2026-03-08 14:46:43.870273,646570,38988
2026-03-08 14:46:43.870273,1245620,38636
2026-03-08 14:46:43.870273,1938090,38549
2026-03-08 14:46:43.870273,2300320,38480
2026-03-08 14:46:43.870273,1091500,38134
2026-03-08 14:46:43.870273,108600,37057
2026-03-08 14:46:43.870273,1222670,36611
2026-03-08 14:46:43.870273,251570,34855
2026-03-08 14:46:43.870273,261550,34664
2026-03-08 14:46:43.870273,2050650,34316
2026-03-08 14:46:43.870273,3527290,33719
2026-03-08 14:46:43.870273,2744880,33502
2026-03-08 14:46:43.870273,1771300,32982
2026-03-08 14:46:43.870273,346110,32957
2026-03-08 14:46:43.870273,892970,32080
2026-03-08 14:46:43.870273,1142710,31408
2026-03-08 14:46:43.870273,255710,31259
2026-03-08 14:46:43.870273,3472040,30670
2026-03-08 14:46:43.870273,4000,30538
2026-03-08 14:46:43.870273,1364780,30471
2026-03-08 14:46:43.870273,489830,29848
2026-03-08 14:46:43.870273,594650,29545
2026-03-08 14:46:43.870273,218620,29215
2026-03-08 14:46:43.870273,1905180,29215
2026-03-08 14:46:43.870273,526870,29158
2026-03-08 14:46:43.870273,2183900,28538
2026-03-08 14:46:43.870273,2073620,28499
2026-03-08 14:46:43.870273,284160,26935
2026-03-08 14:46:43.870273,1158310,26822
2026-03-08 14:46:43.870273,377160,26671
2026-03-08 14:46:43.870273,582660,26569
2026-03-08 14:46:43.870273,813780,25387
2026-03-08 14:46:43.870273,550,25208
2026-03-08 14:46:43.870273,1426210,24823
2026-03-08 14:46:43.870273,250900,24753
2026-03-08 14:46:43.870273,2358720,23305
2026-03-08 14:46:43.870273,427520,23197
2026-03-08 14:46:43.870273,1818450,23012
2026-03-08 14:46:43.870273,4205000,22187
2026-03-08 14:46:43.870273,2252570,22153
2026-03-08 14:46:43.870273,2221490,21909
2026-03-08 14:46:43.870273,292030,21851
2026-03-08 14:46:43.870273,393380,20720
2026-03-08 14:46:43.870273,1449850,20328
2026-03-08 14:46:43.870273,1551360,19917
2026-03-08 14:46:43.870273,766570,19901
2026-03-08 14:46:43.870273,629520,19851
2026-03-08 15:00:22.681099,730,1571097
2026-03-08 15:00:22.681099,570,804414
2026-03-08 15:00:22.681099,578080,642167
2026-03-08 15:00:22.681099,2868840,563913
2026-03-08 15:00:22.681099,1172470,199096
2026-03-08 15:00:22.681099,252490,177579
2026-03-08 15:00:22.681099,3419430,160182
2026-03-08 15:00:22.681099,1808500,149890
2026-03-08 15:00:22.681099,2507950,149878
2026-03-08 15:00:22.681099,2676230,147511
2026-03-08 15:00:22.681099,3764200,143294
2026-03-08 15:00:22.681099,238960,138530
2026-03-08 15:00:22.681099,431960,126714
2026-03-08 15:00:22.681099,271590,108789
2026-03-08 15:00:22.681099,413150,101879
2026-03-08 15:00:22.681099,236390,98175
2026-03-08 15:00:22.681099,2357570,90353
2026-03-08 15:00:22.681099,359550,89010
2026-03-08 15:00:22.681099,322170,81080
2026-03-08 15:00:22.681099,3240220,76599
2026-03-08 15:00:22.681099,105600,76382
2026-03-08 15:00:22.681099,1422450,74186
2026-03-08 15:00:22.681099,230410,69020
2026-03-08 15:00:22.681099,1203220,68014
2026-03-08 15:00:22.681099,1086940,65481
2026-03-08 15:00:22.681099,3405690,63187
2026-03-08 15:00:22.681099,438100,62420
2026-03-08 15:00:22.681099,553850,62142
2026-03-08 15:00:22.681099,3241660,58306
2026-03-08 15:00:22.681099,1281930,57699
2026-03-08 15:00:22.681099,440,57696
2026-03-08 15:00:22.681099,2246340,56698
2026-03-08 15:00:22.681099,381210,56029
2026-03-08 15:00:22.681099,221100,55432
2026-03-08 15:00:22.681099,394360,55360
2026-03-08 15:00:22.681099,227300,54173
2026-03-08 15:00:22.681099,3564740,53638
2026-03-08 15:00:22.681099,2807960,53624
2026-03-08 15:00:22.681099,2767030,49934
2026-03-08 15:00:22.681099,4465480,49292
2026-03-08 15:00:22.681099,686060,48834
2026-03-08 15:00:22.681099,3065800,47931
2026-03-08 15:00:22.681099,1623730,47673
2026-03-08 15:00:22.681099,1973530,47656
2026-03-08 15:00:22.681099,289070,46587
2026-03-08 15:00:22.681099,2399830,45111
2026-03-08 15:00:22.681099,1366800,45009
2026-03-08 15:00:22.681099,4025700,44370
2026-03-08 15:00:22.681099,3551340,42153
2026-03-08 15:00:22.681099,1174180,41749
2026-03-08 15:00:22.681099,2622380,41384
2026-03-08 15:00:22.681099,294100,38987
2026-03-08 15:00:22.681099,1938090,38889
2026-03-08 15:00:22.681099,2300320,38877
2026-03-08 15:00:22.681099,646570,38612
2026-03-08 15:00:22.681099,1245620,38450
2026-03-08 15:00:22.681099,322330,38430
2026-03-08 15:00:22.681099,1091500,38096
2026-03-08 15:00:22.681099,108600,37238
2026-03-08 15:00:22.681099,1222670,37053
2026-03-08 15:00:22.681099,251570,34869
2026-03-08 15:00:22.681099,261550,34496
2026-03-08 15:00:22.681099,2050650,34226
2026-03-08 15:00:22.681099,1771300,33129
2026-03-08 15:00:22.681099,3527290,32894
2026-03-08 15:00:22.681099,892970,32658
2026-03-08 15:00:22.681099,346110,32657
2026-03-08 15:00:22.681099,1142710,31483
2026-03-08 15:00:22.681099,2744880,31012
2026-03-08 15:00:22.681099,4000,30810
2026-03-08 15:00:22.681099,255710,30544
2026-03-08 15:00:22.681099,489830,30464
2026-03-08 15:00:22.681099,3472040,30324
2026-03-08 15:00:22.681099,526870,29561
2026-03-08 15:00:22.681099,1364780,29366
2026-03-08 15:00:22.681099,218620,29019
2026-03-08 15:00:22.681099,1905180,28970
2026-03-08 15:00:22.681099,2073620,28693
2026-03-08 15:00:22.681099,2183900,28564
2026-03-08 15:00:22.681099,594650,28532
2026-03-08 15:00:22.681099,284160,27403
2026-03-08 15:00:22.681099,377160,27209
2026-03-08 15:00:22.681099,1158310,26980
2026-03-08 15:00:22.681099,582660,26814
2026-03-08 15:00:22.681099,813780,25471
2026-03-08 15:00:22.681099,550,24962
2026-03-08 15:00:22.681099,250900,24876
2026-03-08 15:00:22.681099,427520,23354
2026-03-08 15:00:22.681099,1426210,22983
2026-03-08 15:00:22.681099,1818450,22947
2026-03-08 15:00:22.681099,2358720,22408
2026-03-08 15:00:22.681099,2221490,22394
2026-03-08 15:00:22.681099,2252570,22146
2026-03-08 15:00:22.681099,292030,21831
2026-03-08 15:00:22.681099,4205000,21798
2026-03-08 15:00:22.681099,393380,20425
2026-03-08 15:00:22.681099,629520,19915
2026-03-08 15:00:22.681099,1449850,19902
2026-03-08 15:00:22.681099,1149460,19756
2026-03-08 15:00:22.681099,766570,19634
2026-03-08 15:34:07.180909,730,1481796
2026-03-08 15:34:07.180909,570,793438
2026-03-08 15:34:07.180909,578080,536060
2026-03-08 15:34:07.180909,2868840,520037
2026-03-08 15:34:07.180909,252490,180011
2026-03-08 15:34:07.180909,1172470,165429
2026-03-08 15:34:07.180909,1808500,157723
2026-03-08 15:34:07.180909,3419430,156762
2026-03-08 15:34:07.180909,2676230,153790
2026-03-08 15:34:07.180909,238960,143168
2026-03-08 15:34:07.180909,3764200,141107
2026-03-08 15:34:07.180909,2507950,127544
2026-03-08 15:34:07.180909,431960,117564
2026-03-08 15:34:07.180909,271590,107677
2026-03-08 15:34:07.180909,236390,94597
2026-03-08 15:34:07.180909,413150,93937
2026-03-08 15:34:07.180909,359550,90840
2026-03-08 15:34:07.180909,2357570,90557
2026-03-08 15:34:07.180909,322170,84763
2026-03-08 15:34:07.180909,1422450,77231
2026-03-08 15:34:07.180909,105600,72496
2026-03-08 15:34:07.180909,3240220,71858
2026-03-08 15:34:07.180909,230410,67310
2026-03-08 15:34:07.180909,1086940,66254
2026-03-08 15:34:07.180909,3405690,63610
2026-03-08 15:34:07.180909,438100,61032
2026-03-08 15:34:07.180909,553850,60326
2026-03-08 15:34:07.180909,440,58849
2026-03-08 15:34:07.180909,221100,57360
2026-03-08 15:34:07.180909,381210,55521
2026-03-08 15:34:07.180909,1281930,54171
2026-03-08 15:34:07.180909,394360,53993
2026-03-08 15:34:07.180909,227300,53640
2026-03-08 15:34:07.180909,2807960,53113
2026-03-08 15:34:07.180909,2767030,53084
2026-03-08 15:34:07.180909,1203220,52408
2026-03-08 15:34:07.180909,2246340,51242
2026-03-08 15:34:07.180909,3564740,51002
2026-03-08 15:34:07.180909,686060,50303
2026-03-08 15:34:07.180909,4465480,50092
2026-03-08 15:34:07.180909,3065800,49997
2026-03-08 15:34:07.180909,3241660,49970
2026-03-08 15:34:07.180909,1366800,45687
2026-03-08 15:34:07.180909,289070,44891
2026-03-08 15:34:07.180909,1623730,44808
2026-03-08 15:34:07.180909,2399830,44103
2026-03-08 15:34:07.180909,4025700,43813
2026-03-08 15:34:07.180909,1973530,43294
2026-03-08 15:34:07.180909,3551340,42541
2026-03-08 15:34:07.180909,2300320,40334
2026-03-08 15:34:07.180909,1174180,39964
2026-03-08 15:34:07.180909,1938090,39616
2026-03-08 15:34:07.180909,294100,38242
2026-03-08 15:34:07.180909,1222670,37931
2026-03-08 15:34:07.180909,108600,37503
2026-03-08 15:34:07.180909,1245620,36899
2026-03-08 15:34:07.180909,1091500,36587
2026-03-08 15:34:07.180909,646570,35366
2026-03-08 15:34:07.180909,2622380,34671
2026-03-08 15:34:07.180909,251570,34080
2026-03-08 15:34:07.180909,892970,33675
2026-03-08 15:34:07.180909,261550,33407
2026-03-08 15:34:07.180909,322330,32998
2026-03-08 15:34:07.180909,2050650,32746
2026-03-08 15:34:07.180909,1771300,32588
2026-03-08 15:34:07.180909,4000,31812
2026-03-08 15:34:07.180909,1142710,31508
2026-03-08 15:34:07.180909,346110,31356
2026-03-08 15:34:07.180909,489830,31271
2026-03-08 15:34:07.180909,526870,30253
2026-03-08 15:34:07.180909,218620,29262
2026-03-08 15:34:07.180909,3527290,29133
2026-03-08 15:34:07.180909,2073620,28620
2026-03-08 15:34:07.180909,284160,28429
2026-03-08 15:34:07.180909,377160,28370
2026-03-08 15:34:07.180909,255710,28323
2026-03-08 15:34:07.180909,3472040,28246
2026-03-08 15:34:07.180909,2183900,28179
2026-03-08 15:34:07.180909,1905180,27974
2026-03-08 15:34:07.180909,1158310,27110
2026-03-08 15:34:07.180909,582660,27099
2026-03-08 15:34:07.180909,813780,25457
2026-03-08 15:34:07.180909,1364780,25119
2026-03-08 15:34:07.180909,594650,24746
2026-03-08 15:34:07.180909,250900,24744
2026-03-08 15:34:07.180909,550,23785
2026-03-08 15:34:07.180909,427520,23666
2026-03-08 15:34:07.180909,2221490,23042
2026-03-08 15:34:07.180909,1818450,22607
2026-03-08 15:34:07.180909,2252570,21861
2026-03-08 15:34:07.180909,2744880,21553
2026-03-08 15:34:07.180909,240,21473
2026-03-08 15:34:07.180909,292030,21379
2026-03-08 15:34:07.180909,252950,20861
2026-03-08 15:34:07.180909,1149460,20507
2026-03-08 15:34:07.180909,4205000,20277
2026-03-08 15:34:07.180909,629520,19831
2026-03-08 15:34:07.180909,1203620,19778
2026-03-08 15:34:07.180909,2358720,19196
2026-03-08 15:34:07.180909,8930,19050
2026-03-08 15:50:38.724372,730,1447252
2026-03-08 15:50:38.724372,570,783228
2026-03-08 15:50:38.724372,2868840,495213
2026-03-08 15:50:38.724372,578080,491582
2026-03-08 15:50:38.724372,252490,181074
2026-03-08 15:50:38.724372,1808500,161794
2026-03-08 15:50:38.724372,2676230,156799
2026-03-08 15:50:38.724372,3419430,153339
2026-03-08 15:50:38.724372,1172470,152099
2026-03-08 15:50:38.724372,238960,144457
2026-03-08 15:50:38.724372,3764200,139694
2026-03-08 15:50:38.724372,2507950,117722
2026-03-08 15:50:38.724372,431960,112896
2026-03-08 15:50:38.724372,271590,107430
2026-03-08 15:50:38.724372,236390,93371
2026-03-08 15:50:38.724372,359550,92214
2026-03-08 15:50:38.724372,2357570,91195
2026-03-08 15:50:38.724372,413150,90374
2026-03-08 15:50:38.724372,322170,87034
2026-03-08 15:50:38.724372,1422450,78843
2026-03-08 15:50:38.724372,105600,70458
2026-03-08 15:50:38.724372,3240220,69475
2026-03-08 15:50:38.724372,1086940,66674
2026-03-08 15:50:38.724372,230410,66460
2026-03-08 15:50:38.724372,3405690,63516
2026-03-08 15:50:38.724372,438100,60155
2026-03-08 15:50:38.724372,553850,59897
2026-03-08 15:50:38.724372,440,59367
2026-03-08 15:50:38.724372,221100,58154
2026-03-08 15:50:38.724372,381210,55250
2026-03-08 15:50:38.724372,2767030,54366
2026-03-08 15:50:38.724372,394360,53370
2026-03-08 15:50:38.724372,227300,53328
2026-03-08 15:50:38.724372,2807960,53210
2026-03-08 15:50:38.724372,1281930,52260
2026-03-08 15:50:38.724372,3065800,51110
2026-03-08 15:50:38.724372,686060,50934
2026-03-08 15:50:38.724372,4465480,49950
2026-03-08 15:50:38.724372,3564740,49706
2026-03-08 15:50:38.724372,2246340,49004
2026-03-08 15:50:38.724372,3241660,46774
2026-03-08 15:50:38.724372,1203220,46326
2026-03-08 15:50:38.724372,1366800,45910
2026-03-08 15:50:38.724372,289070,43899
2026-03-08 15:50:38.724372,2399830,43823
2026-03-08 15:50:38.724372,1623730,43456
2026-03-08 15:50:38.724372,4025700,43384
2026-03-08 15:50:38.724372,3551340,42523
2026-03-08 15:50:38.724372,1973530,41191
2026-03-08 15:50:38.724372,2300320,41070
2026-03-08 15:50:38.724372,1938090,40083
2026-03-08 15:50:38.724372,1174180,39030
2026-03-08 15:50:38.724372,1222670,38326
2026-03-08 15:50:38.724372,294100,37789
2026-03-08 15:50:38.724372,108600,37550
2026-03-08 15:50:38.724372,1245620,36208
2026-03-08 15:50:38.724372,1091500,36104
2026-03-08 15:50:38.724372,892970,34137
2026-03-08 15:50:38.724372,251570,33616
2026-03-08 15:50:38.724372,646570,33608
2026-03-08 15:50:38.724372,261550,32701
2026-03-08 15:50:38.724372,1771300,32433
2026-03-08 15:50:38.724372,4000,32146
2026-03-08 15:50:38.724372,2050650,32063
2026-03-08 15:50:38.724372,2622380,31934
2026-03-08 15:50:38.724372,489830,31642
2026-03-08 15:50:38.724372,1142710,31558
2026-03-08 15:50:38.724372,346110,30815
2026-03-08 15:50:38.724372,526870,30620
2026-03-08 15:50:38.724372,322330,30540
2026-03-08 15:50:38.724372,377160,28971
2026-03-08 15:50:38.724372,284160,28828
2026-03-08 15:50:38.724372,2073620,28648
2026-03-08 15:50:38.724372,218620,28602
2026-03-08 15:50:38.724372,2183900,27784
2026-03-08 15:50:38.724372,1905180,27603
2026-03-08 15:50:38.724372,255710,27341
2026-03-08 15:50:38.724372,3527290,27250
2026-03-08 15:50:38.724372,3472040,27196
2026-03-08 15:50:38.724372,1158310,27159
2026-03-08 15:50:38.724372,582660,27069
2026-03-08 15:50:38.724372,813780,25359
2026-03-08 15:50:38.724372,250900,24455
2026-03-08 15:50:38.724372,427520,23864
2026-03-08 15:50:38.724372,594650,23428
2026-03-08 15:50:38.724372,2221490,23371
2026-03-08 15:50:38.724372,550,23350
2026-03-08 15:50:38.724372,1364780,23345
2026-03-08 15:50:38.724372,1818450,22728
2026-03-08 15:50:38.724372,2252570,21764
2026-03-08 15:50:38.724372,240,21665
2026-03-08 15:50:38.724372,252950,21605
2026-03-08 15:50:38.724372,292030,21160
2026-03-08 15:50:38.724372,1149460,20855
2026-03-08 15:50:38.724372,1203620,19946
2026-03-08 15:50:38.724372,629520,19793
2026-03-08 15:50:38.724372,4205000,19437
2026-03-08 15:50:38.724372,8930,19215
2026-03-08 15:50:38.724372,3164500,18587
2026-03-08 15:50:38.724372,766570,18366
2026-03-08 16:13:26.739776,730,1403431
2026-03-08 16:13:26.739776,570,773225
2026-03-08 16:13:26.739776,2868840,452452
2026-03-08 16:13:26.739776,578080,422468
2026-03-08 16:13:26.739776,252490,182789
2026-03-08 16:13:26.739776,1808500,167183
2026-03-08 16:13:26.739776,2676230,156923
2026-03-08 16:13:26.739776,3419430,150424
2026-03-08 16:13:26.739776,238960,145455
2026-03-08 16:13:26.739776,3764200,137690
2026-03-08 16:13:26.739776,1172470,133073
2026-03-08 16:13:26.739776,271590,107401
2026-03-08 16:13:26.739776,431960,105488
2026-03-08 16:13:26.739776,2507950,103401
2026-03-08 16:13:26.739776,359550,94444
2026-03-08 16:13:26.739776,236390,91495
2026-03-08 16:13:26.739776,2357570,91431
2026-03-08 16:13:26.739776,322170,89154
2026-03-08 16:13:26.739776,413150,85136
2026-03-08 16:13:26.739776,1422450,81419
2026-03-08 16:13:26.739776,105600,67875
2026-03-08 16:13:26.739776,1086940,66946
2026-03-08 16:13:26.739776,3240220,66036
2026-03-08 16:13:26.739776,230410,65128
2026-03-08 16:13:26.739776,3405690,62930
2026-03-08 16:13:26.739776,440,60021
2026-03-08 16:13:26.739776,221100,58850
2026-03-08 16:13:26.739776,438100,58645
2026-03-08 16:13:26.739776,553850,58630
2026-03-08 16:13:26.739776,2767030,56382
2026-03-08 16:13:26.739776,381210,54447
2026-03-08 16:13:26.739776,2807960,53136
2026-03-08 16:13:26.739776,3065800,52452
2026-03-08 16:13:26.739776,394360,52339
2026-03-08 16:13:26.739776,227300,51936
2026-03-08 16:13:26.739776,686060,51269
2026-03-08 16:13:26.739776,1281930,49652
2026-03-08 16:13:26.739776,4465480,49514
2026-03-08 16:13:26.739776,3564740,47070
2026-03-08 16:13:26.739776,1366800,46638
2026-03-08 16:13:26.739776,2246340,45456
2026-03-08 16:13:26.739776,2399830,43410
2026-03-08 16:13:26.739776,3241660,42582
2026-03-08 16:13:26.739776,3551340,42534
2026-03-08 16:13:26.739776,289070,42365
2026-03-08 16:13:26.739776,4025700,42345
2026-03-08 16:13:26.739776,2300320,41678
2026-03-08 16:13:26.739776,1623730,41534
2026-03-08 16:13:26.739776,1938090,40592
2026-03-08 16:13:26.739776,1222670,38827
2026-03-08 16:13:26.739776,1973530,37973
2026-03-08 16:13:26.739776,1203220,37699
2026-03-08 16:13:26.739776,1174180,37535
2026-03-08 16:13:26.739776,108600,37476
2026-03-08 16:13:26.739776,294100,37108
2026-03-08 16:13:26.739776,1091500,35206
2026-03-08 16:13:26.739776,1245620,35041
2026-03-08 16:13:26.739776,892970,34499
2026-03-08 16:13:26.739776,251570,32968
2026-03-08 16:13:26.739776,4000,32742
2026-03-08 16:13:26.739776,489830,32071
2026-03-08 16:13:26.739776,1771300,31840
2026-03-08 16:13:26.739776,1142710,31495
2026-03-08 16:13:26.739776,261550,31401
2026-03-08 16:13:26.739776,2050650,31286
2026-03-08 16:13:26.739776,526870,30835
2026-03-08 16:13:26.739776,646570,30576
2026-03-08 16:13:26.739776,346110,29868
2026-03-08 16:13:26.739776,284160,29524
2026-03-08 16:13:26.739776,377160,29504
2026-03-08 16:13:26.739776,218620,29174
2026-03-08 16:13:26.739776,2073620,28618
2026-03-08 16:13:26.739776,2622380,27519
2026-03-08 16:13:26.739776,2183900,27453
2026-03-08 16:13:26.739776,1158310,27130
2026-03-08 16:13:26.739776,582660,27098
2026-03-08 16:13:26.739776,1905180,27044
2026-03-08 16:13:26.739776,322330,26876
2026-03-08 16:13:26.739776,255710,25675
2026-03-08 16:13:26.739776,3472040,25529
2026-03-08 16:13:26.739776,3527290,25111
2026-03-08 16:13:26.739776,813780,24997
2026-03-08 16:13:26.739776,250900,24202
2026-03-08 16:13:26.739776,427520,23982
2026-03-08 16:13:26.739776,2221490,23825
2026-03-08 16:13:26.739776,1818450,22860
2026-03-08 16:13:26.739776,550,22753
2026-03-08 16:13:26.739776,252950,22514
2026-03-08 16:13:26.739776,2252570,21531
2026-03-08 16:13:26.739776,594650,21323
2026-03-08 16:13:26.739776,1149460,21295
2026-03-08 16:13:26.739776,240,21192
2026-03-08 16:13:26.739776,292030,20820
2026-03-08 16:13:26.739776,1364780,20589
2026-03-08 16:13:26.739776,1203620,20090
2026-03-08 16:13:26.739776,629520,19879
2026-03-08 16:13:26.739776,8930,19453
2026-03-08 16:13:26.739776,1151340,19380
2026-03-08 16:13:26.739776,3164500,19215
2026-03-08 16:13:26.739776,739630,18590
2026-03-08 16:46:27.855550,730,1387401
2026-03-08 16:46:27.855550,570,767128
2026-03-08 16:46:27.855550,2868840,394136
2026-03-08 16:46:27.855550,578080,351501
2026-03-08 16:46:27.855550,252490,186369
2026-03-08 16:46:27.855550,1808500,180186
2026-03-08 16:46:27.855550,2676230,168604
2026-03-08 16:46:27.855550,238960,150135
2026-03-08 16:46:27.855550,3419430,147714
2026-03-08 16:46:27.855550,3764200,134775
2026-03-08 16:46:27.855550,1172470,112780
2026-03-08 16:46:27.855550,271590,106615
2026-03-08 16:46:27.855550,359550,101078
2026-03-08 16:46:27.855550,322170,94642
2026-03-08 16:46:27.855550,431960,93455
2026-03-08 16:46:27.855550,2357570,92238
2026-03-08 16:46:27.855550,236390,90169
2026-03-08 16:46:27.855550,1422450,86566
2026-03-08 16:46:27.855550,2507950,85759
2026-03-08 16:46:27.855550,413150,80396
2026-03-08 16:46:27.855550,1086940,68431
2026-03-08 16:46:27.855550,105600,65215
2026-03-08 16:46:27.855550,3405690,63358
2026-03-08 16:46:27.855550,230410,63323
2026-03-08 16:46:27.855550,3240220,62410
2026-03-08 16:46:27.855550,2767030,61567
2026-03-08 16:46:27.855550,440,61463
2026-03-08 16:46:27.855550,221100,60982
2026-03-08 16:46:27.855550,553850,58837
2026-03-08 16:46:27.855550,438100,55780
2026-03-08 16:46:27.855550,3065800,55494
2026-03-08 16:46:27.855550,381210,54864
2026-03-08 16:46:27.855550,2807960,54032
2026-03-08 16:46:27.855550,686060,52363
2026-03-08 16:46:27.855550,227300,51847
2026-03-08 16:46:27.855550,394360,51153
2026-03-08 16:46:27.855550,4465480,49998
2026-03-08 16:46:27.855550,1366800,47744
2026-03-08 16:46:27.855550,1281930,46814
2026-03-08 16:46:27.855550,2300320,43264
2026-03-08 16:46:27.855550,3564740,43104
2026-03-08 16:46:27.855550,1938090,42848
2026-03-08 16:46:27.855550,2399830,42734
2026-03-08 16:46:27.855550,3551340,42647
2026-03-08 16:46:27.855550,2246340,40994
2026-03-08 16:46:27.855550,4025700,40313
2026-03-08 16:46:27.855550,289070,40071
2026-03-08 16:46:27.855550,1222670,39501
2026-03-08 16:46:27.855550,3241660,39103
2026-03-08 16:46:27.855550,1623730,38904
2026-03-08 16:46:27.855550,108600,37057
2026-03-08 16:46:27.855550,1174180,36331
2026-03-08 16:46:27.855550,294100,35781
2026-03-08 16:46:27.855550,892970,35738
2026-03-08 16:46:27.855550,4000,34288
2026-03-08 16:46:27.855550,1973530,34194
2026-03-08 16:46:27.855550,1091500,34114
2026-03-08 16:46:27.855550,1245620,33882
2026-03-08 16:46:27.855550,489830,32924
2026-03-08 16:46:27.855550,251570,32140
2026-03-08 16:46:27.855550,526870,31681
2026-03-08 16:46:27.855550,284160,31183
2026-03-08 16:46:27.855550,1142710,31061
2026-03-08 16:46:27.855550,1771300,30914
2026-03-08 16:46:27.855550,377160,30490
2026-03-08 16:46:27.855550,218620,30277
2026-03-08 16:46:27.855550,261550,29905
2026-03-08 16:46:27.855550,2050650,29826
2026-03-08 16:46:27.855550,2073620,29090
2026-03-08 16:46:27.855550,346110,28768
2026-03-08 16:46:27.855550,1203220,28108
2026-03-08 16:46:27.855550,582660,27236
2026-03-08 16:46:27.855550,2183900,27130
2026-03-08 16:46:27.855550,1158310,27032
2026-03-08 16:46:27.855550,646570,26720
2026-03-08 16:46:27.855550,1905180,26072
2026-03-08 16:46:27.855550,813780,24946
2026-03-08 16:46:27.855550,427520,24488
2026-03-08 16:46:27.855550,2221490,24456
2026-03-08 16:46:27.855550,252950,24432
2026-03-08 16:46:27.855550,250900,23947
2026-03-08 16:46:27.855550,1818450,23793
2026-03-08 16:46:27.855550,255710,23700
2026-03-08 16:46:27.855550,3527290,23394
2026-03-08 16:46:27.855550,3472040,23309
2026-03-08 16:46:27.855550,2622380,23293
2026-03-08 16:46:27.855550,550,22775
2026-03-08 16:46:27.855550,1149460,22107
2026-03-08 16:46:27.855550,322330,21884
2026-03-08 16:46:27.855550,2252570,21065
2026-03-08 16:46:27.855550,1151340,20848
2026-03-08 16:46:27.855550,1203620,20730
2026-03-08 16:46:27.855550,292030,20560
2026-03-08 16:46:27.855550,3164500,20288
2026-03-08 16:46:27.855550,629520,20211
2026-03-08 16:46:27.855550,8930,19847
2026-03-08 16:46:27.855550,594650,19477
2026-03-08 16:46:27.855550,739630,19473
2026-03-08 16:46:27.855550,2923300,19448
2026-03-08 16:46:27.855550,39210,18351
2026-03-08 17:02:23.651650,730,1388048
2026-03-08 17:02:23.651650,570,765225
2026-03-08 17:02:23.651650,2868840,374941
2026-03-08 17:02:23.651650,578080,331211
2026-03-08 17:02:23.651650,252490,186915
2026-03-08 17:02:23.651650,1808500,183131
2026-03-08 17:02:23.651650,2676230,169474
2026-03-08 17:02:23.651650,238960,150978
2026-03-08 17:02:23.651650,3419430,146584
2026-03-08 17:02:23.651650,3764200,134185
2026-03-08 17:02:23.651650,1172470,107298
2026-03-08 17:02:23.651650,271590,106322
2026-03-08 17:02:23.651650,359550,102648
2026-03-08 17:02:23.651650,322170,95791
2026-03-08 17:02:23.651650,2357570,92689
2026-03-08 17:02:23.651650,236390,90136
2026-03-08 17:02:23.651650,431960,89238
2026-03-08 17:02:23.651650,1422450,87628
2026-03-08 17:02:23.651650,2507950,80239
2026-03-08 17:02:23.651650,413150,79534
2026-03-08 17:02:23.651650,1086940,68662
2026-03-08 17:02:23.651650,105600,64703
2026-03-08 17:02:23.651650,3405690,63496
2026-03-08 17:02:23.651650,2767030,62940
2026-03-08 17:02:23.651650,230410,62739
2026-03-08 17:02:23.651650,440,61508
2026-03-08 17:02:23.651650,3240220,61339
2026-03-08 17:02:23.651650,221100,61330
2026-03-08 17:02:23.651650,553850,59032
2026-03-08 17:02:23.651650,3065800,56263
2026-03-08 17:02:23.651650,381210,55030
2026-03-08 17:02:23.651650,438100,54900
2026-03-08 17:02:23.651650,2807960,54210
2026-03-08 17:02:23.651650,686060,52579
2026-03-08 17:02:23.651650,227300,51865
2026-03-08 17:02:23.651650,394360,50883
2026-03-08 17:02:23.651650,4465480,50081
2026-03-08 17:02:23.651650,1366800,48318
2026-03-08 17:02:23.651650,1281930,46395
2026-03-08 17:02:23.651650,2300320,43742
2026-03-08 17:02:23.651650,1938090,43307
2026-03-08 17:02:23.651650,3551340,42652
2026-03-08 17:02:23.651650,2399830,42525
2026-03-08 17:02:23.651650,3564740,41549
2026-03-08 17:02:23.651650,1222670,39811
2026-03-08 17:02:23.651650,289070,39542
2026-03-08 17:02:23.651650,4025700,39538
2026-03-08 17:02:23.651650,2246340,39487
2026-03-08 17:02:23.651650,3241660,38805
2026-03-08 17:02:23.651650,1623730,38054
2026-03-08 17:02:23.651650,108600,37099
2026-03-08 17:02:23.651650,1174180,36232
2026-03-08 17:02:23.651650,892970,36116
2026-03-08 17:02:23.651650,294100,35427
2026-03-08 17:02:23.651650,4000,34694
2026-03-08 17:02:23.651650,1091500,33817
2026-03-08 17:02:23.651650,1245620,33658
2026-03-08 17:02:23.651650,489830,33202
2026-03-08 17:02:23.651650,1973530,32876
2026-03-08 17:02:23.651650,251570,32144
2026-03-08 17:02:23.651650,526870,31857
2026-03-08 17:02:23.651650,284160,31471
2026-03-08 17:02:23.651650,1142710,30800
2026-03-08 17:02:23.651650,377160,30734
2026-03-08 17:02:23.651650,1771300,30695
2026-03-08 17:02:23.651650,218620,30659
2026-03-08 17:02:23.651650,261550,29739
2026-03-08 17:02:23.651650,2050650,29581
2026-03-08 17:02:23.651650,2073620,29249
2026-03-08 17:02:23.651650,346110,28375
2026-03-08 17:02:23.651650,582660,27369
2026-03-08 17:02:23.651650,1158310,27070
2026-03-08 17:02:23.651650,2183900,27067
2026-03-08 17:02:23.651650,1905180,25769
2026-03-08 17:02:23.651650,646570,25508
2026-03-08 17:02:23.651650,1203220,25318
2026-03-08 17:02:23.651650,252950,24936
2026-03-08 17:02:23.651650,813780,24877
2026-03-08 17:02:23.651650,427520,24562
2026-03-08 17:02:23.651650,2221490,24489
2026-03-08 17:02:23.651650,1818450,24454
2026-03-08 17:02:23.651650,250900,24031
2026-03-08 17:02:23.651650,255710,23086
2026-03-08 17:02:23.651650,3527290,23030
2026-03-08 17:02:23.651650,550,22784
2026-03-08 17:02:23.651650,3472040,22560
2026-03-08 17:02:23.651650,1149460,22262
2026-03-08 17:02:23.651650,2622380,21993
2026-03-08 17:02:23.651650,1151340,21301
2026-03-08 17:02:23.651650,322330,21065
2026-03-08 17:02:23.651650,2252570,20921
2026-03-08 17:02:23.651650,1203620,20856
2026-03-08 17:02:23.651650,3164500,20584
2026-03-08 17:02:23.651650,292030,20399
2026-03-08 17:02:23.651650,629520,20339
2026-03-08 17:02:23.651650,739630,19915
2026-03-08 17:02:23.651650,8930,19904
2026-03-08 17:02:23.651650,594650,18953
2026-03-08 17:02:23.651650,39210,18552
2026-03-08 17:02:23.651650,2923300,18162
2026-03-08 17:33:38.101440,730,1399038
2026-03-08 17:33:38.101440,570,759788
2026-03-08 17:33:38.101440,2868840,347438
2026-03-08 17:33:38.101440,578080,302407
2026-03-08 17:33:38.101440,1808500,190911
2026-03-08 17:33:38.101440,252490,188995
2026-03-08 17:33:38.101440,2676230,174576
2026-03-08 17:33:38.101440,238960,152855
2026-03-08 17:33:38.101440,3419430,145601
2026-03-08 17:33:38.101440,3764200,133344
2026-03-08 17:33:38.101440,359550,108124
2026-03-08 17:33:38.101440,271590,106215
2026-03-08 17:33:38.101440,1172470,99461
2026-03-08 17:33:38.101440,322170,99010
2026-03-08 17:33:38.101440,2357570,91844
2026-03-08 17:33:38.101440,1422450,91442
2026-03-08 17:33:38.101440,236390,90602
2026-03-08 17:33:38.101440,431960,83037
2026-03-08 17:33:38.101440,413150,77905
2026-03-08 17:33:38.101440,2507950,72235
2026-03-08 17:33:38.101440,1086940,70341
2026-03-08 17:33:38.101440,2767030,67270
2026-03-08 17:33:38.101440,105600,64515
2026-03-08 17:33:38.101440,221100,62803
2026-03-08 17:33:38.101440,3405690,62729
2026-03-08 17:33:38.101440,440,62073
2026-03-08 17:33:38.101440,230410,61991
2026-03-08 17:33:38.101440,3240220,59990
2026-03-08 17:33:38.101440,553850,59738
2026-03-08 17:33:38.101440,3065800,58975
2026-03-08 17:33:38.101440,381210,55801
2026-03-08 17:33:38.101440,2807960,54784
2026-03-08 17:33:38.101440,686060,53602
2026-03-08 17:33:38.101440,438100,53062
2026-03-08 17:33:38.101440,227300,52253
2026-03-08 17:33:38.101440,4465480,51158
2026-03-08 17:33:38.101440,394360,50312
2026-03-08 17:33:38.101440,1366800,49601
2026-03-08 17:33:38.101440,1281930,45422
2026-03-08 17:33:38.101440,1938090,45350
2026-03-08 17:33:38.101440,2300320,44935
2026-03-08 17:33:38.101440,3551340,42686
2026-03-08 17:33:38.101440,2399830,41996
2026-03-08 17:33:38.101440,1222670,40273
2026-03-08 17:33:38.101440,289070,38704
2026-03-08 17:33:38.101440,3241660,38311
2026-03-08 17:33:38.101440,4025700,37762
2026-03-08 17:33:38.101440,892970,37426
2026-03-08 17:33:38.101440,3564740,37391
2026-03-08 17:33:38.101440,108600,37171
2026-03-08 17:33:38.101440,2246340,37043
2026-03-08 17:33:38.101440,1623730,36802
2026-03-08 17:33:38.101440,4000,36018
2026-03-08 17:33:38.101440,1174180,35767
2026-03-08 17:33:38.101440,294100,34872
2026-03-08 17:33:38.101440,489830,33711
2026-03-08 17:33:38.101440,1245620,33492
2026-03-08 17:33:38.101440,1091500,33349
2026-03-08 17:33:38.101440,284160,32547
2026-03-08 17:33:38.101440,526870,32399
2026-03-08 17:33:38.101440,251570,31905
2026-03-08 17:33:38.101440,377160,31163
2026-03-08 17:33:38.101440,1973530,31034
2026-03-08 17:33:38.101440,1142710,30509
2026-03-08 17:33:38.101440,1771300,30385
2026-03-08 17:33:38.101440,218620,30213
2026-03-08 17:33:38.101440,2073620,29671
2026-03-08 17:33:38.101440,2050650,28948
2026-03-08 17:33:38.101440,261550,28938
2026-03-08 17:33:38.101440,346110,27825
2026-03-08 17:33:38.101440,582660,27545
2026-03-08 17:33:38.101440,1158310,27212
2026-03-08 17:33:38.101440,2183900,26744
2026-03-08 17:33:38.101440,252950,26647
2026-03-08 17:33:38.101440,2221490,25195
2026-03-08 17:33:38.101440,1905180,25065
2026-03-08 17:33:38.101440,813780,24960
2026-03-08 17:33:38.101440,1818450,24866
2026-03-08 17:33:38.101440,427520,24855
2026-03-08 17:33:38.101440,250900,24171
2026-03-08 17:33:38.101440,646570,23697
2026-03-08 17:33:38.101440,3527290,23684
2026-03-08 17:33:38.101440,550,22918
2026-03-08 17:33:38.101440,1149460,22852
2026-03-08 17:33:38.101440,1151340,22447
2026-03-08 17:33:38.101440,255710,22366
2026-03-08 17:33:38.101440,240,22230
2026-03-08 17:33:38.101440,3164500,21458
2026-03-08 17:33:38.101440,1203220,21243
2026-03-08 17:33:38.101440,3472040,21242
2026-03-08 17:33:38.101440,1203620,21123
2026-03-08 17:33:38.101440,739630,21111
2026-03-08 17:33:38.101440,629520,20811
2026-03-08 17:33:38.101440,2252570,20766
2026-03-08 17:33:38.101440,292030,20298
2026-03-08 17:33:38.101440,2622380,20200
2026-03-08 17:33:38.101440,8930,20182
2026-03-08 17:33:38.101440,39210,19298
2026-03-08 17:33:38.101440,322330,19253
2026-03-08 17:33:38.101440,2923300,19130
2026-03-08 17:52:53.074773,730,1409884
2026-03-08 17:52:53.074773,570,754491
2026-03-08 17:52:53.074773,2868840,331584
2026-03-08 17:52:53.074773,578080,285214
2026-03-08 17:52:53.074773,1808500,196688
2026-03-08 17:52:53.074773,252490,189333
2026-03-08 17:52:53.074773,2676230,178788
2026-03-08 17:52:53.074773,238960,153872
2026-03-08 17:52:53.074773,3419430,144942
2026-03-08 17:52:53.074773,3764200,132920
2026-03-08 17:52:53.074773,359550,111894
2026-03-08 17:52:53.074773,271590,106262
2026-03-08 17:52:53.074773,322170,101332
2026-03-08 17:52:53.074773,1172470,95268
2026-03-08 17:52:53.074773,1422450,94491
2026-03-08 17:52:53.074773,2357570,91806
2026-03-08 17:52:53.074773,236390,91111
2026-03-08 17:52:53.074773,431960,78686
2026-03-08 17:52:53.074773,413150,78335
2026-03-08 17:52:53.074773,1086940,71522
2026-03-08 17:52:53.074773,2767030,69817
2026-03-08 17:52:53.074773,2507950,67049
2026-03-08 17:52:53.074773,105600,64645
2026-03-08 17:52:53.074773,221100,63663
2026-03-08 17:52:53.074773,3405690,62747
2026-03-08 17:52:53.074773,440,61723
2026-03-08 17:52:53.074773,230410,61437
2026-03-08 17:52:53.074773,553850,61002
2026-03-08 17:52:53.074773,3065800,60750
2026-03-08 17:52:53.074773,3240220,59043
2026-03-08 17:52:53.074773,381210,56682
2026-03-08 17:52:53.074773,2807960,56060
2026-03-08 17:52:53.074773,686060,54268
2026-03-08 17:52:53.074773,227300,52743
2026-03-08 17:52:53.074773,4465480,52466
2026-03-08 17:52:53.074773,438100,51642
2026-03-08 17:52:53.074773,1366800,50428
2026-03-08 17:52:53.074773,394360,50247
2026-03-08 17:52:53.074773,1938090,46180
2026-03-08 17:52:53.074773,2300320,45715
2026-03-08 17:52:53.074773,1281930,44632
2026-03-08 17:52:53.074773,3551340,42648
2026-03-08 17:52:53.074773,2399830,41994
2026-03-08 17:52:53.074773,1222670,40585
2026-03-08 17:52:53.074773,3241660,38582
2026-03-08 17:52:53.074773,289070,38360
2026-03-08 17:52:53.074773,892970,38078
2026-03-08 17:52:53.074773,108600,37282
2026-03-08 17:52:53.074773,4000,36519
2026-03-08 17:52:53.074773,1623730,36049
2026-03-08 17:52:53.074773,4025700,35959
2026-03-08 17:52:53.074773,2246340,35791
2026-03-08 17:52:53.074773,1174180,35737
2026-03-08 17:52:53.074773,3564740,35641
2026-03-08 17:52:53.074773,294100,34489
2026-03-08 17:52:53.074773,489830,33918
2026-03-08 17:52:53.074773,1245620,33573
2026-03-08 17:52:53.074773,1091500,33187
2026-03-08 17:52:53.074773,284160,32802
2026-03-08 17:52:53.074773,526870,32675
2026-03-08 17:52:53.074773,251570,32047
2026-03-08 17:52:53.074773,377160,31637
2026-03-08 17:52:53.074773,1142710,30472
2026-03-08 17:52:53.074773,1771300,30289
2026-03-08 17:52:53.074773,2073620,30006
2026-03-08 17:52:53.074773,218620,29926
2026-03-08 17:52:53.074773,1973530,29708
2026-03-08 17:52:53.074773,2050650,28834
2026-03-08 17:52:53.074773,261550,28588
2026-03-08 17:52:53.074773,582660,27642
2026-03-08 17:52:53.074773,252950,27625
2026-03-08 17:52:53.074773,346110,27399
2026-03-08 17:52:53.074773,1158310,27215
2026-03-08 17:52:53.074773,2183900,26842
2026-03-08 17:52:53.074773,2221490,25592
2026-03-08 17:52:53.074773,813780,25119
2026-03-08 17:52:53.074773,427520,25064
2026-03-08 17:52:53.074773,1905180,24755
2026-03-08 17:52:53.074773,1818450,24524
2026-03-08 17:52:53.074773,250900,24387
2026-03-08 17:52:53.074773,3527290,23690
2026-03-08 17:52:53.074773,1149460,23240
2026-03-08 17:52:53.074773,550,23216
2026-03-08 17:52:53.074773,646570,22702
2026-03-08 17:52:53.074773,240,22558
2026-03-08 17:52:53.074773,1151340,22486
2026-03-08 17:52:53.074773,3164500,22174
2026-03-08 17:52:53.074773,739630,21899
2026-03-08 17:52:53.074773,255710,21879
2026-03-08 17:52:53.074773,1203620,21335
2026-03-08 17:52:53.074773,629520,21059
2026-03-08 17:52:53.074773,3472040,20585
2026-03-08 17:52:53.074773,2252570,20572
2026-03-08 17:52:53.074773,8930,20380
2026-03-08 17:52:53.074773,292030,20265
2026-03-08 17:52:53.074773,39210,19723
2026-03-08 17:52:53.074773,2923300,19640
2026-03-08 17:52:53.074773,2622380,19076
2026-03-08 17:52:53.074773,1203220,18668
2026-03-08 17:52:53.074773,1874880,18514
2026-03-08 18:18:30.811031,730,1436326
2026-03-08 18:18:30.811031,570,737381
2026-03-08 18:18:30.811031,2868840,315535
2026-03-08 18:18:30.811031,578080,268054
2026-03-08 18:18:30.811031,1808500,205328
2026-03-08 18:18:30.811031,252490,189624
2026-03-08 18:18:30.811031,2676230,182360
2026-03-08 18:18:30.811031,238960,154650
2026-03-08 18:18:30.811031,3419430,144556
2026-03-08 18:18:30.811031,3764200,132800
2026-03-08 18:18:30.811031,359550,117494
2026-03-08 18:18:30.811031,271590,106488
2026-03-08 18:18:30.811031,322170,103499
2026-03-08 18:18:30.811031,1422450,98698
2026-03-08 18:18:30.811031,2357570,94160
2026-03-08 18:18:30.811031,236390,91542
2026-03-08 18:18:30.811031,1172470,90716
2026-03-08 18:18:30.811031,413150,78751
2026-03-08 18:18:30.811031,431960,74416
2026-03-08 18:18:30.811031,1086940,73321
2026-03-08 18:18:30.811031,2767030,72588
2026-03-08 18:18:30.811031,3405690,65765
2026-03-08 18:18:30.811031,105600,64803
2026-03-08 18:18:30.811031,221100,64024
2026-03-08 18:18:30.811031,3065800,63092
2026-03-08 18:18:30.811031,440,62111
2026-03-08 18:18:30.811031,2507950,62026
2026-03-08 18:18:30.811031,553850,61996
2026-03-08 18:18:30.811031,230410,61048
2026-03-08 18:18:30.811031,2807960,58602
2026-03-08 18:18:30.811031,3240220,58566
2026-03-08 18:18:30.811031,381210,57819
2026-03-08 18:18:30.811031,686060,54923
2026-03-08 18:18:30.811031,4465480,53233
2026-03-08 18:18:30.811031,227300,53071
2026-03-08 18:18:30.811031,1366800,51395
2026-03-08 18:18:30.811031,438100,50721
2026-03-08 18:18:30.811031,394360,50115
2026-03-08 18:18:30.811031,1938090,47606
2026-03-08 18:18:30.811031,2300320,46277
2026-03-08 18:18:30.811031,1281930,44317
2026-03-08 18:18:30.811031,3551340,42329
2026-03-08 18:18:30.811031,2399830,41920
2026-03-08 18:18:30.811031,1222670,40923
2026-03-08 18:18:30.811031,3241660,39641
2026-03-08 18:18:30.811031,892970,39224
2026-03-08 18:18:30.811031,289070,37744
2026-03-08 18:18:30.811031,108600,37428
2026-03-08 18:18:30.811031,4000,36670
2026-03-08 18:18:30.811031,1174180,35787
2026-03-08 18:18:30.811031,3564740,35293
2026-03-08 18:18:30.811031,1623730,35141
2026-03-08 18:18:30.811031,489830,34334
2026-03-08 18:18:30.811031,4025700,34298
2026-03-08 18:18:30.811031,2246340,34208
2026-03-08 18:18:30.811031,294100,34184
2026-03-08 18:18:30.811031,1245620,33433
2026-03-08 18:18:30.811031,284160,33303
2026-03-08 18:18:30.811031,526870,32946
2026-03-08 18:18:30.811031,1091500,32849
2026-03-08 18:18:30.811031,251570,32018
2026-03-08 18:18:30.811031,377160,31740
2026-03-08 18:18:30.811031,2073620,30438
2026-03-08 18:18:30.811031,1771300,30294
2026-03-08 18:18:30.811031,1142710,30229
2026-03-08 18:18:30.811031,218620,30201
2026-03-08 18:18:30.811031,252950,28889
2026-03-08 18:18:30.811031,2050650,28713
2026-03-08 18:18:30.811031,261550,28489
2026-03-08 18:18:30.811031,1973530,28310
2026-03-08 18:18:30.811031,582660,27792
2026-03-08 18:18:30.811031,1158310,27128
2026-03-08 18:18:30.811031,2183900,27018
2026-03-08 18:18:30.811031,346110,26882
2026-03-08 18:18:30.811031,2221490,25888
2026-03-08 18:18:30.811031,813780,25460
2026-03-08 18:18:30.811031,427520,25259
2026-03-08 18:18:30.811031,250900,24590
2026-03-08 18:18:30.811031,1905180,24428
2026-03-08 18:18:30.811031,1818450,24201
2026-03-08 18:18:30.811031,3527290,23626
2026-03-08 18:18:30.811031,1149460,23589
2026-03-08 18:18:30.811031,550,23546
2026-03-08 18:18:30.811031,739630,23197
2026-03-08 18:18:30.811031,1151340,22979
2026-03-08 18:18:30.811031,3164500,22785
2026-03-08 18:18:30.811031,240,22265
2026-03-08 18:18:30.811031,646570,21681
2026-03-08 18:18:30.811031,255710,21499
2026-03-08 18:18:30.811031,1203620,21480
2026-03-08 18:18:30.811031,629520,21376
2026-03-08 18:18:30.811031,8930,20466
2026-03-08 18:18:30.811031,292030,20356
2026-03-08 18:18:30.811031,2252570,20320
2026-03-08 18:18:30.811031,39210,20276
2026-03-08 18:18:30.811031,3472040,19948
2026-03-08 18:18:30.811031,1874880,19149
2026-03-08 18:18:30.811031,594650,18260
2026-03-08 18:18:30.811031,2622380,18103
2026-03-08 18:18:30.811031,244210,17440
2026-03-08 18:54:57.757806,730,1464428
2026-03-08 18:54:57.757806,570,742282
2026-03-08 18:54:57.757806,2868840,300467
2026-03-08 18:54:57.757806,578080,246555
2026-03-08 18:54:57.757806,1808500,218811
2026-03-08 18:54:57.757806,2676230,191699
2026-03-08 18:54:57.757806,252490,189261
2026-03-08 18:54:57.757806,238960,156053
2026-03-08 18:54:57.757806,3419430,143077
2026-03-08 18:54:57.757806,3764200,133067
2026-03-08 18:54:57.757806,359550,126279
2026-03-08 18:54:57.757806,322170,106439
2026-03-08 18:54:57.757806,1422450,106262
2026-03-08 18:54:57.757806,271590,105400
2026-03-08 18:54:57.757806,2357570,99306
2026-03-08 18:54:57.757806,236390,91570
2026-03-08 18:54:57.757806,1172470,87419
2026-03-08 18:54:57.757806,413150,79885
2026-03-08 18:54:57.757806,2767030,79023
2026-03-08 18:54:57.757806,1086940,76072
2026-03-08 18:54:57.757806,431960,68887
2026-03-08 18:54:57.757806,3405690,68188
2026-03-08 18:54:57.757806,3065800,67493
2026-03-08 18:54:57.757806,221100,65171
2026-03-08 18:54:57.757806,553850,65167
2026-03-08 18:54:57.757806,105600,65017
2026-03-08 18:54:57.757806,440,61714
2026-03-08 18:54:57.757806,2807960,61642
2026-03-08 18:54:57.757806,230410,60495
2026-03-08 18:54:57.757806,381210,60068
2026-03-08 18:54:57.757806,3240220,57294
2026-03-08 18:54:57.757806,686060,55706
2026-03-08 18:54:57.757806,2507950,55417
2026-03-08 18:54:57.757806,4465480,53657
2026-03-08 18:54:57.757806,227300,53030
2026-03-08 18:54:57.757806,1366800,51825
2026-03-08 18:54:57.757806,1938090,50033
2026-03-08 18:54:57.757806,438100,49686
2026-03-08 18:54:57.757806,394360,49677
2026-03-08 18:54:57.757806,2300320,46721
2026-03-08 18:54:57.757806,1281930,44485
2026-03-08 18:54:57.757806,3551340,42246
2026-03-08 18:54:57.757806,2399830,41872
2026-03-08 18:54:57.757806,3241660,41601
2026-03-08 18:54:57.757806,1222670,41382
2026-03-08 18:54:57.757806,892970,40739
2026-03-08 18:54:57.757806,108600,37971
2026-03-08 18:54:57.757806,4000,37298
2026-03-08 18:54:57.757806,289070,37174
2026-03-08 18:54:57.757806,1174180,35581
2026-03-08 18:54:57.757806,489830,35026
2026-03-08 18:54:57.757806,3564740,34466
2026-03-08 18:54:57.757806,1245620,34015
2026-03-08 18:54:57.757806,1623730,33979
2026-03-08 18:54:57.757806,294100,33680
2026-03-08 18:54:57.757806,284160,33561
2026-03-08 18:54:57.757806,526870,33459
2026-03-08 18:54:57.757806,1091500,33144
2026-03-08 18:54:57.757806,251570,32382
2026-03-08 18:54:57.757806,2246340,32361
2026-03-08 18:54:57.757806,377160,32187
2026-03-08 18:54:57.757806,4025700,31861
2026-03-08 18:54:57.757806,252950,31047
2026-03-08 18:54:57.757806,2073620,31023
2026-03-08 18:54:57.757806,218620,30645
2026-03-08 18:54:57.757806,1771300,30385
2026-03-08 18:54:57.757806,1142710,30349
2026-03-08 18:54:57.757806,2050650,28654
2026-03-08 18:54:57.757806,261550,28280
2026-03-08 18:54:57.757806,582660,27903
2026-03-08 18:54:57.757806,2183900,27780
2026-03-08 18:54:57.757806,1158310,27384
2026-03-08 18:54:57.757806,1973530,26841
2026-03-08 18:54:57.757806,2221490,26717
2026-03-08 18:54:57.757806,346110,26462
2026-03-08 18:54:57.757806,813780,26012
2026-03-08 18:54:57.757806,427520,25768
2026-03-08 18:54:57.757806,739630,25132
2026-03-08 18:54:57.757806,250900,25007
2026-03-08 18:54:57.757806,1149460,24161
2026-03-08 18:54:57.757806,3164500,24118
2026-03-08 18:54:57.757806,3527290,23794
2026-03-08 18:54:57.757806,550,23717
2026-03-08 18:54:57.757806,1905180,23645
2026-03-08 18:54:57.757806,1151340,23018
2026-03-08 18:54:57.757806,1203620,22161
2026-03-08 18:54:57.757806,629520,21859
2026-03-08 18:54:57.757806,1818450,21814
2026-03-08 18:54:57.757806,39210,21121
2026-03-08 18:54:57.757806,646570,20914
2026-03-08 18:54:57.757806,255710,20768
2026-03-08 18:54:57.757806,8930,20764
2026-03-08 18:54:57.757806,292030,20504
2026-03-08 18:54:57.757806,2252570,20079
2026-03-08 18:54:57.757806,1874880,20051
2026-03-08 18:54:57.757806,240,19780
2026-03-08 18:54:57.757806,3472040,19287
2026-03-08 18:54:57.757806,594650,18536
2026-03-08 18:54:57.757806,244210,17928
2026-03-08 18:54:57.757806,393380,17854
2026-03-08 19:19:41.424861,730,1470490
2026-03-08 19:19:41.424861,570,738449
2026-03-08 19:19:41.424861,2868840,296032
2026-03-08 19:19:41.424861,578080,237426
2026-03-08 19:19:41.424861,1808500,222856
2026-03-08 19:19:41.424861,2676230,193616
2026-03-08 19:19:41.424861,252490,187753
2026-03-08 19:19:41.424861,238960,156484
2026-03-08 19:19:41.424861,3419430,143153
2026-03-08 19:19:41.424861,3764200,133373
2026-03-08 19:19:41.424861,359550,130094
2026-03-08 19:19:41.424861,1422450,109678
2026-03-08 19:19:41.424861,322170,106471
2026-03-08 19:19:41.424861,271590,105030
2026-03-08 19:19:41.424861,2357570,101381
2026-03-08 19:19:41.424861,236390,91200
2026-03-08 19:19:41.424861,1172470,86155
2026-03-08 19:19:41.424861,2767030,81228
2026-03-08 19:19:41.424861,413150,80385
2026-03-08 19:19:41.424861,1086940,77613
2026-03-08 19:19:41.424861,3065800,69512
2026-03-08 19:19:41.424861,3405690,68935
2026-03-08 19:19:41.424861,431960,66856
2026-03-08 19:19:41.424861,553850,66391
2026-03-08 19:19:41.424861,105600,65081
2026-03-08 19:19:41.424861,221100,65011
2026-03-08 19:19:41.424861,2807960,63469
2026-03-08 19:19:41.424861,440,61698
2026-03-08 19:19:41.424861,381210,60908
2026-03-08 19:19:41.424861,230410,59964
2026-03-08 19:19:41.424861,3240220,57206
2026-03-08 19:19:41.424861,686060,55993
2026-03-08 19:19:41.424861,4465480,53392
2026-03-08 19:19:41.424861,2507950,52840
2026-03-08 19:19:41.424861,227300,52394
2026-03-08 19:19:41.424861,1366800,52208
2026-03-08 19:19:41.424861,1938090,51041
2026-03-08 19:19:41.424861,438100,49784
2026-03-08 19:19:41.424861,394360,49339
2026-03-08 19:19:41.424861,2300320,46533
2026-03-08 19:19:41.424861,1281930,44583
2026-03-08 19:19:41.424861,3551340,42414
2026-03-08 19:19:41.424861,3241660,42217
2026-03-08 19:19:41.424861,2399830,41855
2026-03-08 19:19:41.424861,1222670,41313
2026-03-08 19:19:41.424861,892970,41134
2026-03-08 19:19:41.424861,108600,37971
2026-03-08 19:19:41.424861,4000,37255
2026-03-08 19:19:41.424861,289070,37126
2026-03-08 19:19:41.424861,1174180,35426
2026-03-08 19:19:41.424861,489830,35384
2026-03-08 19:19:41.424861,3564740,34791
2026-03-08 19:19:41.424861,1245620,34094
2026-03-08 19:19:41.424861,1623730,33565
2026-03-08 19:19:41.424861,526870,33523
2026-03-08 19:19:41.424861,284160,33475
2026-03-08 19:19:41.424861,294100,33371
2026-03-08 19:19:41.424861,1091500,33094
2026-03-08 19:19:41.424861,251570,32455
2026-03-08 19:19:41.424861,377160,32425
2026-03-08 19:19:41.424861,252950,32327
2026-03-08 19:19:41.424861,2246340,31650
2026-03-08 19:19:41.424861,2073620,31158
2026-03-08 19:19:41.424861,4025700,30769
2026-03-08 19:19:41.424861,218620,30757
2026-03-08 19:19:41.424861,1142710,30394
2026-03-08 19:19:41.424861,1771300,30313
2026-03-08 19:19:41.424861,2050650,28653
2026-03-08 19:19:41.424861,261550,28216
2026-03-08 19:19:41.424861,2183900,28050
2026-03-08 19:19:41.424861,582660,27938
2026-03-08 19:19:41.424861,1158310,27469
2026-03-08 19:19:41.424861,2221490,26985
2026-03-08 19:19:41.424861,739630,26283
2026-03-08 19:19:41.424861,813780,26272
2026-03-08 19:19:41.424861,1973530,26169
2026-03-08 19:19:41.424861,346110,26111
2026-03-08 19:19:41.424861,427520,25944
2026-03-08 19:19:41.424861,250900,24992
2026-03-08 19:19:41.424861,3164500,24649
2026-03-08 19:19:41.424861,1149460,24363
2026-03-08 19:19:41.424861,550,24016
2026-03-08 19:19:41.424861,3527290,23894
2026-03-08 19:19:41.424861,1905180,23419
2026-03-08 19:19:41.424861,1151340,23403
2026-03-08 19:19:41.424861,1203620,22509
2026-03-08 19:19:41.424861,629520,21795
2026-03-08 19:19:41.424861,39210,21633
2026-03-08 19:19:41.424861,1818450,21040
2026-03-08 19:19:41.424861,8930,20747
2026-03-08 19:19:41.424861,255710,20648
2026-03-08 19:19:41.424861,646570,20532
2026-03-08 19:19:41.424861,1874880,20400
2026-03-08 19:19:41.424861,292030,20305
2026-03-08 19:19:41.424861,2252570,20016
2026-03-08 19:19:41.424861,3472040,18898
2026-03-08 19:19:41.424861,594650,18425
2026-03-08 19:19:41.424861,393380,17922
2026-03-08 19:19:41.424861,244210,17791
2026-03-08 19:19:41.424861,2923300,17303
2026-03-08 19:41:31.868054,730,1478313
2026-03-08 19:41:31.868054,570,736375
2026-03-08 19:41:31.868054,2868840,293162
2026-03-08 19:41:31.868054,578080,228702
2026-03-08 19:41:31.868054,1808500,227702
2026-03-08 19:41:31.868054,2676230,197084
2026-03-08 19:41:31.868054,252490,185006
2026-03-08 19:41:31.868054,238960,156666
2026-03-08 19:41:31.868054,3419430,142133
2026-03-08 19:41:31.868054,359550,134831
2026-03-08 19:41:31.868054,3764200,133637
2026-03-08 19:41:31.868054,1422450,113560
2026-03-08 19:41:31.868054,322170,106014
2026-03-08 19:41:31.868054,2357570,104135
2026-03-08 19:41:31.868054,271590,102538
2026-03-08 19:41:31.868054,236390,89698
2026-03-08 19:41:31.868054,1172470,84481
2026-03-08 19:41:31.868054,2767030,84261
2026-03-08 19:41:31.868054,413150,81212
2026-03-08 19:41:31.868054,1086940,79698
2026-03-08 19:41:31.868054,3065800,71801
2026-03-08 19:41:31.868054,3405690,69749
2026-03-08 19:41:31.868054,553850,68205
2026-03-08 19:41:31.868054,2807960,65759
2026-03-08 19:41:31.868054,105600,65037
2026-03-08 19:41:31.868054,221100,64811
2026-03-08 19:41:31.868054,431960,64428
2026-03-08 19:41:31.868054,381210,61875
2026-03-08 19:41:31.868054,440,61469
2026-03-08 19:41:31.868054,230410,59559
2026-03-08 19:41:31.868054,3240220,56191
2026-03-08 19:41:31.868054,686060,56168
2026-03-08 19:41:31.868054,1938090,52103
2026-03-08 19:41:31.868054,4465480,51892
2026-03-08 19:41:31.868054,1366800,51858
2026-03-08 19:41:31.868054,227300,51299
2026-03-08 19:41:31.868054,2507950,50080
2026-03-08 19:41:31.868054,438100,49774
2026-03-08 19:41:31.868054,394360,49096
2026-03-08 19:41:31.868054,2300320,45880
2026-03-08 19:41:31.868054,1281930,44414
2026-03-08 19:41:31.868054,3241660,43138
2026-03-08 19:41:31.868054,3551340,42929
2026-03-08 19:41:31.868054,892970,41965
2026-03-08 19:41:31.868054,2399830,41628
2026-03-08 19:41:31.868054,1222670,41114
2026-03-08 19:41:31.868054,108600,38349
2026-03-08 19:41:31.868054,289070,37074
2026-03-08 19:41:31.868054,4000,36723
2026-03-08 19:41:31.868054,489830,35725
2026-03-08 19:41:31.868054,3564740,35256
2026-03-08 19:41:31.868054,1174180,35162
2026-03-08 19:41:31.868054,1245620,34434
2026-03-08 19:41:31.868054,526870,33692
2026-03-08 19:41:31.868054,252950,33652
2026-03-08 19:41:31.868054,1091500,33250
2026-03-08 19:41:31.868054,294100,33054
2026-03-08 19:41:31.868054,1623730,33035
2026-03-08 19:41:31.868054,284160,33012
2026-03-08 19:41:31.868054,251570,32716
2026-03-08 19:41:31.868054,377160,32699
2026-03-08 19:41:31.868054,2246340,31353
2026-03-08 19:41:31.868054,2073620,31262
2026-03-08 19:41:31.868054,1142710,30499
2026-03-08 19:41:31.868054,218620,30468
2026-03-08 19:41:31.868054,1771300,30156
2026-03-08 19:41:31.868054,4025700,29507
2026-03-08 19:41:31.868054,2050650,28594
2026-03-08 19:41:31.868054,2183900,28579
2026-03-08 19:41:31.868054,261550,28107
2026-03-08 19:41:31.868054,582660,27730
2026-03-08 19:41:31.868054,1158310,27667
2026-03-08 19:41:31.868054,739630,27347
2026-03-08 19:41:31.868054,2221490,27219
2026-03-08 19:41:31.868054,813780,26641
2026-03-08 19:41:31.868054,427520,25995
2026-03-08 19:41:31.868054,346110,25595
2026-03-08 19:41:31.868054,1973530,25546
2026-03-08 19:41:31.868054,3164500,25120
2026-03-08 19:41:31.868054,250900,25034
2026-03-08 19:41:31.868054,1149460,24658
2026-03-08 19:41:31.868054,550,24571
2026-03-08 19:41:31.868054,3527290,24349
2026-03-08 19:41:31.868054,1151340,23170
2026-03-08 19:41:31.868054,1203620,22839
2026-03-08 19:41:31.868054,1905180,22751
2026-03-08 19:41:31.868054,39210,22003
2026-03-08 19:41:31.868054,629520,21612
2026-03-08 19:41:31.868054,8930,20748
2026-03-08 19:41:31.868054,1874880,20740
2026-03-08 19:41:31.868054,255710,20379
2026-03-08 19:41:31.868054,2252570,20273
2026-03-08 19:41:31.868054,646570,20180
2026-03-08 19:41:31.868054,292030,20067
2026-03-08 19:41:31.868054,240,19400
2026-03-08 19:41:31.868054,1818450,19384
2026-03-08 19:41:31.868054,594650,18691
2026-03-08 19:41:31.868054,3472040,18584
2026-03-08 19:41:31.868054,393380,17927
2026-03-08 19:41:31.868054,244210,17618
2026-03-08 19:54:41.808612,730,1476939
2026-03-08 19:54:41.808612,570,728249
2026-03-08 19:54:41.808612,2868840,292828
2026-03-08 19:54:41.808612,1808500,229895
2026-03-08 19:54:41.808612,578080,225419
2026-03-08 19:54:41.808612,2676230,197976
2026-03-08 19:54:41.808612,252490,183307
2026-03-08 19:54:41.808612,238960,156804
2026-03-08 19:54:41.808612,3419430,141867
2026-03-08 19:54:41.808612,359550,136351
2026-03-08 19:54:41.808612,3764200,133637
2026-03-08 19:54:41.808612,1422450,114729
2026-03-08 19:54:41.808612,322170,105378
2026-03-08 19:54:41.808612,2357570,105306
2026-03-08 19:54:41.808612,271590,101474
2026-03-08 19:54:41.808612,236390,88920
2026-03-08 19:54:41.808612,2767030,85636
2026-03-08 19:54:41.808612,1172470,83855
2026-03-08 19:54:41.808612,413150,81308
2026-03-08 19:54:41.808612,1086940,80387
2026-03-08 19:54:41.808612,3065800,72817
2026-03-08 19:54:41.808612,3405690,69713
2026-03-08 19:54:41.808612,553850,69200
2026-03-08 19:54:41.808612,2807960,66500
2026-03-08 19:54:41.808612,105600,64914
2026-03-08 19:54:41.808612,221100,64495
2026-03-08 19:54:41.808612,431960,63399
2026-03-08 19:54:41.808612,381210,62204
2026-03-08 19:54:41.808612,440,61088
2026-03-08 19:54:41.808612,230410,59471
2026-03-08 19:54:41.808612,686060,56251
2026-03-08 19:54:41.808612,3240220,55895
2026-03-08 19:54:41.808612,1938090,52541
2026-03-08 19:54:41.808612,1366800,51858
2026-03-08 19:54:41.808612,4465480,51545
2026-03-08 19:54:41.808612,227300,51040
2026-03-08 19:54:41.808612,438100,49941
2026-03-08 19:54:41.808612,2507950,49236
2026-03-08 19:54:41.808612,394360,48731
2026-03-08 19:54:41.808612,2300320,45503
2026-03-08 19:54:41.808612,1281930,44082
2026-03-08 19:54:41.808612,3241660,43907
2026-03-08 19:54:41.808612,3551340,43049
2026-03-08 19:54:41.808612,892970,42191
2026-03-08 19:54:41.808612,2399830,41564
2026-03-08 19:54:41.808612,1222670,41039
2026-03-08 19:54:41.808612,108600,38349
2026-03-08 19:54:41.808612,289070,37123
2026-03-08 19:54:41.808612,4000,36521
2026-03-08 19:54:41.808612,489830,35824
2026-03-08 19:54:41.808612,3564740,35178
2026-03-08 19:54:41.808612,1174180,35012
2026-03-08 19:54:41.808612,1245620,34582
2026-03-08 19:54:41.808612,252950,34365
2026-03-08 19:54:41.808612,526870,33817
2026-03-08 19:54:41.808612,1091500,33340
2026-03-08 19:54:41.808612,1623730,32903
2026-03-08 19:54:41.808612,377160,32878
2026-03-08 19:54:41.808612,294100,32843
2026-03-08 19:54:41.808612,251570,32716
2026-03-08 19:54:41.808612,284160,32660
2026-03-08 19:54:41.808612,2246340,31361
2026-03-08 19:54:41.808612,2073620,31267
2026-03-08 19:54:41.808612,1142710,30538
2026-03-08 19:54:41.808612,218620,30344
2026-03-08 19:54:41.808612,1771300,30050
2026-03-08 19:54:41.808612,4025700,29129
2026-03-08 19:54:41.808612,2183900,28821
2026-03-08 19:54:41.808612,2050650,28517
2026-03-08 19:54:41.808612,261550,28107
2026-03-08 19:54:41.808612,1158310,27750
2026-03-08 19:54:41.808612,739630,27716
2026-03-08 19:54:41.808612,582660,27636
2026-03-08 19:54:41.808612,2221490,27290
2026-03-08 19:54:41.808612,813780,26915
2026-03-08 19:54:41.808612,427520,26036
2026-03-08 19:54:41.808612,346110,25472
2026-03-08 19:54:41.808612,3164500,25362
2026-03-08 19:54:41.808612,1973530,25289
2026-03-08 19:54:41.808612,250900,24902
2026-03-08 19:54:41.808612,550,24757
2026-03-08 19:54:41.808612,1149460,24675
2026-03-08 19:54:41.808612,3527290,24557
2026-03-08 19:54:41.808612,1151340,23067
2026-03-08 19:54:41.808612,1203620,23013
2026-03-08 19:54:41.808612,1905180,22504
2026-03-08 19:54:41.808612,39210,22226
2026-03-08 19:54:41.808612,240,21939
2026-03-08 19:54:41.808612,629520,21563
2026-03-08 19:54:41.808612,1874880,20799
2026-03-08 19:54:41.808612,8930,20752
2026-03-08 19:54:41.808612,2252570,20332
2026-03-08 19:54:41.808612,255710,20213
2026-03-08 19:54:41.808612,646570,20122
2026-03-08 19:54:41.808612,292030,20024
2026-03-08 19:54:41.808612,1818450,18931
2026-03-08 19:54:41.808612,594650,18796
2026-03-08 19:54:41.808612,3472040,18462
2026-03-08 19:54:41.808612,393380,17922
2026-03-08 19:54:41.808612,244210,17527
2026-03-08 20:19:00.327131,730,1459850
2026-03-08 20:19:00.327131,570,725714
2026-03-08 20:19:00.327131,2868840,292012
2026-03-08 20:19:00.327131,1808500,233274
2026-03-08 20:19:00.327131,578080,215690
2026-03-08 20:19:00.327131,2676230,196210
2026-03-08 20:19:00.327131,252490,178383
2026-03-08 20:19:00.327131,238960,156337
2026-03-08 20:19:00.327131,3419430,140654
2026-03-08 20:19:00.327131,359550,138365
2026-03-08 20:19:00.327131,3764200,133387
2026-03-08 20:19:00.327131,1422450,117829
2026-03-08 20:19:00.327131,2357570,106151
2026-03-08 20:19:00.327131,322170,103044
2026-03-08 20:19:00.327131,271590,98804
2026-03-08 20:19:00.327131,2767030,87269
2026-03-08 20:19:00.327131,236390,86242
2026-03-08 20:19:00.327131,1172470,81945
2026-03-08 20:19:00.327131,1086940,81527
2026-03-08 20:19:00.327131,413150,81505
2026-03-08 20:19:00.327131,3065800,75147
2026-03-08 20:19:00.327131,553850,70049
2026-03-08 20:19:00.327131,3405690,68410
2026-03-08 20:19:00.327131,2807960,67080
2026-03-08 20:19:00.327131,105600,64642
2026-03-08 20:19:00.327131,221100,62956
2026-03-08 20:19:00.327131,381210,62002
2026-03-08 20:19:00.327131,431960,61101
2026-03-08 20:19:00.327131,440,60209
2026-03-08 20:19:00.327131,230410,58785
2026-03-08 20:19:00.327131,686060,56510
2026-03-08 20:19:00.327131,3240220,54615
2026-03-08 20:19:00.327131,1938090,52745
2026-03-08 20:19:00.327131,1366800,51674
2026-03-08 20:19:00.327131,438100,50177
2026-03-08 20:19:00.327131,4465480,49885
2026-03-08 20:19:00.327131,227300,49095
2026-03-08 20:19:00.327131,394360,47722
2026-03-08 20:19:00.327131,2507950,46692
2026-03-08 20:19:00.327131,3241660,44136
2026-03-08 20:19:00.327131,2300320,44077
2026-03-08 20:19:00.327131,1281930,43618
2026-03-08 20:19:00.327131,3551340,43282
2026-03-08 20:19:00.327131,892970,42345
2026-03-08 20:19:00.327131,2399830,41140
2026-03-08 20:19:00.327131,1222670,40610
2026-03-08 20:19:00.327131,108600,38154
2026-03-08 20:19:00.327131,289070,37022
2026-03-08 20:19:00.327131,4000,36104
2026-03-08 20:19:00.327131,489830,35743
2026-03-08 20:19:00.327131,252950,35403
2026-03-08 20:19:00.327131,3564740,34848
2026-03-08 20:19:00.327131,1245620,34618
2026-03-08 20:19:00.327131,1174180,34598
2026-03-08 20:19:00.327131,526870,33742
2026-03-08 20:19:00.327131,1091500,33216
2026-03-08 20:19:00.327131,377160,33082
2026-03-08 20:19:00.327131,294100,32550
2026-03-08 20:19:00.327131,1623730,32549
2026-03-08 20:19:00.327131,251570,32418
2026-03-08 20:19:00.327131,284160,31777
2026-03-08 20:19:00.327131,2246340,31137
2026-03-08 20:19:00.327131,2073620,30979
2026-03-08 20:19:00.327131,1142710,30460
2026-03-08 20:19:00.327131,1771300,29791
2026-03-08 20:19:00.327131,218620,29644
2026-03-08 20:19:00.327131,2183900,28724
2026-03-08 20:19:00.327131,2050650,28376
2026-03-08 20:19:00.327131,739630,28233
2026-03-08 20:19:00.327131,4025700,28120
2026-03-08 20:19:00.327131,1158310,27817
2026-03-08 20:19:00.327131,261550,27675
2026-03-08 20:19:00.327131,2221490,27444
2026-03-08 20:19:00.327131,582660,27262
2026-03-08 20:19:00.327131,813780,27089
2026-03-08 20:19:00.327131,427520,26030
2026-03-08 20:19:00.327131,3164500,25476
2026-03-08 20:19:00.327131,550,25426
2026-03-08 20:19:00.327131,346110,24949
2026-03-08 20:19:00.327131,1973530,24828
2026-03-08 20:19:00.327131,1149460,24710
2026-03-08 20:19:00.327131,250900,24655
2026-03-08 20:19:00.327131,3527290,24564
2026-03-08 20:19:00.327131,1151340,23099
2026-03-08 20:19:00.327131,1203620,23096
2026-03-08 20:19:00.327131,39210,22535
2026-03-08 20:19:00.327131,240,21972
2026-03-08 20:19:00.327131,1905180,21815
2026-03-08 20:19:00.327131,629520,21318
2026-03-08 20:19:00.327131,1874880,20887
2026-03-08 20:19:00.327131,8930,20757
2026-03-08 20:19:00.327131,2252570,20341
2026-03-08 20:19:00.327131,646570,20028
2026-03-08 20:19:00.327131,255710,19867
2026-03-08 20:19:00.327131,292030,19837
2026-03-08 20:19:00.327131,594650,18647
2026-03-08 20:19:00.327131,3472040,18119
2026-03-08 20:19:00.327131,1818450,17821
2026-03-08 20:19:00.327131,2923300,17555
2026-03-08 20:19:00.327131,393380,17492
2026-03-08 20:45:51.304943,730,1397259
2026-03-08 20:45:51.304943,570,706220
2026-03-08 20:45:51.304943,2868840,290151
2026-03-08 20:45:51.304943,1808500,235475
2026-03-08 20:45:51.304943,578080,199033
2026-03-08 20:45:51.304943,2676230,194433
2026-03-08 20:45:51.304943,252490,169085
2026-03-08 20:45:51.304943,238960,153394
2026-03-08 20:45:51.304943,359550,138943
2026-03-08 20:45:51.304943,3419430,138460
2026-03-08 20:45:51.304943,3764200,131572
2026-03-08 20:45:51.304943,1422450,119877
2026-03-08 20:45:51.304943,2357570,107000
2026-03-08 20:45:51.304943,322170,97371
2026-03-08 20:45:51.304943,271590,92369
2026-03-08 20:45:51.304943,2767030,88727
2026-03-08 20:45:51.304943,1086940,82122
2026-03-08 20:45:51.304943,413150,80997
2026-03-08 20:45:51.304943,236390,80013
2026-03-08 20:45:51.304943,1172470,78980
2026-03-08 20:45:51.304943,3065800,77011
2026-03-08 20:45:51.304943,553850,70097
2026-03-08 20:45:51.304943,3405690,66232
2026-03-08 20:45:51.304943,2807960,66024
2026-03-08 20:45:51.304943,105600,63054
2026-03-08 20:45:51.304943,381210,61143
2026-03-08 20:45:51.304943,221100,61088
2026-03-08 20:45:51.304943,440,58620
2026-03-08 20:45:51.304943,431960,58061
2026-03-08 20:45:51.304943,230410,57563
2026-03-08 20:45:51.304943,686060,56295
2026-03-08 20:45:51.304943,1938090,52160
2026-03-08 20:45:51.304943,3240220,51824
2026-03-08 20:45:51.304943,438100,49982
2026-03-08 20:45:51.304943,1366800,49741
2026-03-08 20:45:51.304943,4465480,46021
2026-03-08 20:45:51.304943,394360,45562
2026-03-08 20:45:51.304943,227300,44957
2026-03-08 20:45:51.304943,2507950,43719
2026-03-08 20:45:51.304943,3551340,43541
2026-03-08 20:45:51.304943,3241660,43172
2026-03-08 20:45:51.304943,892970,41784
2026-03-08 20:45:51.304943,1281930,41679
2026-03-08 20:45:51.304943,2300320,40340
2026-03-08 20:45:51.304943,2399830,40179
2026-03-08 20:45:51.304943,1222670,39724
2026-03-08 20:45:51.304943,108600,37847
2026-03-08 20:45:51.304943,289070,36573
2026-03-08 20:45:51.304943,252950,36144
2026-03-08 20:45:51.304943,489830,35354
2026-03-08 20:45:51.304943,1245620,34394
2026-03-08 20:45:51.304943,4000,34129
2026-03-08 20:45:51.304943,3564740,33598
2026-03-08 20:45:51.304943,1174180,33390
2026-03-08 20:45:51.304943,526870,33052
2026-03-08 20:45:51.304943,377160,33028
2026-03-08 20:45:51.304943,1091500,32677
2026-03-08 20:45:51.304943,1623730,31877
2026-03-08 20:45:51.304943,294100,31838
2026-03-08 20:45:51.304943,251570,31755
2026-03-08 20:45:51.304943,2246340,30741
2026-03-08 20:45:51.304943,2073620,30101
2026-03-08 20:45:51.304943,284160,29995
2026-03-08 20:45:51.304943,1142710,29923
2026-03-08 20:45:51.304943,1771300,29201
2026-03-08 20:45:51.304943,218620,28866
2026-03-08 20:45:51.304943,2183900,28290
2026-03-08 20:45:51.304943,2050650,28196
2026-03-08 20:45:51.304943,739630,28050
2026-03-08 20:45:51.304943,1158310,27683
2026-03-08 20:45:51.304943,2221490,27215
2026-03-08 20:45:51.304943,4025700,26818
2026-03-08 20:45:51.304943,582660,26727
2026-03-08 20:45:51.304943,261550,26650
2026-03-08 20:45:51.304943,813780,26637
2026-03-08 20:45:51.304943,550,26287
2026-03-08 20:45:51.304943,427520,25480
2026-03-08 20:45:51.304943,3164500,25333
2026-03-08 20:45:51.304943,3527290,24237
2026-03-08 20:45:51.304943,1973530,24183
2026-03-08 20:45:51.304943,1149460,24148
2026-03-08 20:45:51.304943,250900,24085
2026-03-08 20:45:51.304943,346110,23910
2026-03-08 20:45:51.304943,1203620,22863
2026-03-08 20:45:51.304943,39210,22576
2026-03-08 20:45:51.304943,1151340,22510
2026-03-08 20:45:51.304943,240,21399
2026-03-08 20:45:51.304943,1874880,20612
2026-03-08 20:45:51.304943,8930,20577
2026-03-08 20:45:51.304943,629520,20388
2026-03-08 20:45:51.304943,2252570,20207
2026-03-08 20:45:51.304943,646570,19680
2026-03-08 20:45:51.304943,1905180,19633
2026-03-08 20:45:51.304943,292030,18981
2026-03-08 20:45:51.304943,255710,18892
2026-03-08 20:45:51.304943,2923300,18638
2026-03-08 20:45:51.304943,594650,18210
2026-03-08 20:45:51.304943,3472040,17921
2026-03-08 20:45:51.304943,2073850,17186
2026-03-08 20:45:51.304943,275850,16891
2026-03-08 21:00:34.809784,730,1353774
2026-03-08 21:00:34.809784,570,691309
2026-03-08 21:00:34.809784,2868840,287407
2026-03-08 21:00:34.809784,1808500,234668
2026-03-08 21:00:34.809784,2676230,191083
2026-03-08 21:00:34.809784,578080,188337
2026-03-08 21:00:34.809784,252490,163058
2026-03-08 21:00:34.809784,238960,150658
2026-03-08 21:00:34.809784,359550,137218
2026-03-08 21:00:34.809784,3419430,137111
2026-03-08 21:00:34.809784,3764200,129581
2026-03-08 21:00:34.809784,1422450,120267
2026-03-08 21:00:34.809784,2357570,106810
2026-03-08 21:00:34.809784,322170,93603
2026-03-08 21:00:34.809784,2767030,89293
2026-03-08 21:00:34.809784,271590,88286
2026-03-08 21:00:34.809784,1086940,81521
2026-03-08 21:00:34.809784,413150,80160
2026-03-08 21:00:34.809784,3065800,77352
2026-03-08 21:00:34.809784,1172470,76695
2026-03-08 21:00:34.809784,236390,76166
2026-03-08 21:00:34.809784,553850,69052
2026-03-08 21:00:34.809784,3405690,64151
2026-03-08 21:00:34.809784,2807960,63928
2026-03-08 21:00:34.809784,105600,61969
2026-03-08 21:00:34.809784,381210,60009
2026-03-08 21:00:34.809784,221100,59176
2026-03-08 21:00:34.809784,440,58243
2026-03-08 21:00:34.809784,431960,56758
2026-03-08 21:00:34.809784,230410,56727
2026-03-08 21:00:34.809784,686060,55852
2026-03-08 21:00:34.809784,1938090,51184
2026-03-08 21:00:34.809784,3240220,49838
2026-03-08 21:00:34.809784,438100,49764
2026-03-08 21:00:34.809784,1366800,48791
2026-03-08 21:00:34.809784,394360,43820
2026-03-08 21:00:34.809784,4465480,43625
2026-03-08 21:00:34.809784,3551340,42944
2026-03-08 21:00:34.809784,2507950,42106
2026-03-08 21:00:34.809784,227300,41847
2026-03-08 21:00:34.809784,3241660,41609
2026-03-08 21:00:34.809784,892970,40964
2026-03-08 21:00:34.809784,1281930,40557
2026-03-08 21:00:34.809784,2399830,39279
2026-03-08 21:00:34.809784,1222670,38981
2026-03-08 21:00:34.809784,2300320,37696
2026-03-08 21:00:34.809784,108600,37348
2026-03-08 21:00:34.809784,252950,36363
2026-03-08 21:00:34.809784,289070,35834
2026-03-08 21:00:34.809784,489830,34914
2026-03-08 21:00:34.809784,3564740,33977
2026-03-08 21:00:34.809784,1245620,33881
2026-03-08 21:00:34.809784,4000,32951
2026-03-08 21:00:34.809784,526870,32449
2026-03-08 21:00:34.809784,1174180,32444
2026-03-08 21:00:34.809784,377160,32385
2026-03-08 21:00:34.809784,1091500,32212
2026-03-08 21:00:34.809784,1623730,31359
2026-03-08 21:00:34.809784,294100,31344
2026-03-08 21:00:34.809784,251570,31179
2026-03-08 21:00:34.809784,2246340,30492
2026-03-08 21:00:34.809784,1142710,29467
2026-03-08 21:00:34.809784,2073620,29376
2026-03-08 21:00:34.809784,218620,28704
2026-03-08 21:00:34.809784,284160,28599
2026-03-08 21:00:34.809784,1771300,28485
2026-03-08 21:00:34.809784,2050650,27606
2026-03-08 21:00:34.809784,2183900,27560
2026-03-08 21:00:34.809784,1158310,27271
2026-03-08 21:00:34.809784,739630,27211
2026-03-08 21:00:34.809784,2221490,26814
2026-03-08 21:00:34.809784,550,26663
2026-03-08 21:00:34.809784,582660,26544
2026-03-08 21:00:34.809784,4025700,26372
2026-03-08 21:00:34.809784,813780,26177
2026-03-08 21:00:34.809784,261550,25744
2026-03-08 21:00:34.809784,3164500,25187
2026-03-08 21:00:34.809784,427520,25139
2026-03-08 21:00:34.809784,1973530,24434
2026-03-08 21:00:34.809784,1149460,23674
2026-03-08 21:00:34.809784,3527290,23622
2026-03-08 21:00:34.809784,250900,23567
2026-03-08 21:00:34.809784,346110,23152
2026-03-08 21:00:34.809784,39210,22529
2026-03-08 21:00:34.809784,1203620,22266
2026-03-08 21:00:34.809784,1151340,22225
2026-03-08 21:00:34.809784,240,20760
2026-03-08 21:00:34.809784,8930,20251
2026-03-08 21:00:34.809784,1874880,20199
2026-03-08 21:00:34.809784,2252570,20002
2026-03-08 21:00:34.809784,629520,19805
2026-03-08 21:00:34.809784,646570,19284
2026-03-08 21:00:34.809784,1905180,18924
2026-03-08 21:00:34.809784,255710,18226
2026-03-08 21:00:34.809784,292030,18068
2026-03-08 21:00:34.809784,3472040,17597
2026-03-08 21:00:34.809784,594650,17251
2026-03-08 21:00:34.809784,2073850,17005
2026-03-08 21:00:34.809784,275850,16555
2026-03-08 21:00:34.809784,2622380,16552
2026-03-08 21:33:31.669994,730,1265777
2026-03-08 21:33:31.669994,570,650582
2026-03-08 21:33:31.669994,2868840,281400
2026-03-08 21:33:31.669994,1808500,229671
2026-03-08 21:33:31.669994,2676230,183567
2026-03-08 21:33:31.669994,578080,169296
2026-03-08 21:33:31.669994,252490,153154
2026-03-08 21:33:31.669994,238960,144469
2026-03-08 21:33:31.669994,3419430,134404
2026-03-08 21:33:31.669994,359550,133310
2026-03-08 21:33:31.669994,3764200,125169
2026-03-08 21:33:31.669994,1422450,119169
2026-03-08 21:33:31.669994,2357570,104522
2026-03-08 21:33:31.669994,2767030,89048
2026-03-08 21:33:31.669994,322170,86689
2026-03-08 21:33:31.669994,271590,81632
2026-03-08 21:33:31.669994,1086940,78532
2026-03-08 21:33:31.669994,413150,77813
2026-03-08 21:33:31.669994,3065800,77315
2026-03-08 21:33:31.669994,1172470,72816
2026-03-08 21:33:31.669994,236390,68904
2026-03-08 21:33:31.669994,553850,65957
2026-03-08 21:33:31.669994,3405690,60189
2026-03-08 21:33:31.669994,2807960,59592
2026-03-08 21:33:31.669994,105600,59214
2026-03-08 21:33:31.669994,381210,56900
2026-03-08 21:33:31.669994,440,56022
2026-03-08 21:33:31.669994,221100,55845
2026-03-08 21:33:31.669994,230410,55111
2026-03-08 21:33:31.669994,686060,54741
2026-03-08 21:33:31.669994,431960,54490
2026-03-08 21:33:31.669994,1938090,49889
2026-03-08 21:33:31.669994,438100,49075
2026-03-08 21:33:31.669994,3240220,46807
2026-03-08 21:33:31.669994,1366800,46485
2026-03-08 21:33:31.669994,394360,40656
2026-03-08 21:33:31.669994,3551340,40549
2026-03-08 21:33:31.669994,2507950,39992
2026-03-08 21:33:31.669994,892970,38663
2026-03-08 21:33:31.669994,4465480,38529
2026-03-08 21:33:31.669994,1281930,38348
2026-03-08 21:33:31.669994,3241660,38277
2026-03-08 21:33:31.669994,2399830,37785
2026-03-08 21:33:31.669994,1222670,37588
2026-03-08 21:33:31.669994,227300,37025
2026-03-08 21:33:31.669994,108600,36082
2026-03-08 21:33:31.669994,252950,35495
2026-03-08 21:33:31.669994,3564740,35430
2026-03-08 21:33:31.669994,289070,34283
2026-03-08 21:33:31.669994,489830,33872
2026-03-08 21:33:31.669994,2300320,33218
2026-03-08 21:33:31.669994,1245620,32632
2026-03-08 21:33:31.669994,377160,31361
2026-03-08 21:33:31.669994,1091500,30952
2026-03-08 21:33:31.669994,1174180,30839
2026-03-08 21:33:31.669994,4000,30694
2026-03-08 21:33:31.669994,526870,30650
2026-03-08 21:33:31.669994,1623730,30362
2026-03-08 21:33:31.669994,294100,30357
2026-03-08 21:33:31.669994,251570,29586
2026-03-08 21:33:31.669994,2246340,29498
2026-03-08 21:33:31.669994,218620,28573
2026-03-08 21:33:31.669994,1142710,27949
2026-03-08 21:33:31.669994,2073620,27448
2026-03-08 21:33:31.669994,1973530,27096
2026-03-08 21:33:31.669994,550,26919
2026-03-08 21:33:31.669994,1771300,26789
2026-03-08 21:33:31.669994,2050650,26649
2026-03-08 21:33:31.669994,284160,26501
2026-03-08 21:33:31.669994,1158310,26399
2026-03-08 21:33:31.669994,2183900,26161
2026-03-08 21:33:31.669994,4025700,26031
2026-03-08 21:33:31.669994,2221490,26021
2026-03-08 21:33:31.669994,582660,25947
2026-03-08 21:33:31.669994,739630,25161
2026-03-08 21:33:31.669994,813780,24988
2026-03-08 21:33:31.669994,261550,24430
2026-03-08 21:33:31.669994,3164500,23938
2026-03-08 21:33:31.669994,427520,23919
2026-03-08 21:33:31.669994,250900,22777
2026-03-08 21:33:31.669994,1149460,22614
2026-03-08 21:33:31.669994,3527290,22370
2026-03-08 21:33:31.669994,39210,21894
2026-03-08 21:33:31.669994,346110,21661
2026-03-08 21:33:31.669994,1151340,21260
2026-03-08 21:33:31.669994,1203620,20908
2026-03-08 21:33:31.669994,8930,19419
2026-03-08 21:33:31.669994,1874880,19345
2026-03-08 21:33:31.669994,2252570,19150
2026-03-08 21:33:31.669994,646570,18793
2026-03-08 21:33:31.669994,629520,18645
2026-03-08 21:33:31.669994,240,18054
2026-03-08 21:33:31.669994,1905180,17586
2026-03-08 21:33:31.669994,2923300,17212
2026-03-08 21:33:31.669994,3472040,17114
2026-03-08 21:33:31.669994,255710,17113
2026-03-08 21:33:31.669994,292030,16489
2026-03-08 21:33:31.669994,2073850,16188
2026-03-08 21:33:31.669994,275850,15982
2026-03-08 21:33:31.669994,1476970,15898
2026-03-08 21:50:27.954268,730,1222435
2026-03-08 21:50:27.954268,570,635545
2026-03-08 21:50:27.954268,2868840,277353
2026-03-08 21:50:27.954268,1808500,226428
2026-03-08 21:50:27.954268,2676230,180379
2026-03-08 21:50:27.954268,578080,160608
2026-03-08 21:50:27.954268,252490,148380
2026-03-08 21:50:27.954268,238960,141248
2026-03-08 21:50:27.954268,3419430,133073
2026-03-08 21:50:27.954268,359550,130567
2026-03-08 21:50:27.954268,3764200,123297
2026-03-08 21:50:27.954268,1422450,117246
2026-03-08 21:50:27.954268,2357570,103069
2026-03-08 21:50:27.954268,2767030,89032
2026-03-08 21:50:27.954268,322170,83738
2026-03-08 21:50:27.954268,271590,78291
2026-03-08 21:50:27.954268,413150,76859
2026-03-08 21:50:27.954268,3065800,76856
2026-03-08 21:50:27.954268,1086940,76774
2026-03-08 21:50:27.954268,1172470,70934
2026-03-08 21:50:27.954268,236390,65351
2026-03-08 21:50:27.954268,553850,64172
2026-03-08 21:50:27.954268,3405690,58405
2026-03-08 21:50:27.954268,105600,57925
2026-03-08 21:50:27.954268,2807960,57311
2026-03-08 21:50:27.954268,440,55457
2026-03-08 21:50:27.954268,381210,55306
2026-03-08 21:50:27.954268,230410,54363
2026-03-08 21:50:27.954268,221100,54113
2026-03-08 21:50:27.954268,686060,53823
2026-03-08 21:50:27.954268,431960,53590
2026-03-08 21:50:27.954268,1938090,48783
2026-03-08 21:50:27.954268,438100,48595
2026-03-08 21:50:27.954268,1366800,45731
2026-03-08 21:50:27.954268,3240220,45216
2026-03-08 21:50:27.954268,394360,39290
2026-03-08 21:50:27.954268,3551340,39229
2026-03-08 21:50:27.954268,2507950,39200
2026-03-08 21:50:27.954268,892970,37524
2026-03-08 21:50:27.954268,1281930,37337
2026-03-08 21:50:27.954268,1222670,37176
2026-03-08 21:50:27.954268,2399830,37050
2026-03-08 21:50:27.954268,3241660,36537
2026-03-08 21:50:27.954268,4465480,36297
2026-03-08 21:50:27.954268,108600,35469
2026-03-08 21:50:27.954268,3564740,35053
2026-03-08 21:50:27.954268,227300,34735
2026-03-08 21:50:27.954268,252950,34368
2026-03-08 21:50:27.954268,489830,33507
2026-03-08 21:50:27.954268,289070,33301
2026-03-08 21:50:27.954268,1245620,31876
2026-03-08 21:50:27.954268,2300320,31130
2026-03-08 21:50:27.954268,377160,30777
2026-03-08 21:50:27.954268,1091500,30243
2026-03-08 21:50:27.954268,1174180,30032
2026-03-08 21:50:27.954268,4000,29837
2026-03-08 21:50:27.954268,294100,29804
2026-03-08 21:50:27.954268,526870,29798
2026-03-08 21:50:27.954268,1623730,29786
2026-03-08 21:50:27.954268,2246340,28979
2026-03-08 21:50:27.954268,251570,28949
2026-03-08 21:50:27.954268,218620,27998
2026-03-08 21:50:27.954268,1142710,27154
2026-03-08 21:50:27.954268,550,27107
2026-03-08 21:50:27.954268,1973530,26784
2026-03-08 21:50:27.954268,2073620,26531
2026-03-08 21:50:27.954268,2050650,26130
2026-03-08 21:50:27.954268,1158310,25912
2026-03-08 21:50:27.954268,1771300,25869
2026-03-08 21:50:27.954268,284160,25789
2026-03-08 21:50:27.954268,4025700,25705
2026-03-08 21:50:27.954268,2221490,25656
2026-03-08 21:50:27.954268,582660,25647
2026-03-08 21:50:27.954268,2183900,25325
2026-03-08 21:50:27.954268,813780,24173
2026-03-08 21:50:27.954268,739630,24002
2026-03-08 21:50:27.954268,261550,23704
2026-03-08 21:50:27.954268,3164500,23489
2026-03-08 21:50:27.954268,427520,23307
2026-03-08 21:50:27.954268,250900,22175
2026-03-08 21:50:27.954268,1149460,21970
2026-03-08 21:50:27.954268,3527290,21832
2026-03-08 21:50:27.954268,39210,21669
2026-03-08 21:50:27.954268,346110,21116
2026-03-08 21:50:27.954268,1151340,20769
2026-03-08 21:50:27.954268,1203620,20035
2026-03-08 21:50:27.954268,240,19377
2026-03-08 21:50:27.954268,8930,19007
2026-03-08 21:50:27.954268,1874880,18885
2026-03-08 21:50:27.954268,2252570,18566
2026-03-08 21:50:27.954268,646570,18380
2026-03-08 21:50:27.954268,629520,18212
2026-03-08 21:50:27.954268,1905180,17097
2026-03-08 21:50:27.954268,3472040,16813
2026-03-08 21:50:27.954268,255710,16633
2026-03-08 21:50:27.954268,2073850,15864
2026-03-08 21:50:27.954268,292030,15776
2026-03-08 21:50:27.954268,1476970,15743
2026-03-08 21:50:27.954268,275850,15731
2026-03-08 21:50:27.954268,2622380,15584
2026-03-08 22:10:48.090756,730,1161453
2026-03-08 22:10:48.090756,570,621911
2026-03-08 22:10:48.090756,2868840,273378
2026-03-08 22:10:48.090756,1808500,222780
2026-03-08 22:10:48.090756,2676230,177495
2026-03-08 22:10:48.090756,578080,151437
2026-03-08 22:10:48.090756,252490,143729
2026-03-08 22:10:48.090756,238960,137652
2026-03-08 22:10:48.090756,3419430,130783
2026-03-08 22:10:48.090756,359550,128319
2026-03-08 22:10:48.090756,3764200,121057
2026-03-08 22:10:48.090756,1422450,115594
2026-03-08 22:10:48.090756,2357570,101137
2026-03-08 22:10:48.090756,2767030,88834
2026-03-08 22:10:48.090756,322170,81052
2026-03-08 22:10:48.090756,3065800,76288
2026-03-08 22:10:48.090756,413150,75509
2026-03-08 22:10:48.090756,271590,75146
2026-03-08 22:10:48.090756,1086940,74942
2026-03-08 22:10:48.090756,1172470,69043
2026-03-08 22:10:48.090756,553850,62399
2026-03-08 22:10:48.090756,236390,60884
2026-03-08 22:10:48.090756,3405690,56972
2026-03-08 22:10:48.090756,105600,56946
2026-03-08 22:10:48.090756,2807960,55509
2026-03-08 22:10:48.090756,440,55092
2026-03-08 22:10:48.090756,381210,54035
2026-03-08 22:10:48.090756,230410,53461
2026-03-08 22:10:48.090756,686060,53053
2026-03-08 22:10:48.090756,431960,52892
2026-03-08 22:10:48.090756,221100,52214
2026-03-08 22:10:48.090756,438100,48095
2026-03-08 22:10:48.090756,1938090,47927
2026-03-08 22:10:48.090756,1366800,44894
2026-03-08 22:10:48.090756,3240220,43843
2026-03-08 22:10:48.090756,2507950,38274
2026-03-08 22:10:48.090756,394360,37882
2026-03-08 22:10:48.090756,3551340,37512
2026-03-08 22:10:48.090756,1222670,36406
2026-03-08 22:10:48.090756,2399830,36309
2026-03-08 22:10:48.090756,1281930,36231
2026-03-08 22:10:48.090756,892970,36205
2026-03-08 22:10:48.090756,108600,34835
2026-03-08 22:10:48.090756,3241660,34651
2026-03-08 22:10:48.090756,4465480,34305
2026-03-08 22:10:48.090756,3564740,34205
2026-03-08 22:10:48.090756,252950,33754
2026-03-08 22:10:48.090756,489830,32738
2026-03-08 22:10:48.090756,227300,32716
2026-03-08 22:10:48.090756,289070,32436
2026-03-08 22:10:48.090756,1245620,31221
2026-03-08 22:10:48.090756,377160,30313
2026-03-08 22:10:48.090756,1091500,29659
2026-03-08 22:10:48.090756,1623730,29310
2026-03-08 22:10:48.090756,294100,29308
2026-03-08 22:10:48.090756,2300320,29185
2026-03-08 22:10:48.090756,1174180,29029
2026-03-08 22:10:48.090756,526870,28885
2026-03-08 22:10:48.090756,4000,28729
2026-03-08 22:10:48.090756,2246340,28345
2026-03-08 22:10:48.090756,251570,28047
2026-03-08 22:10:48.090756,550,27349
2026-03-08 22:10:48.090756,218620,26897
2026-03-08 22:10:48.090756,1973530,26376
2026-03-08 22:10:48.090756,1142710,26296
2026-03-08 22:10:48.090756,2050650,25746
2026-03-08 22:10:48.090756,2073620,25614
2026-03-08 22:10:48.090756,582660,25441
2026-03-08 22:10:48.090756,1158310,25341
2026-03-08 22:10:48.090756,4025700,25279
2026-03-08 22:10:48.090756,2221490,25118
2026-03-08 22:10:48.090756,1771300,24955
2026-03-08 22:10:48.090756,284160,24874
2026-03-08 22:10:48.090756,2183900,24294
2026-03-08 22:10:48.090756,813780,23465
2026-03-08 22:10:48.090756,261550,23113
2026-03-08 22:10:48.090756,3164500,23105
2026-03-08 22:10:48.090756,739630,23008
2026-03-08 22:10:48.090756,427520,22666
2026-03-08 22:10:48.090756,250900,21762
2026-03-08 22:10:48.090756,39210,21546
2026-03-08 22:10:48.090756,1149460,21409
2026-03-08 22:10:48.090756,3527290,21203
2026-03-08 22:10:48.090756,346110,20505
2026-03-08 22:10:48.090756,1151340,20431
2026-03-08 22:10:48.090756,240,19534
2026-03-08 22:10:48.090756,1203620,19303
2026-03-08 22:10:48.090756,8930,18514
2026-03-08 22:10:48.090756,1874880,18327
2026-03-08 22:10:48.090756,646570,18004
2026-03-08 22:10:48.090756,2252570,17863
2026-03-08 22:10:48.090756,629520,17600
2026-03-08 22:10:48.090756,3472040,16643
2026-03-08 22:10:48.090756,1905180,16555
2026-03-08 22:10:48.090756,255710,16230
2026-03-08 22:10:48.090756,1476970,15584
2026-03-08 22:10:48.090756,2923300,15544
2026-03-08 22:10:48.090756,2073850,15371
2026-03-08 22:10:48.090756,275850,15351
2026-03-08 22:10:48.090756,2622380,15161
2026-03-08 22:42:34.340765,730,1075763
2026-03-08 22:42:34.340765,570,599581
2026-03-08 22:42:34.340765,2868840,264373
2026-03-08 22:42:34.340765,1808500,215133
2026-03-08 22:42:34.340765,2676230,169877
2026-03-08 22:42:34.340765,252490,134499
2026-03-08 22:42:34.340765,578080,133394
2026-03-08 22:42:34.340765,238960,129514
2026-03-08 22:42:34.340765,3419430,128845
2026-03-08 22:42:34.340765,359550,123085
2026-03-08 22:42:34.340765,3764200,116074
2026-03-08 22:42:34.340765,1422450,112087
2026-03-08 22:42:34.340765,2357570,96340
2026-03-08 22:42:34.340765,2767030,87495
2026-03-08 22:42:34.340765,322170,76419
2026-03-08 22:42:34.340765,3065800,74619
2026-03-08 22:42:34.340765,413150,72071
2026-03-08 22:42:34.340765,1086940,70401
2026-03-08 22:42:34.340765,271590,68530
2026-03-08 22:42:34.340765,1172470,65100
2026-03-08 22:42:34.340765,553850,58281
2026-03-08 22:42:34.340765,236390,55307
2026-03-08 22:42:34.340765,105600,54063
2026-03-08 22:42:34.340765,440,53867
2026-03-08 22:42:34.340765,3405690,53404
2026-03-08 22:42:34.340765,230410,51562
2026-03-08 22:42:34.340765,431960,51358
2026-03-08 22:42:34.340765,686060,51016
2026-03-08 22:42:34.340765,2807960,51007
2026-03-08 22:42:34.340765,381210,50868
2026-03-08 22:42:34.340765,221100,48557
2026-03-08 22:42:34.340765,438100,46825
2026-03-08 22:42:34.340765,1938090,46474
2026-03-08 22:42:34.340765,1366800,42900
2026-03-08 22:42:34.340765,3240220,41022
2026-03-08 22:42:34.340765,2507950,36531
2026-03-08 22:42:34.340765,1222670,35100
2026-03-08 22:42:34.340765,2399830,34851
2026-03-08 22:42:34.340765,394360,34812
2026-03-08 22:42:34.340765,1281930,34642
2026-03-08 22:42:34.340765,3551340,33414
2026-03-08 22:42:34.340765,892970,33366
2026-03-08 22:42:34.340765,108600,33129
2026-03-08 22:42:34.340765,3564740,32180
2026-03-08 22:42:34.340765,252950,31853
2026-03-08 22:42:34.340765,489830,31439
2026-03-08 22:42:34.340765,4465480,31342
2026-03-08 22:42:34.340765,3241660,31276
2026-03-08 22:42:34.340765,289070,30815
2026-03-08 22:42:34.340765,1245620,29634
2026-03-08 22:42:34.340765,377160,28870
2026-03-08 22:42:34.340765,227300,28678
2026-03-08 22:42:34.340765,1623730,28205
2026-03-08 22:42:34.340765,294100,28030
2026-03-08 22:42:34.340765,1091500,28019
2026-03-08 22:42:34.340765,1174180,27352
2026-03-08 22:42:34.340765,2246340,27178
2026-03-08 22:42:34.340765,218620,26987
2026-03-08 22:42:34.340765,550,26943
2026-03-08 22:42:34.340765,4000,26703
2026-03-08 22:42:34.340765,526870,26637
2026-03-08 22:42:34.340765,251570,26536
2026-03-08 22:42:34.340765,1973530,25774
2026-03-08 22:42:34.340765,2300320,25730
2026-03-08 22:42:34.340765,4025700,24816
2026-03-08 22:42:34.340765,582660,24778
2026-03-08 22:42:34.340765,2050650,24678
2026-03-08 22:42:34.340765,1142710,24414
2026-03-08 22:42:34.340765,2221490,24046
2026-03-08 22:42:34.340765,1158310,24019
2026-03-08 22:42:34.340765,2073620,23610
2026-03-08 22:42:34.340765,284160,23445
2026-03-08 22:42:34.340765,1771300,22828
2026-03-08 22:42:34.340765,2183900,22461
2026-03-08 22:42:34.340765,3164500,22116
2026-03-08 22:42:34.340765,813780,21891
2026-03-08 22:42:34.340765,261550,21560
2026-03-08 22:42:34.340765,427520,21066
2026-03-08 22:42:34.340765,739630,20996
2026-03-08 22:42:34.340765,39210,20976
2026-03-08 22:42:34.340765,250900,20419
2026-03-08 22:42:34.340765,1149460,20166
2026-03-08 22:42:34.340765,240,20085
2026-03-08 22:42:34.340765,3527290,19660
2026-03-08 22:42:34.340765,1151340,19418
2026-03-08 22:42:34.340765,346110,19283
2026-03-08 22:42:34.340765,1203620,17651
2026-03-08 22:42:34.340765,8930,17551
2026-03-08 22:42:34.340765,1874880,17326
2026-03-08 22:42:34.340765,646570,17209
2026-03-08 22:42:34.340765,2923300,16371
2026-03-08 22:42:34.340765,3472040,16254
2026-03-08 22:42:34.340765,629520,16209
2026-03-08 22:42:34.340765,2252570,16197
2026-03-08 22:42:34.340765,1905180,15400
2026-03-08 22:42:34.340765,1476970,15282
2026-03-08 22:42:34.340765,255710,15228
2026-03-08 22:42:34.340765,275850,14568
2026-03-08 22:42:34.340765,2622380,14536
2026-03-08 22:42:34.340765,2073850,14339
2026-03-08 22:58:22.324813,730,1012121
2026-03-08 22:58:22.324813,570,580077
2026-03-08 22:58:22.324813,2868840,258304
2026-03-08 22:58:22.324813,1808500,209226
2026-03-08 22:58:22.324813,2676230,165388
2026-03-08 22:58:22.324813,252490,128698
2026-03-08 22:58:22.324813,3419430,127056
2026-03-08 22:58:22.324813,238960,123929
2026-03-08 22:58:22.324813,578080,122270
2026-03-08 22:58:22.324813,359550,120506
2026-03-08 22:58:22.324813,3764200,113273
2026-03-08 22:58:22.324813,1422450,109133
2026-03-08 22:58:22.324813,2357570,93704
2026-03-08 22:58:22.324813,2767030,87005
2026-03-08 22:58:22.324813,322170,74201
2026-03-08 22:58:22.324813,3065800,73687
2026-03-08 22:58:22.324813,413150,70075
2026-03-08 22:58:22.324813,1086940,67727
2026-03-08 22:58:22.324813,271590,64427
2026-03-08 22:58:22.324813,1172470,63061
2026-03-08 22:58:22.324813,553850,55865
2026-03-08 22:58:22.324813,440,53798
2026-03-08 22:58:22.324813,236390,52309
2026-03-08 22:58:22.324813,105600,52262
2026-03-08 22:58:22.324813,3405690,50783
2026-03-08 22:58:22.324813,431960,50378
2026-03-08 22:58:22.324813,230410,50296
2026-03-08 22:58:22.324813,686060,49343
2026-03-08 22:58:22.324813,381210,49221
2026-03-08 22:58:22.324813,2807960,48617
2026-03-08 22:58:22.324813,438100,46269
2026-03-08 22:58:22.324813,221100,46109
2026-03-08 22:58:22.324813,1938090,45560
2026-03-08 22:58:22.324813,1366800,41819
2026-03-08 22:58:22.324813,3240220,39497
2026-03-08 22:58:22.324813,2507950,35388
2026-03-08 22:58:22.324813,1222670,34378
2026-03-08 22:58:22.324813,2399830,33877
2026-03-08 22:58:22.324813,1281930,33496
2026-03-08 22:58:22.324813,394360,32797
2026-03-08 22:58:22.324813,108600,32073
2026-03-08 22:58:22.324813,892970,31613
2026-03-08 22:58:22.324813,3564740,30792
2026-03-08 22:58:22.324813,3551340,30771
2026-03-08 22:58:22.324813,489830,30712
2026-03-08 22:58:22.324813,252950,30634
2026-03-08 22:58:22.324813,3241660,29724
2026-03-08 22:58:22.324813,289070,29465
2026-03-08 22:58:22.324813,4465480,29194
2026-03-08 22:58:22.324813,1245620,28678
2026-03-08 22:58:22.324813,377160,28067
2026-03-08 22:58:22.324813,1623730,27598
2026-03-08 22:58:22.324813,294100,27330
2026-03-08 22:58:22.324813,550,27240
2026-03-08 22:58:22.324813,1091500,27008
2026-03-08 22:58:22.324813,218620,26966
2026-03-08 22:58:22.324813,2246340,26424
2026-03-08 22:58:22.324813,1174180,26421
2026-03-08 22:58:22.324813,227300,26145
2026-03-08 22:58:22.324813,4000,25507
2026-03-08 22:58:22.324813,251570,25506
2026-03-08 22:58:22.324813,526870,25432
2026-03-08 22:58:22.324813,1973530,25211
2026-03-08 22:58:22.324813,582660,24469
2026-03-08 22:58:22.324813,4025700,24350
2026-03-08 22:58:22.324813,2050650,23949
2026-03-08 22:58:22.324813,2300320,23889
2026-03-08 22:58:22.324813,2221490,23336
2026-03-08 22:58:22.324813,1142710,23325
2026-03-08 22:58:22.324813,1158310,23078
2026-03-08 22:58:22.324813,2073620,22650
2026-03-08 22:58:22.324813,284160,22614
2026-03-08 22:58:22.324813,3164500,21611
2026-03-08 22:58:22.324813,1771300,21424
2026-03-08 22:58:22.324813,813780,21163
2026-03-08 22:58:22.324813,2183900,21126
2026-03-08 22:58:22.324813,39210,20729
2026-03-08 22:58:22.324813,261550,20475
2026-03-08 22:58:22.324813,427520,20219
2026-03-08 22:58:22.324813,739630,20010
2026-03-08 22:58:22.324813,240,19658
2026-03-08 22:58:22.324813,250900,19624
2026-03-08 22:58:22.324813,1149460,19435
2026-03-08 22:58:22.324813,1151340,18877
2026-03-08 22:58:22.324813,3527290,18628
2026-03-08 22:58:22.324813,346110,18554
2026-03-08 22:58:22.324813,2923300,17348
2026-03-08 22:58:22.324813,8930,16954
2026-03-08 22:58:22.324813,646570,16663
2026-03-08 22:58:22.324813,1203620,16657
2026-03-08 22:58:22.324813,1874880,16583
2026-03-08 22:58:22.324813,3472040,15986
2026-03-08 22:58:22.324813,629520,15397
2026-03-08 22:58:22.324813,2252570,15126
2026-03-08 22:58:22.324813,1476970,15022
2026-03-08 22:58:22.324813,1905180,14735
2026-03-08 22:58:22.324813,255710,14635
2026-03-08 22:58:22.324813,2622380,14129
2026-03-08 22:58:22.324813,275850,13996
2026-03-08 22:58:22.324813,2073850,13862
2026-03-08 23:33:58.367283,730,929784
2026-03-08 23:33:58.367283,570,544313
2026-03-08 23:33:58.367283,2868840,249188
2026-03-08 23:33:58.367283,1808500,197188
2026-03-08 23:33:58.367283,2676230,155962
2026-03-08 23:33:58.367283,3419430,125553
2026-03-08 23:33:58.367283,252490,119441
2026-03-08 23:33:58.367283,359550,116985
2026-03-08 23:33:58.367283,238960,114179
2026-03-08 23:33:58.367283,3764200,107714
2026-03-08 23:33:58.367283,1422450,104663
2026-03-08 23:33:58.367283,578080,103868
2026-03-08 23:33:58.367283,2357570,89922
2026-03-08 23:33:58.367283,2767030,87106
2026-03-08 23:33:58.367283,3065800,71728
2026-03-08 23:33:58.367283,322170,71329
2026-03-08 23:33:58.367283,413150,67410
2026-03-08 23:33:58.367283,1086940,63364
2026-03-08 23:33:58.367283,1172470,59532
2026-03-08 23:33:58.367283,271590,58235
2026-03-08 23:33:58.367283,440,53154
2026-03-08 23:33:58.367283,553850,52721
2026-03-08 23:33:58.367283,105600,49386
2026-03-08 23:33:58.367283,431960,49159
2026-03-08 23:33:58.367283,230410,48383
2026-03-08 23:33:58.367283,236390,47548
2026-03-08 23:33:58.367283,3405690,46529
2026-03-08 23:33:58.367283,686060,46334
2026-03-08 23:33:58.367283,438100,45676
2026-03-08 23:33:58.367283,381210,45670
2026-03-08 23:33:58.367283,2807960,45190
2026-03-08 23:33:58.367283,1938090,44109
2026-03-08 23:33:58.367283,221100,42066
2026-03-08 23:33:58.367283,1366800,39929
2026-03-08 23:33:58.367283,3240220,36968
2026-03-08 23:33:58.367283,2507950,33881
2026-03-08 23:33:58.367283,1222670,32866
2026-03-08 23:33:58.367283,2399830,32116
2026-03-08 23:33:58.367283,1281930,31827
2026-03-08 23:33:58.367283,108600,30257
2026-03-08 23:33:58.367283,394360,29734
2026-03-08 23:33:58.367283,489830,29249
2026-03-08 23:33:58.367283,892970,28952
2026-03-08 23:33:58.367283,252950,28540
2026-03-08 23:33:58.367283,3564740,28309
2026-03-08 23:33:58.367283,289070,27525
2026-03-08 23:33:58.367283,550,27253
2026-03-08 23:33:58.367283,1245620,27234
2026-03-08 23:33:58.367283,377160,26520
2026-03-08 23:33:58.367283,1623730,26429
2026-03-08 23:33:58.367283,218620,26372
2026-03-08 23:33:58.367283,3241660,26271
2026-03-08 23:33:58.367283,3551340,26252
2026-03-08 23:33:58.367283,294100,26153
2026-03-08 23:33:58.367283,4465480,25889
2026-03-08 23:33:58.367283,2246340,25410
2026-03-08 23:33:58.367283,1091500,25212
2026-03-08 23:33:58.367283,4025700,24791
2026-03-08 23:33:58.367283,1174180,24718
2026-03-08 23:33:58.367283,1973530,24694
2026-03-08 23:33:58.367283,582660,23942
2026-03-08 23:33:58.367283,251570,23880
2026-03-08 23:33:58.367283,4000,23807
2026-03-08 23:33:58.367283,526870,23253
2026-03-08 23:33:58.367283,2050650,22633
2026-03-08 23:33:58.367283,227300,22315
2026-03-08 23:33:58.367283,2221490,22264
2026-03-08 23:33:58.367283,284160,21569
2026-03-08 23:33:58.367283,1158310,21445
2026-03-08 23:33:58.367283,1142710,21331
2026-03-08 23:33:58.367283,2300320,21211
2026-03-08 23:33:58.367283,3164500,20665
2026-03-08 23:33:58.367283,2073620,20645
2026-03-08 23:33:58.367283,39210,20262
2026-03-08 23:33:58.367283,813780,19370
2026-03-08 23:33:58.367283,1771300,19162
2026-03-08 23:33:58.367283,2183900,19156
2026-03-08 23:33:58.367283,261550,18846
2026-03-08 23:33:58.367283,2923300,18834
2026-03-08 23:33:58.367283,240,18753
2026-03-08 23:33:58.367283,427520,18479
2026-03-08 23:33:58.367283,739630,18362
2026-03-08 23:33:58.367283,1151340,18333
2026-03-08 23:33:58.367283,250900,18261
2026-03-08 23:33:58.367283,1149460,18146
2026-03-08 23:33:58.367283,3527290,17422
2026-03-08 23:33:58.367283,346110,17338
2026-03-08 23:33:58.367283,8930,15957
2026-03-08 23:33:58.367283,646570,15703
2026-03-08 23:33:58.367283,3472040,15689
2026-03-08 23:33:58.367283,1874880,15662
2026-03-08 23:33:58.367283,1203620,15081
2026-03-08 23:33:58.367283,1476970,14687
2026-03-08 23:33:58.367283,629520,14291
2026-03-08 23:33:58.367283,1905180,13746
2026-03-08 23:33:58.367283,255710,13566
2026-03-08 23:33:58.367283,2622380,13443
2026-03-08 23:33:58.367283,2252570,13422
2026-03-08 23:33:58.367283,2073850,13294
2026-03-08 23:33:58.367283,275850,13071
2026-03-08 23:52:05.246275,730,877383
2026-03-08 23:52:05.246275,570,524613
2026-03-08 23:52:05.246275,2868840,246091
2026-03-08 23:52:05.246275,1808500,191976
2026-03-08 23:52:05.246275,2676230,152519
2026-03-08 23:52:05.246275,3419430,124752
2026-03-08 23:52:05.246275,359550,116438
2026-03-08 23:52:05.246275,252490,114209
2026-03-08 23:52:05.246275,238960,108601
2026-03-08 23:52:05.246275,3764200,105321
2026-03-08 23:52:05.246275,1422450,103114
2026-03-08 23:52:05.246275,578080,95038
2026-03-08 23:52:05.246275,2357570,88429
2026-03-08 23:52:05.246275,2767030,87745
2026-03-08 23:52:05.246275,3065800,71109
2026-03-08 23:52:05.246275,322170,69895
2026-03-08 23:52:05.246275,413150,66570
2026-03-08 23:52:05.246275,1086940,61434
2026-03-08 23:52:05.246275,1172470,58241
2026-03-08 23:52:05.246275,271590,54510
2026-03-08 23:52:05.246275,440,52741
2026-03-08 23:52:05.246275,553850,52041
2026-03-08 23:52:05.246275,431960,49201
2026-03-08 23:52:05.246275,105600,48006
2026-03-08 23:52:05.246275,230410,47318
2026-03-08 23:52:05.246275,438100,45673
2026-03-08 23:52:05.246275,236390,45264
2026-03-08 23:52:05.246275,3405690,44807
2026-03-08 23:52:05.246275,686060,44738
2026-03-08 23:52:05.246275,381210,44435
2026-03-08 23:52:05.246275,2807960,44023
2026-03-08 23:52:05.246275,1938090,43832
2026-03-08 23:52:05.246275,221100,40071
2026-03-08 23:52:05.246275,1366800,39136
2026-03-08 23:52:05.246275,3240220,35954
2026-03-08 23:52:05.246275,2507950,33524
2026-03-08 23:52:05.246275,1222670,32179
2026-03-08 23:52:05.246275,2399830,31381
2026-03-08 23:52:05.246275,1281930,30926
2026-03-08 23:52:05.246275,108600,29419
2026-03-08 23:52:05.246275,489830,28717
2026-03-08 23:52:05.246275,394360,27920
2026-03-08 23:52:05.246275,892970,27701
2026-03-08 23:52:05.246275,252950,27517
2026-03-08 23:52:05.246275,3564740,27149
2026-03-08 23:52:05.246275,550,27005
2026-03-08 23:52:05.246275,289070,26704
2026-03-08 23:52:05.246275,218620,26533
2026-03-08 23:52:05.246275,1245620,26508
2026-03-08 23:52:05.246275,1623730,26019
2026-03-08 23:52:05.246275,377160,25650
2026-03-08 23:52:05.246275,294100,25476
2026-03-08 23:52:05.246275,3241660,25255
2026-03-08 23:52:05.246275,2246340,24966
2026-03-08 23:52:05.246275,1973530,24799
2026-03-08 23:52:05.246275,4025700,24385
2026-03-08 23:52:05.246275,1091500,24245
2026-03-08 23:52:05.246275,1174180,23994
2026-03-08 23:52:05.246275,4465480,23986
2026-03-08 23:52:05.246275,582660,23531
2026-03-08 23:52:05.246275,3551340,23472
2026-03-08 23:52:05.246275,251570,23194
2026-03-08 23:52:05.246275,4000,22846
2026-03-08 23:52:05.246275,526870,22115
2026-03-08 23:52:05.246275,2050650,22067
2026-03-08 23:52:05.246275,2221490,21967
2026-03-08 23:52:05.246275,284160,21062
2026-03-08 23:52:05.246275,1158310,20470
2026-03-08 23:52:05.246275,227300,20391
2026-03-08 23:52:05.246275,3164500,20245
2026-03-08 23:52:05.246275,1142710,20165
2026-03-08 23:52:05.246275,39210,20096
2026-03-08 23:52:05.246275,2300320,19979
2026-03-08 23:52:05.246275,2073620,19534
2026-03-08 23:52:05.246275,813780,18693
2026-03-08 23:52:05.246275,2183900,18150
2026-03-08 23:52:05.246275,739630,18083
2026-03-08 23:52:05.246275,1771300,18060
2026-03-08 23:52:05.246275,261550,18059
2026-03-08 23:52:05.246275,1151340,17983
2026-03-08 23:52:05.246275,250900,17613
2026-03-08 23:52:05.246275,427520,17572
2026-03-08 23:52:05.246275,1149460,17410
2026-03-08 23:52:05.246275,3527290,17077
2026-03-08 23:52:05.246275,346110,16736
2026-03-08 23:52:05.246275,2923300,16049
2026-03-08 23:52:05.246275,3472040,15575
2026-03-08 23:52:05.246275,646570,15497
2026-03-08 23:52:05.246275,8930,15370
2026-03-08 23:52:05.246275,240,15236
2026-03-08 23:52:05.246275,1874880,15219
2026-03-08 23:52:05.246275,1476970,14430
2026-03-08 23:52:05.246275,1203620,14286
2026-03-08 23:52:05.246275,629520,13565
2026-03-08 23:52:05.246275,1905180,13217
2026-03-08 23:52:05.246275,2622380,13116
2026-03-08 23:52:05.246275,255710,13089
2026-03-08 23:52:05.246275,2073850,12858
2026-03-08 23:52:05.246275,275850,12687
2026-03-08 23:52:05.246275,291550,12619
2026-03-09 00:58:41.839889,730,795989
2026-03-09 00:58:41.839889,570,490804
2026-03-09 00:58:41.839889,2868840,255991
2026-03-09 00:58:41.839889,1808500,186941
2026-03-09 00:58:41.839889,2676230,142497
2026-03-09 00:58:41.839889,3419430,128171
2026-03-09 00:58:41.839889,359550,119042
2026-03-09 00:58:41.839889,252490,103102
2026-03-09 00:58:41.839889,1422450,101474
2026-03-09 00:58:41.839889,3764200,100888
2026-03-09 00:58:41.839889,238960,96366
2026-03-09 00:58:41.839889,2767030,90991
2026-03-09 00:58:41.839889,578080,90235
2026-03-09 00:58:41.839889,2357570,88971
2026-03-09 00:58:41.839889,3065800,71242
2026-03-09 00:58:41.839889,322170,66474
2026-03-09 00:58:41.839889,413150,66415
2026-03-09 00:58:41.839889,1086940,59992
2026-03-09 00:58:41.839889,1172470,59067
2026-03-09 00:58:41.839889,431960,53029
2026-03-09 00:58:41.839889,440,52713
2026-03-09 00:58:41.839889,553850,52096
2026-03-09 00:58:41.839889,230410,51207
2026-03-09 00:58:41.839889,271590,47816
2026-03-09 00:58:41.839889,438100,47606
2026-03-09 00:58:41.839889,105600,46281
2026-03-09 00:58:41.839889,2807960,43989
2026-03-09 00:58:41.839889,1938090,43766
2026-03-09 00:58:41.839889,381210,42868
2026-03-09 00:58:41.839889,236390,42623
2026-03-09 00:58:41.839889,686060,42360
2026-03-09 00:58:41.839889,3405690,40779
2026-03-09 00:58:41.839889,1366800,37683
2026-03-09 00:58:41.839889,221100,35802
2026-03-09 00:58:41.839889,2507950,35578
2026-03-09 00:58:41.839889,3240220,34827
2026-03-09 00:58:41.839889,2399830,30138
2026-03-09 00:58:41.839889,1222670,29905
2026-03-09 00:58:41.839889,1281930,29644
2026-03-09 00:58:41.839889,108600,27811
2026-03-09 00:58:41.839889,550,27231
2026-03-09 00:58:41.839889,489830,27121
2026-03-09 00:58:41.839889,218620,27000
2026-03-09 00:58:41.839889,252950,26686
2026-03-09 00:58:41.839889,3564740,26637
2026-03-09 00:58:41.839889,1973530,26303
2026-03-09 00:58:41.839889,892970,25931
2026-03-09 00:58:41.839889,3241660,25537
2026-03-09 00:58:41.839889,1623730,25356
2026-03-09 00:58:41.839889,2246340,25306
2026-03-09 00:58:41.839889,1245620,25258
2026-03-09 00:58:41.839889,289070,25241
2026-03-09 00:58:41.839889,394360,24948
2026-03-09 00:58:41.839889,294100,24640
2026-03-09 00:58:41.839889,377160,24407
2026-03-09 00:58:41.839889,4025700,24315
2026-03-09 00:58:41.839889,582660,22937
2026-03-09 00:58:41.839889,1174180,22857
2026-03-09 00:58:41.839889,1091500,22686
2026-03-09 00:58:41.839889,251570,22015
2026-03-09 00:58:41.839889,2221490,21157
2026-03-09 00:58:41.839889,4465480,21156
2026-03-09 00:58:41.839889,2050650,21017
2026-03-09 00:58:41.839889,4000,20700
2026-03-09 00:58:41.839889,526870,20266
2026-03-09 00:58:41.839889,39210,20172
2026-03-09 00:58:41.839889,3164500,19855
2026-03-09 00:58:41.839889,284160,19814
2026-03-09 00:58:41.839889,2923300,19776
2026-03-09 00:58:41.839889,739630,19324
2026-03-09 00:58:41.839889,240,18965
2026-03-09 00:58:41.839889,3551340,18874
2026-03-09 00:58:41.839889,1158310,18663
2026-03-09 00:58:41.839889,1142710,18102
2026-03-09 00:58:41.839889,813780,18021
2026-03-09 00:58:41.839889,2300320,17820
2026-03-09 00:58:41.839889,2073620,17797
2026-03-09 00:58:41.839889,1151340,17413
2026-03-09 00:58:41.839889,2183900,17315
2026-03-09 00:58:41.839889,227300,17304
2026-03-09 00:58:41.839889,3527290,17205
2026-03-09 00:58:41.839889,261550,16851
2026-03-09 00:58:41.839889,250900,16460
2026-03-09 00:58:41.839889,646570,16363
2026-03-09 00:58:41.839889,1771300,16223
2026-03-09 00:58:41.839889,1149460,16211
2026-03-09 00:58:41.839889,427520,16182
2026-03-09 00:58:41.839889,3472040,15942
2026-03-09 00:58:41.839889,346110,15855
2026-03-09 00:58:41.839889,8930,14457
2026-03-09 00:58:41.839889,1874880,14226
2026-03-09 00:58:41.839889,1476970,13956
2026-03-09 00:58:41.839889,2622380,13226
2026-03-09 00:58:41.839889,1203620,13019
2026-03-09 00:58:41.839889,255710,12838
2026-03-09 00:58:41.839889,2073850,12481
2026-03-09 00:58:41.839889,1905180,12418
2026-03-09 00:58:41.839889,629520,12378
2026-03-09 00:58:41.839889,291550,11939
2026-03-09 00:58:41.839889,275850,11829
2026-03-09 03:39:39.167129,730,704929
2026-03-09 03:39:39.167129,570,464761
2026-03-09 03:39:39.167129,2868840,302530
2026-03-09 03:39:39.167129,1808500,152929
2026-03-09 03:39:39.167129,3419430,139757
2026-03-09 03:39:39.167129,578080,134386
2026-03-09 03:39:39.167129,2676230,106906
2026-03-09 03:39:39.167129,359550,94886
2026-03-09 03:39:39.167129,1422450,87087
2026-03-09 03:39:39.167129,3764200,86889
2026-03-09 03:39:39.167129,2767030,84459
2026-03-09 03:39:39.167129,252490,82918
2026-03-09 03:39:39.167129,2357570,74823
2026-03-09 03:39:39.167129,238960,73544
2026-03-09 03:39:39.167129,1172470,64211
2026-03-09 03:39:39.167129,3065800,63715
2026-03-09 03:39:39.167129,431960,63154
2026-03-09 03:39:39.167129,413150,59183
2026-03-09 03:39:39.167129,438100,51218
2026-03-09 03:39:39.167129,2507950,49796
2026-03-09 03:39:39.167129,1086940,48933
2026-03-09 03:39:39.167129,440,48065
2026-03-09 03:39:39.167129,230410,47686
2026-03-09 03:39:39.167129,322170,47138
2026-03-09 03:39:39.167129,553850,45732
2026-03-09 03:39:39.167129,105600,41762
2026-03-09 03:39:39.167129,271590,37327
2026-03-09 03:39:39.167129,236390,37289
2026-03-09 03:39:39.167129,381210,36495
2026-03-09 03:39:39.167129,686060,35779
2026-03-09 03:39:39.167129,1938090,35708
2026-03-09 03:39:39.167129,2807960,35590
2026-03-09 03:39:39.167129,3240220,33391
2026-03-09 03:39:39.167129,1366800,32311
2026-03-09 03:39:39.167129,3405690,30678
2026-03-09 03:39:39.167129,1973530,30378
2026-03-09 03:39:39.167129,550,28091
2026-03-09 03:39:39.167129,1281930,27645
2026-03-09 03:39:39.167129,221100,27173
2026-03-09 03:39:39.167129,218620,26992
2026-03-09 03:39:39.167129,3564740,26061
2026-03-09 03:39:39.167129,2399830,25890
2026-03-09 03:39:39.167129,2246340,25129
2026-03-09 03:39:39.167129,4025700,24647
2026-03-09 03:39:39.167129,1623730,24237
2026-03-09 03:39:39.167129,289070,24013
2026-03-09 03:39:39.167129,3241660,23959
2026-03-09 03:39:39.167129,1222670,23732
2026-03-09 03:39:39.167129,294100,23375
2026-03-09 03:39:39.167129,108600,22778
2026-03-09 03:39:39.167129,489830,22646
2026-03-09 03:39:39.167129,2923300,22586
2026-03-09 03:39:39.167129,1245620,21969
2026-03-09 03:39:39.167129,252950,21923
2026-03-09 03:39:39.167129,394360,21328
2026-03-09 03:39:39.167129,582660,20805
2026-03-09 03:39:39.167129,1091500,20375
2026-03-09 03:39:39.167129,646570,20359
2026-03-09 03:39:39.167129,1174180,19931
2026-03-09 03:39:39.167129,377160,19297
2026-03-09 03:39:39.167129,892970,19275
2026-03-09 03:39:39.167129,240,19057
2026-03-09 03:39:39.167129,251570,18434
2026-03-09 03:39:39.167129,2050650,18406
2026-03-09 03:39:39.167129,4465480,17698
2026-03-09 03:39:39.167129,2221490,17200
2026-03-09 03:39:39.167129,3472040,16913
2026-03-09 03:39:39.167129,739630,16658
2026-03-09 03:39:39.167129,39210,16609
2026-03-09 03:39:39.167129,526870,16056
2026-03-09 03:39:39.167129,3164500,15958
2026-03-09 03:39:39.167129,261550,15743
2026-03-09 03:39:39.167129,3527290,15702
2026-03-09 03:39:39.167129,1158310,15495
2026-03-09 03:39:39.167129,2183900,15400
2026-03-09 03:39:39.167129,813780,15375
2026-03-09 03:39:39.167129,1142710,15253
2026-03-09 03:39:39.167129,2622380,15209
2026-03-09 03:39:39.167129,4000,15143
2026-03-09 03:39:39.167129,284160,14601
2026-03-09 03:39:39.167129,346110,14442
2026-03-09 03:39:39.167129,1203220,14438
2026-03-09 03:39:39.167129,1151340,14180
2026-03-09 03:39:39.167129,250900,13964
2026-03-09 03:39:39.167129,1771300,13905
2026-03-09 03:39:39.167129,3551340,13776
2026-03-09 03:39:39.167129,2073620,13551
2026-03-09 03:39:39.167129,255710,13388
2026-03-09 03:39:39.167129,427520,13240
2026-03-09 03:39:39.167129,1476970,13041
2026-03-09 03:39:39.167129,322330,12829
2026-03-09 03:39:39.167129,1449850,12540
2026-03-09 03:39:39.167129,4069520,12160
2026-03-09 03:39:39.167129,1149460,12138
2026-03-09 03:39:39.167129,2300320,11998
2026-03-09 03:39:39.167129,8930,11905
2026-03-09 03:39:39.167129,1905180,11870
2026-03-09 03:39:39.167129,227300,11861
2026-03-09 03:39:39.167129,2073850,11057
2026-03-09 03:39:39.167129,1623660,10977
2026-03-09 05:11:49.063421,730,714751
2026-03-09 05:11:49.063421,570,441715
2026-03-09 05:11:49.063421,2868840,331212
2026-03-09 05:11:49.063421,578080,183136
2026-03-09 05:11:49.063421,3419430,124312
2026-03-09 05:11:49.063421,1808500,116267
2026-03-09 05:11:49.063421,2676230,84538
2026-03-09 05:11:49.063421,252490,78124
2026-03-09 05:11:49.063421,1422450,76626
2026-03-09 05:11:49.063421,3764200,75171
2026-03-09 05:11:49.063421,431960,72921
2026-03-09 05:11:49.063421,1172470,71532
2026-03-09 05:11:49.063421,359550,71399
2026-03-09 05:11:49.063421,2767030,68294
2026-03-09 05:11:49.063421,238960,64186
2026-03-09 05:11:49.063421,2507950,64145
2026-03-09 05:11:49.063421,2357570,63989
2026-03-09 05:11:49.063421,413150,52811
2026-03-09 05:11:49.063421,3065800,50922
2026-03-09 05:11:49.063421,438100,49559
2026-03-09 05:11:49.063421,230410,46658
2026-03-09 05:11:49.063421,440,45501
2026-03-09 05:11:49.063421,271590,39959
2026-03-09 05:11:49.063421,105600,39331
2026-03-09 05:11:49.063421,1086940,38266
2026-03-09 05:11:49.063421,236390,37781
2026-03-09 05:11:49.063421,1973530,37296
2026-03-09 05:11:49.063421,322170,36898
2026-03-09 05:11:49.063421,553850,36291
2026-03-09 05:11:49.063421,3240220,34989
2026-03-09 05:11:49.063421,381210,31361
2026-03-09 05:11:49.063421,686060,30712
2026-03-09 05:11:49.063421,1366800,29433
2026-03-09 05:11:49.063421,1281930,28312
2026-03-09 05:11:49.063421,2807960,27368
2026-03-09 05:11:49.063421,1938090,27067
2026-03-09 05:11:49.063421,4025700,24680
2026-03-09 05:11:49.063421,3405690,24609
2026-03-09 05:11:49.063421,646570,24206
2026-03-09 05:11:49.063421,2246340,24200
2026-03-09 05:11:49.063421,221100,24145
2026-03-09 05:11:49.063421,1623730,23921
2026-03-09 05:11:49.063421,3564740,23676
2026-03-09 05:11:49.063421,1203220,23675
2026-03-09 05:11:49.063421,2399830,23635
2026-03-09 05:11:49.063421,289070,23187
2026-03-09 05:11:49.063421,294100,22740
2026-03-09 05:11:49.063421,550,22110
2026-03-09 05:11:49.063421,2923300,21065
2026-03-09 05:11:49.063421,394360,20836
2026-03-09 05:11:49.063421,218620,20724
2026-03-09 05:11:49.063421,1222670,20154
2026-03-09 05:11:49.063421,1245620,19967
2026-03-09 05:11:49.063421,582660,19940
2026-03-09 05:11:49.063421,3241660,19913
2026-03-09 05:11:49.063421,240,19435
2026-03-09 05:11:49.063421,1091500,19431
2026-03-09 05:11:49.063421,108600,19389
2026-03-09 05:11:49.063421,1174180,18856
2026-03-09 05:11:49.063421,489830,18815
2026-03-09 05:11:49.063421,4465480,18807
2026-03-09 05:11:49.063421,3472040,17927
2026-03-09 05:11:49.063421,2050650,17361
2026-03-09 05:11:49.063421,252950,16353
2026-03-09 05:11:49.063421,2622380,16161
2026-03-09 05:11:49.063421,255710,16057
2026-03-09 05:11:49.063421,251570,16038
2026-03-09 05:11:49.063421,377160,15932
2026-03-09 05:11:49.063421,322330,15628
2026-03-09 05:11:49.063421,261550,15378
2026-03-09 05:11:49.063421,2744880,15016
2026-03-09 05:11:49.063421,346110,14961
2026-03-09 05:11:49.063421,892970,14943
2026-03-09 05:11:49.063421,1142710,13779
2026-03-09 05:11:49.063421,2221490,13725
2026-03-09 05:11:49.063421,1158310,13644
2026-03-09 05:11:49.063421,2183900,13526
2026-03-09 05:11:49.063421,4000,13429
2026-03-09 05:11:49.063421,1449850,13284
2026-03-09 05:11:49.063421,39210,13192
2026-03-09 05:11:49.063421,3527290,13175
2026-03-09 05:11:49.063421,250900,13059
2026-03-09 05:11:49.063421,526870,13035
2026-03-09 05:11:49.063421,3551340,12913
2026-03-09 05:11:49.063421,1364780,12874
2026-03-09 05:11:49.063421,1771300,12849
2026-03-09 05:11:49.063421,1476970,12697
2026-03-09 05:11:49.063421,3164500,12375
2026-03-09 05:11:49.063421,813780,12336
2026-03-09 05:11:49.063421,739630,12226
2026-03-09 05:11:49.063421,4205000,12159
2026-03-09 05:11:49.063421,1905180,12079
2026-03-09 05:11:49.063421,284160,11985
2026-03-09 05:11:49.063421,2073620,11828
2026-03-09 05:11:49.063421,1151340,11674
2026-03-09 05:11:49.063421,427520,11606
2026-03-09 05:11:49.063421,227300,11552
2026-03-09 05:11:49.063421,1623660,10891
2026-03-09 05:11:49.063421,8930,10198
2026-03-09 05:11:49.063421,2358720,10067
2026-03-09 06:11:48.012654,730,721473
2026-03-09 06:11:48.012654,570,448666
2026-03-09 06:11:48.012654,2868840,283937
2026-03-09 06:11:48.012654,578080,216890
2026-03-09 06:11:48.012654,3419430,126336
2026-03-09 06:11:48.012654,1808500,92043
2026-03-09 06:11:48.012654,252490,81228
2026-03-09 06:11:48.012654,431960,72511
2026-03-09 06:11:48.012654,1172470,71262
2026-03-09 06:11:48.012654,2676230,71117
2026-03-09 06:11:48.012654,2507950,64056
2026-03-09 06:11:48.012654,3764200,63430
2026-03-09 06:11:48.012654,1422450,61778
2026-03-09 06:11:48.012654,238960,61049
2026-03-09 06:11:48.012654,359550,54148
2026-03-09 06:11:48.012654,2767030,52759
2026-03-09 06:11:48.012654,2357570,52266
2026-03-09 06:11:48.012654,413150,46269
2026-03-09 06:11:48.012654,438100,46258
2026-03-09 06:11:48.012654,271590,44026
2026-03-09 06:11:48.012654,440,43995
2026-03-09 06:11:48.012654,230410,41189
2026-03-09 06:11:48.012654,3065800,39977
2026-03-09 06:11:48.012654,105600,35448
2026-03-09 06:11:48.012654,236390,34836
2026-03-09 06:11:48.012654,322170,32918
2026-03-09 06:11:48.012654,3240220,32892
2026-03-09 06:11:48.012654,1973530,32528
2026-03-09 06:11:48.012654,1086940,31133
2026-03-09 06:11:48.012654,553850,29268
2026-03-09 06:11:48.012654,1366800,27539
2026-03-09 06:11:48.012654,381210,26908
2026-03-09 06:11:48.012654,1281930,26007
2026-03-09 06:11:48.012654,686060,25917
2026-03-09 06:11:48.012654,4025700,24388
2026-03-09 06:11:48.012654,221100,23786
2026-03-09 06:11:48.012654,1203220,23614
2026-03-09 06:11:48.012654,3564740,22697
2026-03-09 06:11:48.012654,2246340,22520
2026-03-09 06:11:48.012654,1623730,22226
2026-03-09 06:11:48.012654,2807960,21778
2026-03-09 06:11:48.012654,294100,21701
2026-03-09 06:11:48.012654,289070,21596
2026-03-09 06:11:48.012654,1938090,21252
2026-03-09 06:11:48.012654,2399830,21169
2026-03-09 06:11:48.012654,646570,20871
2026-03-09 06:11:48.012654,218620,20807
2026-03-09 06:11:48.012654,3405690,20148
2026-03-09 06:11:48.012654,2923300,20098
2026-03-09 06:11:48.012654,4465480,20044
2026-03-09 06:11:48.012654,394360,19678
2026-03-09 06:11:48.012654,582660,19569
2026-03-09 06:11:48.012654,240,18859
2026-03-09 06:11:48.012654,1222670,17552
2026-03-09 06:11:48.012654,1174180,17205
2026-03-09 06:11:48.012654,1245620,17201
2026-03-09 06:11:48.012654,1091500,17086
2026-03-09 06:11:48.012654,108600,17010
2026-03-09 06:11:48.012654,322330,16286
2026-03-09 06:11:48.012654,489830,16219
2026-03-09 06:11:48.012654,3241660,15951
2026-03-09 06:11:48.012654,2622380,15558
2026-03-09 06:11:48.012654,550,15499
2026-03-09 06:11:48.012654,3472040,15385
2026-03-09 06:11:48.012654,2050650,15084
2026-03-09 06:11:48.012654,251570,14758
2026-03-09 06:11:48.012654,261550,14467
2026-03-09 06:11:48.012654,255710,13918
2026-03-09 06:11:48.012654,346110,13800
2026-03-09 06:11:48.012654,377160,13573
2026-03-09 06:11:48.012654,4000,12951
2026-03-09 06:11:48.012654,3551340,12934
2026-03-09 06:11:48.012654,1905180,12791
2026-03-09 06:11:48.012654,1476970,12526
2026-03-09 06:11:48.012654,1142710,12521
2026-03-09 06:11:48.012654,892970,12498
2026-03-09 06:11:48.012654,2183900,12233
2026-03-09 06:11:48.012654,1158310,12149
2026-03-09 06:11:48.012654,1364780,12085
2026-03-09 06:11:48.012654,227300,11952
2026-03-09 06:11:48.012654,4205000,11907
2026-03-09 06:11:48.012654,252950,11852
2026-03-09 06:11:48.012654,2221490,11793
2026-03-09 06:11:48.012654,1771300,11717
2026-03-09 06:11:48.012654,1449850,11716
2026-03-09 06:11:48.012654,526870,11503
2026-03-09 06:11:48.012654,250900,11383
2026-03-09 06:11:48.012654,284160,11054
2026-03-09 06:11:48.012654,3527290,11047
2026-03-09 06:11:48.012654,39210,10997
2026-03-09 06:11:48.012654,1623660,10848
2026-03-09 06:11:48.012654,2073620,10832
2026-03-09 06:11:48.012654,427520,10703
2026-03-09 06:11:48.012654,813780,10558
2026-03-09 06:11:48.012654,766570,10546
2026-03-09 06:11:48.012654,1151340,9940
2026-03-09 06:11:48.012654,3164500,9850
2026-03-09 06:11:48.012654,8930,9459
2026-03-09 06:11:48.012654,629520,9253
2026-03-09 06:11:48.012654,2744880,9216
2026-03-09 07:17:51.848670,730,774138
2026-03-09 07:17:51.848670,570,453946
2026-03-09 07:17:51.848670,2868840,270940
2026-03-09 07:17:51.848670,578080,253631
2026-03-09 07:17:51.848670,3419430,129386
2026-03-09 07:17:51.848670,252490,87917
2026-03-09 07:17:51.848670,1808500,79074
2026-03-09 07:17:51.848670,431960,75011
2026-03-09 07:17:51.848670,1172470,74890
2026-03-09 07:17:51.848670,2507950,68138
2026-03-09 07:17:51.848670,2676230,64836
2026-03-09 07:17:51.848670,238960,64021
2026-03-09 07:17:51.848670,3764200,58667
2026-03-09 07:17:51.848670,1422450,52449
2026-03-09 07:17:51.848670,271590,50973
2026-03-09 07:17:51.848670,2357570,45339
2026-03-09 07:17:51.848670,440,45243
2026-03-09 07:17:51.848670,359550,45233
2026-03-09 07:17:51.848670,413150,44135
2026-03-09 07:17:51.848670,438100,43143
2026-03-09 07:17:51.848670,2767030,42818
2026-03-09 07:17:51.848670,230410,39645
2026-03-09 07:17:51.848670,236390,37547
2026-03-09 07:17:51.848670,105600,34507
2026-03-09 07:17:51.848670,3240220,33430
2026-03-09 07:17:51.848670,3065800,33160
2026-03-09 07:17:51.848670,322170,32932
2026-03-09 07:17:51.848670,1973530,32589
2026-03-09 07:17:51.848670,1086940,27964
2026-03-09 07:17:51.848670,1366800,26752
2026-03-09 07:17:51.848670,1281930,25887
2026-03-09 07:17:51.848670,1203220,25734
2026-03-09 07:17:51.848670,553850,25490
2026-03-09 07:17:51.848670,221100,25249
2026-03-09 07:17:51.848670,381210,25201
2026-03-09 07:17:51.848670,4025700,24209
2026-03-09 07:17:51.848670,686060,23803
2026-03-09 07:17:51.848670,4465480,22902
2026-03-09 07:17:51.848670,3564740,22378
2026-03-09 07:17:51.848670,1623730,21952
2026-03-09 07:17:51.848670,2246340,21930
2026-03-09 07:17:51.848670,294100,21725
2026-03-09 07:17:51.848670,2923300,21615
2026-03-09 07:17:51.848670,289070,21606
2026-03-09 07:17:51.848670,218620,21002
2026-03-09 07:17:51.848670,646570,20671
2026-03-09 07:17:51.848670,394360,20546
2026-03-09 07:17:51.848670,2399830,20502
2026-03-09 07:17:51.848670,582660,19751
2026-03-09 07:17:51.848670,2807960,19265
2026-03-09 07:17:51.848670,3405690,18884
2026-03-09 07:17:51.848670,240,18529
2026-03-09 07:17:51.848670,1938090,18222
2026-03-09 07:17:51.848670,322330,17322
2026-03-09 07:17:51.848670,1174180,17082
2026-03-09 07:17:51.848670,1222670,16530
2026-03-09 07:17:51.848670,1091500,16494
2026-03-09 07:17:51.848670,108600,16297
2026-03-09 07:17:51.848670,1245620,16114
2026-03-09 07:17:51.848670,2622380,15698
2026-03-09 07:17:51.848670,489830,15385
2026-03-09 07:17:51.848670,3472040,14699
2026-03-09 07:17:51.848670,261550,14599
2026-03-09 07:17:51.848670,251570,14531
2026-03-09 07:17:51.848670,2050650,14369
2026-03-09 07:17:51.848670,3241660,14137
2026-03-09 07:17:51.848670,346110,14025
2026-03-09 07:17:51.848670,3551340,13994
2026-03-09 07:17:51.848670,255710,13989
2026-03-09 07:17:51.848670,1905180,13956
2026-03-09 07:17:51.848670,227300,13778
2026-03-09 07:17:51.848670,4000,13521
2026-03-09 07:17:51.848670,1364780,12919
2026-03-09 07:17:51.848670,377160,12679
2026-03-09 07:17:51.848670,1476970,12677
2026-03-09 07:17:51.848670,4205000,12634
2026-03-09 07:17:51.848670,1142710,12482
2026-03-09 07:17:51.848670,766570,12377
2026-03-09 07:17:51.848670,550,12220
2026-03-09 07:17:51.848670,1818450,11780
2026-03-09 07:17:51.848670,1771300,11690
2026-03-09 07:17:51.848670,1158310,11591
2026-03-09 07:17:51.848670,892970,11581
2026-03-09 07:17:51.848670,2183900,11576
2026-03-09 07:17:51.848670,1449850,11425
2026-03-09 07:17:51.848670,284160,11242
2026-03-09 07:17:51.848670,526870,11159
2026-03-09 07:17:51.848670,250900,10925
2026-03-09 07:17:51.848670,2221490,10876
2026-03-09 07:17:51.848670,1623660,10863
2026-03-09 07:17:51.848670,2073620,10839
2026-03-09 07:17:51.848670,427520,10657
2026-03-09 07:17:51.848670,3527290,10168
2026-03-09 07:17:51.848670,813780,10041
2026-03-09 07:17:51.848670,2252570,9768
2026-03-09 07:17:51.848670,629520,9734
2026-03-09 07:17:51.848670,2300320,9702
2026-03-09 07:17:51.848670,39210,9662
2026-03-09 07:17:51.848670,8930,9382
2026-03-09 07:17:51.848670,2139460,9374
2026-03-09 08:00:53.202160,730,827937
2026-03-09 08:00:53.202160,570,465059
2026-03-09 08:00:53.202160,578080,279187
2026-03-09 08:00:53.202160,2868840,275971
2026-03-09 08:00:53.202160,3419430,139638
2026-03-09 08:00:53.202160,252490,95248
2026-03-09 08:00:53.202160,1172470,79774
2026-03-09 08:00:53.202160,431960,77438
2026-03-09 08:00:53.202160,2507950,73030
2026-03-09 08:00:53.202160,1808500,69236
2026-03-09 08:00:53.202160,238960,68677
2026-03-09 08:00:53.202160,2676230,62686
2026-03-09 08:00:53.202160,3764200,57332
2026-03-09 08:00:53.202160,271590,57240
2026-03-09 08:00:53.202160,440,46581
2026-03-09 08:00:53.202160,1422450,45866
2026-03-09 08:00:53.202160,413150,44287
2026-03-09 08:00:53.202160,236390,41452
2026-03-09 08:00:53.202160,2357570,41218
2026-03-09 08:00:53.202160,438100,40560
2026-03-09 08:00:53.202160,230410,39877
2026-03-09 08:00:53.202160,359550,39753
2026-03-09 08:00:53.202160,2767030,36108
2026-03-09 08:00:53.202160,3240220,35534
2026-03-09 08:00:53.202160,105600,35369
2026-03-09 08:00:53.202160,322170,34387
2026-03-09 08:00:53.202160,1973530,33808
2026-03-09 08:00:53.202160,3065800,28821
2026-03-09 08:00:53.202160,1203220,28721
2026-03-09 08:00:53.202160,1281930,27426
2026-03-09 08:00:53.202160,221100,26880
2026-03-09 08:00:53.202160,1366800,26821
2026-03-09 08:00:53.202160,1086940,26578
2026-03-09 08:00:53.202160,4465480,26501
2026-03-09 08:00:53.202160,381210,24874
2026-03-09 08:00:53.202160,4025700,24438
2026-03-09 08:00:53.202160,553850,24186
2026-03-09 08:00:53.202160,686060,23373
2026-03-09 08:00:53.202160,1623730,22748
2026-03-09 08:00:53.202160,3564740,22582
2026-03-09 08:00:53.202160,289070,22337
2026-03-09 08:00:53.202160,294100,22171
2026-03-09 08:00:53.202160,394360,21959
2026-03-09 08:00:53.202160,646570,21839
2026-03-09 08:00:53.202160,2246340,21755
2026-03-09 08:00:53.202160,2399830,20725
2026-03-09 08:00:53.202160,2923300,20226
2026-03-09 08:00:53.202160,582660,20078
2026-03-09 08:00:53.202160,3405690,19465
2026-03-09 08:00:53.202160,2807960,18993
2026-03-09 08:00:53.202160,322330,18706
2026-03-09 08:00:53.202160,1174180,17733
2026-03-09 08:00:53.202160,1091500,16931
2026-03-09 08:00:53.202160,1938090,16915
2026-03-09 08:00:53.202160,1222670,16394
2026-03-09 08:00:53.202160,108600,16146
2026-03-09 08:00:53.202160,1245620,16028
2026-03-09 08:00:53.202160,2622380,15812
2026-03-09 08:00:53.202160,227300,15811
2026-03-09 08:00:53.202160,240,15636
2026-03-09 08:00:53.202160,3551340,15582
2026-03-09 08:00:53.202160,261550,15283
2026-03-09 08:00:53.202160,489830,15006
2026-03-09 08:00:53.202160,255710,14995
2026-03-09 08:00:53.202160,251570,14881
2026-03-09 08:00:53.202160,1905180,14879
2026-03-09 08:00:53.202160,3472040,14867
2026-03-09 08:00:53.202160,2050650,14819
2026-03-09 08:00:53.202160,346110,14612
2026-03-09 08:00:53.202160,3241660,14471
2026-03-09 08:00:53.202160,4000,14466
2026-03-09 08:00:53.202160,1818450,14074
2026-03-09 08:00:53.202160,1364780,13901
2026-03-09 08:00:53.202160,766570,13637
2026-03-09 08:00:53.202160,4205000,13291
2026-03-09 08:00:53.202160,1142710,13015
2026-03-09 08:00:53.202160,1476970,12885
2026-03-09 08:00:53.202160,377160,12456
2026-03-09 08:00:53.202160,1771300,12427
2026-03-09 08:00:53.202160,218620,12099
2026-03-09 08:00:53.202160,284160,11798
2026-03-09 08:00:53.202160,1158310,11795
2026-03-09 08:00:53.202160,250900,11606
2026-03-09 08:00:53.202160,2183900,11582
2026-03-09 08:00:53.202160,526870,11540
2026-03-09 08:00:53.202160,2744880,11506
2026-03-09 08:00:53.202160,892970,11505
2026-03-09 08:00:53.202160,1449850,11492
2026-03-09 08:00:53.202160,2073620,11437
2026-03-09 08:00:53.202160,427520,10899
2026-03-09 08:00:53.202160,1623660,10888
2026-03-09 08:00:53.202160,550,10875
2026-03-09 08:00:53.202160,2300320,10763
2026-03-09 08:00:53.202160,2221490,10644
2026-03-09 08:00:53.202160,2252570,10441
2026-03-09 08:00:53.202160,813780,10325
2026-03-09 08:00:53.202160,629520,10201
2026-03-09 08:00:53.202160,3527290,10069
2026-03-09 08:00:53.202160,2358720,9918
2026-03-09 08:00:53.202160,2139460,9726
2026-03-09 08:57:57.517630,730,927844
2026-03-09 08:57:57.517630,570,472620
2026-03-09 08:57:57.517630,578080,297619
2026-03-09 08:57:57.517630,2868840,293147
2026-03-09 08:57:57.517630,3419430,168239
2026-03-09 08:57:57.517630,252490,105232
2026-03-09 08:57:57.517630,1172470,86460
2026-03-09 08:57:57.517630,2507950,82302
2026-03-09 08:57:57.517630,431960,81860
2026-03-09 08:57:57.517630,238960,75353
2026-03-09 08:57:57.517630,1808500,67038
2026-03-09 08:57:57.517630,271590,65603
2026-03-09 08:57:57.517630,2676230,61125
2026-03-09 08:57:57.517630,3764200,58810
2026-03-09 08:57:57.517630,236390,47427
2026-03-09 08:57:57.517630,413150,47019
2026-03-09 08:57:57.517630,440,46293
2026-03-09 08:57:57.517630,1422450,42549
2026-03-09 08:57:57.517630,230410,41892
2026-03-09 08:57:57.517630,3240220,39749
2026-03-09 08:57:57.517630,2357570,39172
2026-03-09 08:57:57.517630,105600,38314
2026-03-09 08:57:57.517630,438100,37924
2026-03-09 08:57:57.517630,359550,36591
2026-03-09 08:57:57.517630,1973530,36226
2026-03-09 08:57:57.517630,322170,35599
2026-03-09 08:57:57.517630,1203220,33847
2026-03-09 08:57:57.517630,2767030,31433
2026-03-09 08:57:57.517630,1281930,30510
2026-03-09 08:57:57.517630,4465480,29871
2026-03-09 08:57:57.517630,221100,29389
2026-03-09 08:57:57.517630,1366800,27259
2026-03-09 08:57:57.517630,1086940,27034
2026-03-09 08:57:57.517630,3065800,25966
2026-03-09 08:57:57.517630,381210,25564
2026-03-09 08:57:57.517630,394360,25271
2026-03-09 08:57:57.517630,4025700,25100
2026-03-09 08:57:57.517630,646570,24616
2026-03-09 08:57:57.517630,686060,24498
2026-03-09 08:57:57.517630,553850,24275
2026-03-09 08:57:57.517630,1623730,23935
2026-03-09 08:57:57.517630,289070,23831
2026-03-09 08:57:57.517630,3564740,23654
2026-03-09 08:57:57.517630,294100,23533
2026-03-09 08:57:57.517630,2246340,22276
2026-03-09 08:57:57.517630,3405690,21629
2026-03-09 08:57:57.517630,2399830,21610
2026-03-09 08:57:57.517630,322330,20745
2026-03-09 08:57:57.517630,582660,20432
2026-03-09 08:57:57.517630,2807960,20089
2026-03-09 08:57:57.517630,240,19594
2026-03-09 08:57:57.517630,1174180,19577
2026-03-09 08:57:57.517630,227300,19278
2026-03-09 08:57:57.517630,2923300,18637
2026-03-09 08:57:57.517630,1091500,18336
2026-03-09 08:57:57.517630,3551340,18255
2026-03-09 08:57:57.517630,255710,17244
2026-03-09 08:57:57.517630,1818450,17094
2026-03-09 08:57:57.517630,2622380,17077
2026-03-09 08:57:57.517630,1245620,16984
2026-03-09 08:57:57.517630,108600,16858
2026-03-09 08:57:57.517630,261550,16852
2026-03-09 08:57:57.517630,1938090,16781
2026-03-09 08:57:57.517630,1905180,16599
2026-03-09 08:57:57.517630,1222670,16599
2026-03-09 08:57:57.517630,2744880,16543
2026-03-09 08:57:57.517630,3241660,16463
2026-03-09 08:57:57.517630,2050650,16333
2026-03-09 08:57:57.517630,346110,16237
2026-03-09 08:57:57.517630,4000,16200
2026-03-09 08:57:57.517630,3472040,16131
2026-03-09 08:57:57.517630,1364780,15755
2026-03-09 08:57:57.517630,251570,15686
2026-03-09 08:57:57.517630,489830,15228
2026-03-09 08:57:57.517630,766570,14930
2026-03-09 08:57:57.517630,4205000,14389
2026-03-09 08:57:57.517630,1142710,14345
2026-03-09 08:57:57.517630,1771300,13789
2026-03-09 08:57:57.517630,1476970,13116
2026-03-09 08:57:57.517630,250900,12795
2026-03-09 08:57:57.517630,2183900,12602
2026-03-09 08:57:57.517630,1158310,12590
2026-03-09 08:57:57.517630,377160,12530
2026-03-09 08:57:57.517630,2073620,12527
2026-03-09 08:57:57.517630,284160,12488
2026-03-09 08:57:57.517630,2300320,12444
2026-03-09 08:57:57.517630,526870,12405
2026-03-09 08:57:57.517630,892970,12358
2026-03-09 08:57:57.517630,218620,12319
2026-03-09 08:57:57.517630,1449850,12180
2026-03-09 08:57:57.517630,2358720,11820
2026-03-09 08:57:57.517630,427520,11539
2026-03-09 08:57:57.517630,2252570,11535
2026-03-09 08:57:57.517630,594650,11487
2026-03-09 08:57:57.517630,629520,11321
2026-03-09 08:57:57.517630,3527290,11176
2026-03-09 08:57:57.517630,1623660,10881
2026-03-09 08:57:57.517630,813780,10806
2026-03-09 08:57:57.517630,3932890,10740
2026-03-09 08:57:57.517630,753,10717
2026-03-09 10:03:33.701484,730,979531
2026-03-09 10:03:33.701484,570,487630
2026-03-09 10:03:33.701484,2868840,308254
2026-03-09 10:03:33.701484,578080,299498
2026-03-09 10:03:33.701484,3419430,169556
2026-03-09 10:03:33.701484,252490,115384
2026-03-09 10:03:33.701484,431960,87710
2026-03-09 10:03:33.701484,2507950,87471
2026-03-09 10:03:33.701484,1172470,84834
2026-03-09 10:03:33.701484,238960,82478
2026-03-09 10:03:33.701484,271590,73596
2026-03-09 10:03:33.701484,1808500,69910
2026-03-09 10:03:33.701484,3764200,61618
2026-03-09 10:03:33.701484,2676230,61254
2026-03-09 10:03:33.701484,236390,51887
2026-03-09 10:03:33.701484,413150,49059
2026-03-09 10:03:33.701484,440,47156
2026-03-09 10:03:33.701484,230410,44369
2026-03-09 10:03:33.701484,3240220,42979
2026-03-09 10:03:33.701484,1422450,42222
2026-03-09 10:03:33.701484,105600,40511
2026-03-09 10:03:33.701484,1973530,39601
2026-03-09 10:03:33.701484,2357570,39130
2026-03-09 10:03:33.701484,322170,37792
2026-03-09 10:03:33.701484,1203220,35786
2026-03-09 10:03:33.701484,359550,35634
2026-03-09 10:03:33.701484,438100,34772
2026-03-09 10:03:33.701484,4465480,33726
2026-03-09 10:03:33.701484,221100,32712
2026-03-09 10:03:33.701484,1281930,32580
2026-03-09 10:03:33.701484,2767030,29284
2026-03-09 10:03:33.701484,1366800,28610
2026-03-09 10:03:33.701484,1086940,28582
2026-03-09 10:03:33.701484,394360,28205
2026-03-09 10:03:33.701484,381210,27383
2026-03-09 10:03:33.701484,4025700,27160
2026-03-09 10:03:33.701484,646570,26308
2026-03-09 10:03:33.701484,686060,25932
2026-03-09 10:03:33.701484,1623730,25702
2026-03-09 10:03:33.701484,553850,25559
2026-03-09 10:03:33.701484,289070,25450
2026-03-09 10:03:33.701484,3564740,25354
2026-03-09 10:03:33.701484,294100,24948
2026-03-09 10:03:33.701484,3405690,24889
2026-03-09 10:03:33.701484,3065800,24729
2026-03-09 10:03:33.701484,2246340,23657
2026-03-09 10:03:33.701484,2399830,23353
2026-03-09 10:03:33.701484,227300,22244
2026-03-09 10:03:33.701484,2807960,21488
2026-03-09 10:03:33.701484,3551340,21433
2026-03-09 10:03:33.701484,1174180,21365
2026-03-09 10:03:33.701484,322330,21211
2026-03-09 10:03:33.701484,582660,21050
2026-03-09 10:03:33.701484,1091500,19685
2026-03-09 10:03:33.701484,240,19517
2026-03-09 10:03:33.701484,1818450,19429
2026-03-09 10:03:33.701484,255710,19075
2026-03-09 10:03:33.701484,2923300,19071
2026-03-09 10:03:33.701484,2744880,18851
2026-03-09 10:03:33.701484,261550,18378
2026-03-09 10:03:33.701484,1905180,17982
2026-03-09 10:03:33.701484,346110,17883
2026-03-09 10:03:33.701484,1245620,17859
2026-03-09 10:03:33.701484,3241660,17793
2026-03-09 10:03:33.701484,108600,17780
2026-03-09 10:03:33.701484,4000,17620
2026-03-09 10:03:33.701484,1364780,17549
2026-03-09 10:03:33.701484,3472040,17503
2026-03-09 10:03:33.701484,1938090,17437
2026-03-09 10:03:33.701484,1222670,17437
2026-03-09 10:03:33.701484,2050650,17373
2026-03-09 10:03:33.701484,2622380,17139
2026-03-09 10:03:33.701484,251570,16859
2026-03-09 10:03:33.701484,766570,16191
2026-03-09 10:03:33.701484,489830,16032
2026-03-09 10:03:33.701484,4205000,15941
2026-03-09 10:03:33.701484,1142710,15765
2026-03-09 10:03:33.701484,1771300,15017
2026-03-09 10:03:33.701484,250900,14407
2026-03-09 10:03:33.701484,2073620,14023
2026-03-09 10:03:33.701484,2300320,14017
2026-03-09 10:03:33.701484,892970,13701
2026-03-09 10:03:33.701484,284160,13651
2026-03-09 10:03:33.701484,1158310,13602
2026-03-09 10:03:33.701484,1449850,13594
2026-03-09 10:03:33.701484,526870,13543
2026-03-09 10:03:33.701484,2183900,13542
2026-03-09 10:03:33.701484,1476970,13460
2026-03-09 10:03:33.701484,377160,13119
2026-03-09 10:03:33.701484,2252570,12910
2026-03-09 10:03:33.701484,2358720,12730
2026-03-09 10:03:33.701484,629520,12552
2026-03-09 10:03:33.701484,594650,12534
2026-03-09 10:03:33.701484,218620,12515
2026-03-09 10:03:33.701484,427520,12332
2026-03-09 10:03:33.701484,3932890,11913
2026-03-09 10:03:33.701484,813780,11675
2026-03-09 10:03:33.701484,393380,11522
2026-03-09 10:03:33.701484,3527290,11520
2026-03-09 10:03:33.701484,2139460,11453
2026-03-09 10:58:04.463024,730,1061262
2026-03-09 10:58:04.463024,570,499137
2026-03-09 10:58:04.463024,2868840,355861
2026-03-09 10:58:04.463024,578080,354179
2026-03-09 10:58:04.463024,3419430,170521
2026-03-09 10:58:04.463024,252490,124648
2026-03-09 10:58:04.463024,2507950,97705
2026-03-09 10:58:04.463024,1172470,96013
2026-03-09 10:58:04.463024,431960,95073
2026-03-09 10:58:04.463024,238960,88088
2026-03-09 10:58:04.463024,271590,79816
2026-03-09 10:58:04.463024,1808500,73947
2026-03-09 10:58:04.463024,3764200,67216
2026-03-09 10:58:04.463024,2676230,61368
2026-03-09 10:58:04.463024,236390,57056
2026-03-09 10:58:04.463024,413150,53261
2026-03-09 10:58:04.463024,440,48856
2026-03-09 10:58:04.463024,230410,48437
2026-03-09 10:58:04.463024,3240220,46123
2026-03-09 10:58:04.463024,1422450,43798
2026-03-09 10:58:04.463024,105600,43287
2026-03-09 10:58:04.463024,1973530,42698
2026-03-09 10:58:04.463024,1203220,42004
2026-03-09 10:58:04.463024,2357570,41355
2026-03-09 10:58:04.463024,322170,38176
2026-03-09 10:58:04.463024,359550,36096
2026-03-09 10:58:04.463024,4465480,35932
2026-03-09 10:58:04.463024,438100,35663
2026-03-09 10:58:04.463024,221100,35342
2026-03-09 10:58:04.463024,1281930,35002
2026-03-09 10:58:04.463024,1086940,30713
2026-03-09 10:58:04.463024,394360,30545
2026-03-09 10:58:04.463024,381210,30228
2026-03-09 10:58:04.463024,4025700,29898
2026-03-09 10:58:04.463024,1366800,29825
2026-03-09 10:58:04.463024,3564740,29277
2026-03-09 10:58:04.463024,646570,28932
2026-03-09 10:58:04.463024,3405690,28634
2026-03-09 10:58:04.463024,2767030,28465
2026-03-09 10:58:04.463024,1623730,28422
2026-03-09 10:58:04.463024,686060,28094
2026-03-09 10:58:04.463024,289070,27980
2026-03-09 10:58:04.463024,553850,27623
2026-03-09 10:58:04.463024,2246340,27533
2026-03-09 10:58:04.463024,294100,26789
2026-03-09 10:58:04.463024,3065800,25732
2026-03-09 10:58:04.463024,2399830,25301
2026-03-09 10:58:04.463024,227300,24870
2026-03-09 10:58:04.463024,3551340,24209
2026-03-09 10:58:04.463024,2807960,23725
2026-03-09 10:58:04.463024,322330,23217
2026-03-09 10:58:04.463024,1174180,23021
2026-03-09 10:58:04.463024,582660,21653
2026-03-09 10:58:04.463024,1091500,20920
2026-03-09 10:58:04.463024,2923300,20478
2026-03-09 10:58:04.463024,2744880,20442
2026-03-09 10:58:04.463024,261550,20285
2026-03-09 10:58:04.463024,255710,20183
2026-03-09 10:58:04.463024,1364780,20071
2026-03-09 10:58:04.463024,3241660,19811
2026-03-09 10:58:04.463024,2622380,19809
2026-03-09 10:58:04.463024,1905180,19739
2026-03-09 10:58:04.463024,1818450,19702
2026-03-09 10:58:04.463024,3472040,19634
2026-03-09 10:58:04.463024,1245620,19470
2026-03-09 10:58:04.463024,346110,19303
2026-03-09 10:58:04.463024,108600,19200
2026-03-09 10:58:04.463024,2050650,19072
2026-03-09 10:58:04.463024,1938090,18827
2026-03-09 10:58:04.463024,4000,18711
2026-03-09 10:58:04.463024,251570,18515
2026-03-09 10:58:04.463024,1222670,18509
2026-03-09 10:58:04.463024,4205000,17941
2026-03-09 10:58:04.463024,766570,17459
2026-03-09 10:58:04.463024,1142710,17306
2026-03-09 10:58:04.463024,489830,16854
2026-03-09 10:58:04.463024,240,16726
2026-03-09 10:58:04.463024,1771300,16551
2026-03-09 10:58:04.463024,250900,16049
2026-03-09 10:58:04.463024,1449850,15653
2026-03-09 10:58:04.463024,2073620,15293
2026-03-09 10:58:04.463024,892970,15275
2026-03-09 10:58:04.463024,2183900,14912
2026-03-09 10:58:04.463024,1158310,14888
2026-03-09 10:58:04.463024,2300320,14872
2026-03-09 10:58:04.463024,526870,14660
2026-03-09 10:58:04.463024,594650,14310
2026-03-09 10:58:04.463024,284160,14218
2026-03-09 10:58:04.463024,2252570,14163
2026-03-09 10:58:04.463024,2358720,14061
2026-03-09 10:58:04.463024,377160,13929
2026-03-09 10:58:04.463024,393380,13614
2026-03-09 10:58:04.463024,1476970,13561
2026-03-09 10:58:04.463024,629520,13491
2026-03-09 10:58:04.463024,427520,13183
2026-03-09 10:58:04.463024,3932890,13174
2026-03-09 10:58:04.463024,3527290,12921
2026-03-09 10:58:04.463024,218620,12846
2026-03-09 10:58:04.463024,813780,12646
2026-03-09 10:58:04.463024,2139460,12591
2026-03-09 11:41:24.899218,730,1137321
2026-03-09 11:41:24.899218,570,496089
2026-03-09 11:41:24.899218,578080,442852
2026-03-09 11:41:24.899218,2868840,404552
2026-03-09 11:41:24.899218,3419430,173314
2026-03-09 11:41:24.899218,252490,128990
2026-03-09 11:41:24.899218,1172470,119201
2026-03-09 11:41:24.899218,2507950,111922
2026-03-09 11:41:24.899218,431960,100966
2026-03-09 11:41:24.899218,238960,91611
2026-03-09 11:41:24.899218,271590,84282
2026-03-09 11:41:24.899218,1808500,75962
2026-03-09 11:41:24.899218,3764200,73929
2026-03-09 11:41:24.899218,2676230,64045
2026-03-09 11:41:24.899218,236390,61541
2026-03-09 11:41:24.899218,413150,59607
2026-03-09 11:41:24.899218,230410,51660
2026-03-09 11:41:24.899218,1203220,51650
2026-03-09 11:41:24.899218,3240220,49954
2026-03-09 11:41:24.899218,105600,48846
2026-03-09 11:41:24.899218,440,46618
2026-03-09 11:41:24.899218,1422450,45546
2026-03-09 11:41:24.899218,2357570,45171
2026-03-09 11:41:24.899218,1973530,44304
2026-03-09 11:41:24.899218,322170,39852
2026-03-09 11:41:24.899218,359550,38097
2026-03-09 11:41:24.899218,4465480,37597
2026-03-09 11:41:24.899218,438100,37594
2026-03-09 11:41:24.899218,221100,37062
2026-03-09 11:41:24.899218,1281930,36308
2026-03-09 11:41:24.899218,3564740,33542
2026-03-09 11:41:24.899218,381210,33242
2026-03-09 11:41:24.899218,1086940,33012
2026-03-09 11:41:24.899218,394360,32813
2026-03-09 11:41:24.899218,4025700,32676
2026-03-09 11:41:24.899218,2246340,32424
2026-03-09 11:41:24.899218,646570,31249
2026-03-09 11:41:24.899218,1623730,31115
2026-03-09 11:41:24.899218,3405690,31061
2026-03-09 11:41:24.899218,1366800,30904
2026-03-09 11:41:24.899218,553850,30743
2026-03-09 11:41:24.899218,289070,30395
2026-03-09 11:41:24.899218,686060,29323
2026-03-09 11:41:24.899218,2767030,28862
2026-03-09 11:41:24.899218,294100,28166
2026-03-09 11:41:24.899218,2399830,27197
2026-03-09 11:41:24.899218,3065800,27127
2026-03-09 11:41:24.899218,227300,26999
2026-03-09 11:41:24.899218,322330,26761
2026-03-09 11:41:24.899218,2807960,26369
2026-03-09 11:41:24.899218,3551340,25918
2026-03-09 11:41:24.899218,2622380,24936
2026-03-09 11:41:24.899218,1174180,24772
2026-03-09 11:41:24.899218,3241660,24514
2026-03-09 11:41:24.899218,2744880,23031
2026-03-09 11:41:24.899218,1364780,22808
2026-03-09 11:41:24.899218,1091500,22513
2026-03-09 11:41:24.899218,2923300,22303
2026-03-09 11:41:24.899218,582660,22064
2026-03-09 11:41:24.899218,261550,21700
2026-03-09 11:41:24.899218,1905180,21525
2026-03-09 11:41:24.899218,255710,21487
2026-03-09 11:41:24.899218,1245620,21383
2026-03-09 11:41:24.899218,3472040,21124
2026-03-09 11:41:24.899218,108600,20929
2026-03-09 11:41:24.899218,346110,20860
2026-03-09 11:41:24.899218,2050650,20679
2026-03-09 11:41:24.899218,251570,20561
2026-03-09 11:41:24.899218,1938090,20376
2026-03-09 11:41:24.899218,1818450,20327
2026-03-09 11:41:24.899218,4000,19827
2026-03-09 11:41:24.899218,1222670,19414
2026-03-09 11:41:24.899218,4205000,19345
2026-03-09 11:41:24.899218,766570,18656
2026-03-09 11:41:24.899218,1142710,18651
2026-03-09 11:41:24.899218,1771300,18068
2026-03-09 11:41:24.899218,594650,17552
2026-03-09 11:41:24.899218,489830,17547
2026-03-09 11:41:24.899218,240,17458
2026-03-09 11:41:24.899218,1449850,17181
2026-03-09 11:41:24.899218,250900,16735
2026-03-09 11:41:24.899218,2073620,16457
2026-03-09 11:41:24.899218,892970,16400
2026-03-09 11:41:24.899218,2183900,16052
2026-03-09 11:41:24.899218,1158310,15786
2026-03-09 11:41:24.899218,2358720,15736
2026-03-09 11:41:24.899218,526870,15380
2026-03-09 11:41:24.899218,2300320,15296
2026-03-09 11:41:24.899218,393380,15257
2026-03-09 11:41:24.899218,3527290,15074
2026-03-09 11:41:24.899218,2252570,14905
2026-03-09 11:41:24.899218,284160,14695
2026-03-09 11:41:24.899218,377160,14489
2026-03-09 11:41:24.899218,3932890,14461
2026-03-09 11:41:24.899218,629520,14390
2026-03-09 11:41:24.899218,1049590,14239
2026-03-09 11:41:24.899218,427520,13862
2026-03-09 11:41:24.899218,1476970,13787
2026-03-09 11:41:24.899218,2139460,13562
2026-03-09 11:41:24.899218,813780,13475
2026-03-09 12:01:49.099295,730,1202022
2026-03-09 12:01:49.099295,570,522578
2026-03-09 12:01:49.099295,578080,495898
2026-03-09 12:01:49.099295,2868840,430862
2026-03-09 12:01:49.099295,3419430,175001
2026-03-09 12:01:49.099295,1172470,134327
2026-03-09 12:01:49.099295,252490,130425
2026-03-09 12:01:49.099295,2507950,120531
2026-03-09 12:01:49.099295,431960,103947
2026-03-09 12:01:49.099295,238960,94012
2026-03-09 12:01:49.099295,271590,86523
2026-03-09 12:01:49.099295,3764200,77909
2026-03-09 12:01:49.099295,1808500,77900
2026-03-09 12:01:49.099295,2676230,69435
2026-03-09 12:01:49.099295,236390,64075
2026-03-09 12:01:49.099295,413150,63422
2026-03-09 12:01:49.099295,1203220,56953
2026-03-09 12:01:49.099295,230410,53803
2026-03-09 12:01:49.099295,3240220,52601
2026-03-09 12:01:49.099295,105600,50738
2026-03-09 12:01:49.099295,440,48376
2026-03-09 12:01:49.099295,2357570,47992
2026-03-09 12:01:49.099295,1422450,46640
2026-03-09 12:01:49.099295,1973530,44826
2026-03-09 12:01:49.099295,322170,41078
2026-03-09 12:01:49.099295,359550,40143
2026-03-09 12:01:49.099295,438100,39173
2026-03-09 12:01:49.099295,4465480,38707
2026-03-09 12:01:49.099295,1281930,38580
2026-03-09 12:01:49.099295,221100,37804
2026-03-09 12:01:49.099295,3564740,36100
2026-03-09 12:01:49.099295,2246340,35521
2026-03-09 12:01:49.099295,381210,34985
2026-03-09 12:01:49.099295,1086940,34566
2026-03-09 12:01:49.099295,4025700,34151
2026-03-09 12:01:49.099295,394360,33913
2026-03-09 12:01:49.099295,553850,33026
2026-03-09 12:01:49.099295,1623730,32717
2026-03-09 12:01:49.099295,3405690,32685
2026-03-09 12:01:49.099295,646570,32436
2026-03-09 12:01:49.099295,289070,31582
2026-03-09 12:01:49.099295,1366800,31374
2026-03-09 12:01:49.099295,686060,30087
2026-03-09 12:01:49.099295,2767030,29480
2026-03-09 12:01:49.099295,294100,29039
2026-03-09 12:01:49.099295,322330,28897
2026-03-09 12:01:49.099295,227300,28268
2026-03-09 12:01:49.099295,2399830,28253
2026-03-09 12:01:49.099295,3065800,28209
2026-03-09 12:01:49.099295,2807960,27869
2026-03-09 12:01:49.099295,2622380,27868
2026-03-09 12:01:49.099295,3241660,27483
2026-03-09 12:01:49.099295,3551340,26837
2026-03-09 12:01:49.099295,1174180,25860
2026-03-09 12:01:49.099295,1364780,24805
2026-03-09 12:01:49.099295,2744880,24361
2026-03-09 12:01:49.099295,1091500,23457
2026-03-09 12:01:49.099295,261550,22573
2026-03-09 12:01:49.099295,1245620,22451
2026-03-09 12:01:49.099295,255710,22428
2026-03-09 12:01:49.099295,1905180,22328
2026-03-09 12:01:49.099295,582660,22269
2026-03-09 12:01:49.099295,3472040,22102
2026-03-09 12:01:49.099295,108600,21951
2026-03-09 12:01:49.099295,2050650,21799
2026-03-09 12:01:49.099295,346110,21707
2026-03-09 12:01:49.099295,251570,21623
2026-03-09 12:01:49.099295,1938090,21409
2026-03-09 12:01:49.099295,1818450,20520
2026-03-09 12:01:49.099295,4000,20371
2026-03-09 12:01:49.099295,2923300,20265
2026-03-09 12:01:49.099295,1222670,20062
2026-03-09 12:01:49.099295,240,19911
2026-03-09 12:01:49.099295,4205000,19783
2026-03-09 12:01:49.099295,594650,19703
2026-03-09 12:01:49.099295,766570,19270
2026-03-09 12:01:49.099295,1142710,19260
2026-03-09 12:01:49.099295,1771300,18824
2026-03-09 12:01:49.099295,489830,17992
2026-03-09 12:01:49.099295,1449850,17744
2026-03-09 12:01:49.099295,2073620,17243
2026-03-09 12:01:49.099295,250900,17224
2026-03-09 12:01:49.099295,892970,17066
2026-03-09 12:01:49.099295,2358720,16715
2026-03-09 12:01:49.099295,2183900,16702
2026-03-09 12:01:49.099295,3527290,16675
2026-03-09 12:01:49.099295,1158310,16299
2026-03-09 12:01:49.099295,393380,15918
2026-03-09 12:01:49.099295,526870,15842
2026-03-09 12:01:49.099295,2300320,15555
2026-03-09 12:01:49.099295,2252570,15334
2026-03-09 12:01:49.099295,1049590,15301
2026-03-09 12:01:49.099295,284160,15272
2026-03-09 12:01:49.099295,3932890,15167
2026-03-09 12:01:49.099295,377160,14876
2026-03-09 12:01:49.099295,629520,14822
2026-03-09 12:01:49.099295,1325860,14275
2026-03-09 12:01:49.099295,427520,14242
2026-03-09 12:01:49.099295,813780,14153
2026-03-09 12:01:49.099295,2584990,14035
2026-03-09 13:25:18.645113,730,1437171
2026-03-09 13:25:18.645113,578080,693250
2026-03-09 13:25:18.645113,570,618148
2026-03-09 13:25:18.645113,2868840,535660
2026-03-09 13:25:18.645113,1172470,202531
2026-03-09 13:25:18.645113,3419430,170856
2026-03-09 13:25:18.645113,2507950,155753
2026-03-09 13:25:18.645113,252490,141392
2026-03-09 13:25:18.645113,431960,116542
2026-03-09 13:25:18.645113,238960,101872
2026-03-09 13:25:18.645113,2676230,96419
2026-03-09 13:25:18.645113,271590,95717
2026-03-09 13:25:18.645113,3764200,94893
2026-03-09 13:25:18.645113,1808500,90293
2026-03-09 13:25:18.645113,413150,81888
2026-03-09 13:25:18.645113,1203220,78259
2026-03-09 13:25:18.645113,236390,76158
2026-03-09 13:25:18.645113,3240220,64487
2026-03-09 13:25:18.645113,2357570,62489
2026-03-09 13:25:18.645113,230410,60890
2026-03-09 13:25:18.645113,105600,59713
2026-03-09 13:25:18.645113,1422450,53677
2026-03-09 13:25:18.645113,359550,52293
2026-03-09 13:25:18.645113,440,50596
2026-03-09 13:25:18.645113,438100,49626
2026-03-09 13:25:18.645113,322170,48776
2026-03-09 13:25:18.645113,1973530,47369
2026-03-09 13:25:18.645113,3241660,47312
2026-03-09 13:25:18.645113,1281930,47094
2026-03-09 13:25:18.645113,2246340,47054
2026-03-09 13:25:18.645113,3564740,46616
2026-03-09 13:25:18.645113,381210,43888
2026-03-09 13:25:18.645113,553850,42627
2026-03-09 13:25:18.645113,4465480,41795
2026-03-09 13:25:18.645113,1086940,41578
2026-03-09 13:25:18.645113,3405690,41383
2026-03-09 13:25:18.645113,221100,41351
2026-03-09 13:25:18.645113,2622380,40614
2026-03-09 13:25:18.645113,1623730,39439
2026-03-09 13:25:18.645113,4025700,39272
2026-03-09 13:25:18.645113,394360,38896
2026-03-09 13:25:18.645113,322330,37728
2026-03-09 13:25:18.645113,646570,36850
2026-03-09 13:25:18.645113,289070,36467
2026-03-09 13:25:18.645113,2744880,34667
2026-03-09 13:25:18.645113,1366800,34477
2026-03-09 13:25:18.645113,2807960,34071
2026-03-09 13:25:18.645113,227300,33831
2026-03-09 13:25:18.645113,2767030,33689
2026-03-09 13:25:18.645113,686060,33461
2026-03-09 13:25:18.645113,3065800,33285
2026-03-09 13:25:18.645113,2399830,33285
2026-03-09 13:25:18.645113,294100,31642
2026-03-09 13:25:18.645113,1174180,31308
2026-03-09 13:25:18.645113,1364780,31216
2026-03-09 13:25:18.645113,3551340,29888
2026-03-09 13:25:18.645113,1245620,28057
2026-03-09 13:25:18.645113,1091500,27960
2026-03-09 13:25:18.645113,594650,27487
2026-03-09 13:25:18.645113,3472040,27108
2026-03-09 13:25:18.645113,2050650,26938
2026-03-09 13:25:18.645113,255710,26839
2026-03-09 13:25:18.645113,1938090,26749
2026-03-09 13:25:18.645113,108600,26341
2026-03-09 13:25:18.645113,251570,26289
2026-03-09 13:25:18.645113,346110,26244
2026-03-09 13:25:18.645113,1905180,26204
2026-03-09 13:25:18.645113,261550,26164
2026-03-09 13:25:18.645113,3527290,24517
2026-03-09 13:25:18.645113,1222670,24275
2026-03-09 13:25:18.645113,582660,23266
2026-03-09 13:25:18.645113,1771300,22465
2026-03-09 13:25:18.645113,4000,22325
2026-03-09 13:25:18.645113,1142710,22173
2026-03-09 13:25:18.645113,218620,21721
2026-03-09 13:25:18.645113,1818450,21676
2026-03-09 13:25:18.645113,2358720,21569
2026-03-09 13:25:18.645113,766570,20927
2026-03-09 13:25:18.645113,2073620,20556
2026-03-09 13:25:18.645113,2923300,20517
2026-03-09 13:25:18.645113,1426210,20355
2026-03-09 13:25:18.645113,892970,20318
2026-03-09 13:25:18.645113,489830,20237
2026-03-09 13:25:18.645113,550,19973
2026-03-09 13:25:18.645113,2183900,19933
2026-03-09 13:25:18.645113,4205000,19907
2026-03-09 13:25:18.645113,1449850,19709
2026-03-09 13:25:18.645113,250900,19078
2026-03-09 13:25:18.645113,1158310,18486
2026-03-09 13:25:18.645113,393380,18358
2026-03-09 13:25:18.645113,526870,18355
2026-03-09 13:25:18.645113,1049590,18260
2026-03-09 13:25:18.645113,2300320,17946
2026-03-09 13:25:18.645113,1325860,17802
2026-03-09 13:25:18.645113,582010,17541
2026-03-09 13:25:18.645113,284160,17466
2026-03-09 13:25:18.645113,3932890,17225
2026-03-09 13:25:18.645113,629520,17113
2026-03-09 13:25:18.645113,2252570,17076
2026-03-09 13:25:18.645113,377160,17017
2026-03-09 14:29:12.235271,730,1506156
2026-03-09 14:29:12.235271,578080,696943
2026-03-09 14:29:12.235271,570,658526
2026-03-09 14:29:12.235271,2868840,568884
2026-03-09 14:29:12.235271,1172470,208451
2026-03-09 14:29:12.235271,3419430,169673
2026-03-09 14:29:12.235271,2507950,159427
2026-03-09 14:29:12.235271,252490,150713
2026-03-09 14:29:12.235271,431960,119271
2026-03-09 14:29:12.235271,2676230,114282
2026-03-09 14:29:12.235271,238960,110132
2026-03-09 14:29:12.235271,1808500,102160
2026-03-09 14:29:12.235271,3764200,101389
2026-03-09 14:29:12.235271,271590,99609
2026-03-09 14:29:12.235271,413150,87943
2026-03-09 14:29:12.235271,236390,81368
2026-03-09 14:29:12.235271,1203220,76559
2026-03-09 14:29:12.235271,2357570,70962
2026-03-09 14:29:12.235271,3240220,67912
2026-03-09 14:29:12.235271,105600,63098
2026-03-09 14:29:12.235271,230410,62557
2026-03-09 14:29:12.235271,1422450,60377
2026-03-09 14:29:12.235271,359550,59638
2026-03-09 14:29:12.235271,322170,56982
2026-03-09 14:29:12.235271,3241660,55859
2026-03-09 14:29:12.235271,438100,55529
2026-03-09 14:29:12.235271,440,52122
2026-03-09 14:29:12.235271,1281930,50227
2026-03-09 14:29:12.235271,3564740,49588
2026-03-09 14:29:12.235271,2246340,48803
2026-03-09 14:29:12.235271,3405690,48445
2026-03-09 14:29:12.235271,381210,47794
2026-03-09 14:29:12.235271,1973530,46439
2026-03-09 14:29:12.235271,553850,46262
2026-03-09 14:29:12.235271,1086940,45762
2026-03-09 14:29:12.235271,4465480,44869
2026-03-09 14:29:12.235271,221100,44435
2026-03-09 14:29:12.235271,2622380,41847
2026-03-09 14:29:12.235271,394360,41698
2026-03-09 14:29:12.235271,4025700,41030
2026-03-09 14:29:12.235271,1623730,41001
2026-03-09 14:29:12.235271,646570,39224
2026-03-09 14:29:12.235271,322330,38563
2026-03-09 14:29:12.235271,2767030,38311
2026-03-09 14:29:12.235271,289070,38262
2026-03-09 14:29:12.235271,227300,37504
2026-03-09 14:29:12.235271,1366800,36940
2026-03-09 14:29:12.235271,686060,36893
2026-03-09 14:29:12.235271,2807960,36663
2026-03-09 14:29:12.235271,3065800,35881
2026-03-09 14:29:12.235271,2744880,35825
2026-03-09 14:29:12.235271,2399830,34942
2026-03-09 14:29:12.235271,1174180,33734
2026-03-09 14:29:12.235271,294100,32759
2026-03-09 14:29:12.235271,3551340,31874
2026-03-09 14:29:12.235271,1364780,31809
2026-03-09 14:29:12.235271,1091500,30114
2026-03-09 14:29:12.235271,1245620,29980
2026-03-09 14:29:12.235271,1938090,29485
2026-03-09 14:29:12.235271,3472040,28811
2026-03-09 14:29:12.235271,2050650,28729
2026-03-09 14:29:12.235271,594650,28589
2026-03-09 14:29:12.235271,255710,28227
2026-03-09 14:29:12.235271,261550,27841
2026-03-09 14:29:12.235271,108600,27717
2026-03-09 14:29:12.235271,346110,27519
2026-03-09 14:29:12.235271,251570,27427
2026-03-09 14:29:12.235271,1905180,27403
2026-03-09 14:29:12.235271,1222670,26942
2026-03-09 14:29:12.235271,3527290,26880
2026-03-09 14:29:12.235271,1771300,24248
2026-03-09 14:29:12.235271,582660,23959
2026-03-09 14:29:12.235271,1142710,23774
2026-03-09 14:29:12.235271,4000,23667
2026-03-09 14:29:12.235271,892970,22797
2026-03-09 14:29:12.235271,218620,22774
2026-03-09 14:29:12.235271,2073620,22502
2026-03-09 14:29:12.235271,1426210,22475
2026-03-09 14:29:12.235271,550,22428
2026-03-09 14:29:12.235271,2358720,22193
2026-03-09 14:29:12.235271,489830,22055
2026-03-09 14:29:12.235271,1818450,21676
2026-03-09 14:29:12.235271,2923300,21295
2026-03-09 14:29:12.235271,2183900,21227
2026-03-09 14:29:12.235271,766570,20835
2026-03-09 14:29:12.235271,250900,20665
2026-03-09 14:29:12.235271,1158310,20248
2026-03-09 14:29:12.235271,2300320,20202
2026-03-09 14:29:12.235271,526870,19989
2026-03-09 14:29:12.235271,240,19877
2026-03-09 14:29:12.235271,1449850,19634
2026-03-09 14:29:12.235271,284160,19588
2026-03-09 14:29:12.235271,4205000,18800
2026-03-09 14:29:12.235271,582010,18665
2026-03-09 14:29:12.235271,393380,18400
2026-03-09 14:29:12.235271,377160,18357
2026-03-09 14:29:12.235271,813780,18345
2026-03-09 14:29:12.235271,629520,18202
2026-03-09 14:29:12.235271,1325860,18005
2026-03-09 14:29:12.235271,2221490,17867
2026-03-09 15:34:12.044321,730,1378918
2026-03-09 15:34:12.044321,570,656608
2026-03-09 15:34:12.044321,578080,529529
2026-03-09 15:34:12.044321,2868840,504405
2026-03-09 15:34:12.044321,3419430,166139
2026-03-09 15:34:12.044321,252490,159190
2026-03-09 15:34:12.044321,1172470,157033
2026-03-09 15:34:12.044321,2676230,128367
2026-03-09 15:34:12.044321,2507950,125506
2026-03-09 15:34:12.044321,238960,117916
2026-03-09 15:34:12.044321,1808500,110261
2026-03-09 15:34:12.044321,431960,109370
2026-03-09 15:34:12.044321,271590,99368
2026-03-09 15:34:12.044321,3764200,96497
2026-03-09 15:34:12.044321,236390,76195
2026-03-09 15:34:12.044321,413150,75456
2026-03-09 15:34:12.044321,2357570,71549
2026-03-09 15:34:12.044321,1422450,65434
2026-03-09 15:34:12.044321,322170,63359
2026-03-09 15:34:12.044321,359550,62101
2026-03-09 15:34:12.044321,3240220,61056
2026-03-09 15:34:12.044321,230410,59168
2026-03-09 15:34:12.044321,105600,58885
2026-03-09 15:34:12.044321,438100,54843
2026-03-09 15:34:12.044321,440,52544
2026-03-09 15:34:12.044321,1203220,50975
2026-03-09 15:34:12.044321,3405690,50858
2026-03-09 15:34:12.044321,221100,47661
2026-03-09 15:34:12.044321,381210,46574
2026-03-09 15:34:12.044321,3564740,46131
2026-03-09 15:34:12.044321,4465480,45853
2026-03-09 15:34:12.044321,1086940,45783
2026-03-09 15:34:12.044321,1281930,43859
2026-03-09 15:34:12.044321,3241660,43708
2026-03-09 15:34:12.044321,553850,42920
2026-03-09 15:34:12.044321,2767030,41840
2026-03-09 15:34:12.044321,394360,41530
2026-03-09 15:34:12.044321,2246340,41168
2026-03-09 15:34:12.044321,4025700,40004
2026-03-09 15:34:12.044321,1973530,39709
2026-03-09 15:34:12.044321,1366800,39471
2026-03-09 15:34:12.044321,686060,38737
2026-03-09 15:34:12.044321,227300,38717
2026-03-09 15:34:12.044321,1623730,37156
2026-03-09 15:34:12.044321,3065800,36760
2026-03-09 15:34:12.044321,289070,35986
2026-03-09 15:34:12.044321,646570,35598
2026-03-09 15:34:12.044321,2807960,34744
2026-03-09 15:34:12.044321,2399830,33961
2026-03-09 15:34:12.044321,3551340,32623
2026-03-09 15:34:12.044321,294100,31854
2026-03-09 15:34:12.044321,1174180,31315
2026-03-09 15:34:12.044321,322330,31109
2026-03-09 15:34:12.044321,2622380,30819
2026-03-09 15:34:12.044321,1938090,29027
2026-03-09 15:34:12.044321,1091500,28300
2026-03-09 15:34:12.044321,1222670,28171
2026-03-09 15:34:12.044321,1245620,28126
2026-03-09 15:34:12.044321,108600,27696
2026-03-09 15:34:12.044321,1905180,27210
2026-03-09 15:34:12.044321,261550,27171
2026-03-09 15:34:12.044321,2050650,26391
2026-03-09 15:34:12.044321,1364780,25749
2026-03-09 15:34:12.044321,3472040,25718
2026-03-09 15:34:12.044321,251570,25704
2026-03-09 15:34:12.044321,346110,25551
2026-03-09 15:34:12.044321,4000,24840
2026-03-09 15:34:12.044321,255710,24799
2026-03-09 15:34:12.044321,582660,24718
2026-03-09 15:34:12.044321,892970,24148
2026-03-09 15:34:12.044321,1142710,23802
2026-03-09 15:34:12.044321,1771300,23783
2026-03-09 15:34:12.044321,2300320,23234
2026-03-09 15:34:12.044321,489830,23099
2026-03-09 15:34:12.044321,218620,23043
2026-03-09 15:34:12.044321,594650,22791
2026-03-09 15:34:12.044321,2073620,22749
2026-03-09 15:34:12.044321,1818450,22027
2026-03-09 15:34:12.044321,2744880,21765
2026-03-09 15:34:12.044321,3527290,21714
2026-03-09 15:34:12.044321,284160,21579
2026-03-09 15:34:12.044321,526870,21226
2026-03-09 15:34:12.044321,2923300,20817
2026-03-09 15:34:12.044321,1158310,20784
2026-03-09 15:34:12.044321,250900,20543
2026-03-09 15:34:12.044321,550,20511
2026-03-09 15:34:12.044321,2183900,20170
2026-03-09 15:34:12.044321,240,19915
2026-03-09 15:34:12.044321,377160,19483
2026-03-09 15:34:12.044321,766570,19377
2026-03-09 15:34:12.044321,813780,18565
2026-03-09 15:34:12.044321,2221490,18480
2026-03-09 15:34:12.044321,629520,18343
2026-03-09 15:34:12.044321,2358720,17727
2026-03-09 15:34:12.044321,2252570,17568
2026-03-09 15:34:12.044321,1449850,17258
2026-03-09 15:34:12.044321,427520,17120
2026-03-09 15:34:12.044321,292030,16986
2026-03-09 15:34:12.044321,393380,16495
2026-03-09 15:34:12.044321,3932890,16082
2026-03-09 16:35:10.317049,730,1296299
2026-03-09 16:35:10.317049,570,629911
2026-03-09 16:35:10.317049,2868840,381469
2026-03-09 16:35:10.317049,578080,367286
2026-03-09 16:35:10.317049,252490,162894
2026-03-09 16:35:10.317049,3419430,160377
2026-03-09 16:35:10.317049,2676230,140780
2026-03-09 16:35:10.317049,238960,124853
2026-03-09 16:35:10.317049,1808500,123315
2026-03-09 16:35:10.317049,1172470,109159
2026-03-09 16:35:10.317049,271590,98561
2026-03-09 16:35:10.317049,431960,90762
2026-03-09 16:35:10.317049,3764200,88933
2026-03-09 16:35:10.317049,2507950,87812
2026-03-09 16:35:10.317049,236390,74321
2026-03-09 16:35:10.317049,2357570,71747
2026-03-09 16:35:10.317049,1422450,71156
2026-03-09 16:35:10.317049,322170,69877
2026-03-09 16:35:10.317049,359550,68039
2026-03-09 16:35:10.317049,413150,61692
2026-03-09 16:35:10.317049,440,55470
2026-03-09 16:35:10.317049,230410,54341
2026-03-09 16:35:10.317049,3240220,53273
2026-03-09 16:35:10.317049,3405690,51576
2026-03-09 16:35:10.317049,105600,51265
2026-03-09 16:35:10.317049,438100,51149
2026-03-09 16:35:10.317049,221100,50879
2026-03-09 16:35:10.317049,2767030,46506
2026-03-09 16:35:10.317049,4465480,46001
2026-03-09 16:35:10.317049,1086940,45960
2026-03-09 16:35:10.317049,381210,45545
2026-03-09 16:35:10.317049,1366800,41071
2026-03-09 16:35:10.317049,553850,40092
2026-03-09 16:35:10.317049,394360,39827
2026-03-09 16:35:10.317049,3564740,39813
2026-03-09 16:35:10.317049,686060,39730
2026-03-09 16:35:10.317049,227300,38940
2026-03-09 16:35:10.317049,3065800,38492
2026-03-09 16:35:10.317049,1281930,37356
2026-03-09 16:35:10.317049,4025700,36812
2026-03-09 16:35:10.317049,2807960,34463
2026-03-09 16:35:10.317049,2246340,32794
2026-03-09 16:35:10.317049,3551340,32579
2026-03-09 16:35:10.317049,3241660,32578
2026-03-09 16:35:10.317049,2399830,32468
2026-03-09 16:35:10.317049,1623730,31800
2026-03-09 16:35:10.317049,289070,31693
2026-03-09 16:35:10.317049,1973530,31514
2026-03-09 16:35:10.317049,1938090,30289
2026-03-09 16:35:10.317049,294100,29934
2026-03-09 16:35:10.317049,1203220,29511
2026-03-09 16:35:10.317049,1222670,29346
2026-03-09 16:35:10.317049,1174180,28024
2026-03-09 16:35:10.317049,646570,27455
2026-03-09 16:35:10.317049,108600,27240
2026-03-09 16:35:10.317049,2300320,27016
2026-03-09 16:35:10.317049,4000,26014
2026-03-09 16:35:10.317049,1091500,25857
2026-03-09 16:35:10.317049,892970,25496
2026-03-09 16:35:10.317049,1245620,25454
2026-03-09 16:35:10.317049,582660,25205
2026-03-09 16:35:10.317049,1905180,25043
2026-03-09 16:35:10.317049,261550,24740
2026-03-09 16:35:10.317049,489830,24098
2026-03-09 16:35:10.317049,251570,23960
2026-03-09 16:35:10.317049,2050650,23553
2026-03-09 16:35:10.317049,2073620,23376
2026-03-09 16:35:10.317049,346110,23348
2026-03-09 16:35:10.317049,284160,23315
2026-03-09 16:35:10.317049,1142710,23070
2026-03-09 16:35:10.317049,1818450,22760
2026-03-09 16:35:10.317049,526870,22662
2026-03-09 16:35:10.317049,1771300,22555
2026-03-09 16:35:10.317049,322330,22085
2026-03-09 16:35:10.317049,218620,21938
2026-03-09 16:35:10.317049,2622380,21040
2026-03-09 16:35:10.317049,240,21019
2026-03-09 16:35:10.317049,3472040,20846
2026-03-09 16:35:10.317049,377160,20796
2026-03-09 16:35:10.317049,2923300,20775
2026-03-09 16:35:10.317049,1158310,20730
2026-03-09 16:35:10.317049,255710,20236
2026-03-09 16:35:10.317049,250900,19881
2026-03-09 16:35:10.317049,2183900,19254
2026-03-09 16:35:10.317049,2221490,19235
2026-03-09 16:35:10.317049,252950,18827
2026-03-09 16:35:10.317049,550,18634
2026-03-09 16:35:10.317049,629520,18247
2026-03-09 16:35:10.317049,427520,17938
2026-03-09 16:35:10.317049,1364780,17868
2026-03-09 16:35:10.317049,594650,17764
2026-03-09 16:35:10.317049,813780,17747
2026-03-09 16:35:10.317049,766570,17265
2026-03-09 16:35:10.317049,2252570,17028
2026-03-09 16:35:10.317049,3527290,16657
2026-03-09 16:35:10.317049,1149460,16176
2026-03-09 16:35:10.317049,292030,16094
2026-03-09 16:35:10.317049,8930,15416
2026-03-09 16:35:10.317049,1476970,15404
2026-03-09 16:35:10.317049,1665460,15331
2026-03-09 17:28:38.393822,730,1322978
2026-03-09 17:28:38.393822,570,612377
2026-03-09 17:28:38.393822,2868840,304203
2026-03-09 17:28:38.393822,578080,294540
2026-03-09 17:28:38.393822,252490,164757
2026-03-09 17:28:38.393822,3419430,157052
2026-03-09 17:28:38.393822,2676230,149425
2026-03-09 17:28:38.393822,1808500,138407
2026-03-09 17:28:38.393822,238960,129773
2026-03-09 17:28:38.393822,271590,96985
2026-03-09 17:28:38.393822,1172470,87567
2026-03-09 17:28:38.393822,3764200,85955
2026-03-09 17:28:38.393822,1422450,77369
2026-03-09 17:28:38.393822,431960,76505
2026-03-09 17:28:38.393822,236390,76235
2026-03-09 17:28:38.393822,359550,75655
2026-03-09 17:28:38.393822,322170,75200
2026-03-09 17:28:38.393822,2357570,73992
2026-03-09 17:28:38.393822,2507950,67117
2026-03-09 17:28:38.393822,413150,57158
2026-03-09 17:28:38.393822,440,56073
2026-03-09 17:28:38.393822,3405690,53646
2026-03-09 17:28:38.393822,221100,53026
2026-03-09 17:28:38.393822,230410,51960
2026-03-09 17:28:38.393822,2767030,51215
2026-03-09 17:28:38.393822,105600,48234
2026-03-09 17:28:38.393822,1086940,47955
2026-03-09 17:28:38.393822,438100,47423
2026-03-09 17:28:38.393822,3240220,47310
2026-03-09 17:28:38.393822,4465480,47115
2026-03-09 17:28:38.393822,381210,46826
2026-03-09 17:28:38.393822,1366800,42874
2026-03-09 17:28:38.393822,553850,41489
2026-03-09 17:28:38.393822,3065800,41459
2026-03-09 17:28:38.393822,227300,41436
2026-03-09 17:28:38.393822,686060,41012
2026-03-09 17:28:38.393822,394360,39624
2026-03-09 17:28:38.393822,2807960,37549
2026-03-09 17:28:38.393822,3551340,34858
2026-03-09 17:28:38.393822,1281930,34759
2026-03-09 17:28:38.393822,3564740,34097
2026-03-09 17:28:38.393822,4025700,33374
2026-03-09 17:28:38.393822,1938090,32161
2026-03-09 17:28:38.393822,2399830,32019
2026-03-09 17:28:38.393822,2300320,31334
2026-03-09 17:28:38.393822,1222670,30837
2026-03-09 17:28:38.393822,3241660,29701
2026-03-09 17:28:38.393822,289070,29546
2026-03-09 17:28:38.393822,1623730,28634
2026-03-09 17:28:38.393822,294100,28510
2026-03-09 17:28:38.393822,2246340,27753
2026-03-09 17:28:38.393822,4000,27369
2026-03-09 17:28:38.393822,892970,27202
2026-03-09 17:28:38.393822,108600,27168
2026-03-09 17:28:38.393822,1174180,26833
2026-03-09 17:28:38.393822,1973530,26619
2026-03-09 17:28:38.393822,582660,25777
2026-03-09 17:28:38.393822,284160,25340
2026-03-09 17:28:38.393822,489830,25273
2026-03-09 17:28:38.393822,1091500,24986
2026-03-09 17:28:38.393822,1245620,24869
2026-03-09 17:28:38.393822,2073620,24712
2026-03-09 17:28:38.393822,526870,24216
2026-03-09 17:28:38.393822,261550,23831
2026-03-09 17:28:38.393822,1905180,23593
2026-03-09 17:28:38.393822,251570,23418
2026-03-09 17:28:38.393822,1818450,23270
2026-03-09 17:28:38.393822,1142710,23102
2026-03-09 17:28:38.393822,646570,22781
2026-03-09 17:28:38.393822,1771300,22388
2026-03-09 17:28:38.393822,2050650,22368
2026-03-09 17:28:38.393822,346110,22281
2026-03-09 17:28:38.393822,252950,22220
2026-03-09 17:28:38.393822,377160,21997
2026-03-09 17:28:38.393822,2923300,21404
2026-03-09 17:28:38.393822,1158310,21067
2026-03-09 17:28:38.393822,250900,20189
2026-03-09 17:28:38.393822,218620,20159
2026-03-09 17:28:38.393822,2221490,20010
2026-03-09 17:28:38.393822,240,19418
2026-03-09 17:28:38.393822,1203220,19415
2026-03-09 17:28:38.393822,2183900,19222
2026-03-09 17:28:38.393822,427520,18665
2026-03-09 17:28:38.393822,629520,18490
2026-03-09 17:28:38.393822,550,18436
2026-03-09 17:28:38.393822,813780,18142
2026-03-09 17:28:38.393822,255710,17793
2026-03-09 17:28:38.393822,3472040,17459
2026-03-09 17:28:38.393822,322330,17321
2026-03-09 17:28:38.393822,1149460,17291
2026-03-09 17:28:38.393822,1151340,17028
2026-03-09 17:28:38.393822,2252570,16839
2026-03-09 17:28:38.393822,306130,16560
2026-03-09 17:28:38.393822,2622380,16401
2026-03-09 17:28:38.393822,594650,16301
2026-03-09 17:28:38.393822,292030,16255
2026-03-09 17:28:38.393822,766570,16029
2026-03-09 17:28:38.393822,8930,15896
2026-03-09 17:28:38.393822,739630,15855
2026-03-09 17:28:38.393822,3527290,15802
2026-03-09 18:10:02.890912,730,1354021
2026-03-09 18:10:02.890912,570,601225
2026-03-09 18:10:02.890912,2868840,273803
2026-03-09 18:10:02.890912,578080,263657
2026-03-09 18:10:02.890912,252490,164710
2026-03-09 18:10:02.890912,2676230,156852
2026-03-09 18:10:02.890912,3419430,155008
2026-03-09 18:10:02.890912,1808500,149252
2026-03-09 18:10:02.890912,238960,132228
2026-03-09 18:10:02.890912,271590,90085
2026-03-09 18:10:02.890912,3764200,85848
2026-03-09 18:10:02.890912,1422450,82421
2026-03-09 18:10:02.890912,359550,81575
2026-03-09 18:10:02.890912,1172470,79325
2026-03-09 18:10:02.890912,322170,78127
2026-03-09 18:10:02.890912,236390,77713
2026-03-09 18:10:02.890912,2357570,75958
2026-03-09 18:10:02.890912,431960,69225
2026-03-09 18:10:02.890912,2507950,58272
2026-03-09 18:10:02.890912,440,56793
2026-03-09 18:10:02.890912,3405690,56730
2026-03-09 18:10:02.890912,413150,56610
2026-03-09 18:10:02.890912,2767030,55125
2026-03-09 18:10:02.890912,221100,54410
2026-03-09 18:10:02.890912,230410,50928
2026-03-09 18:10:02.890912,1086940,50142
2026-03-09 18:10:02.890912,381210,48635
2026-03-09 18:10:02.890912,105600,47660
2026-03-09 18:10:02.890912,4465480,46505
2026-03-09 18:10:02.890912,438100,45394
2026-03-09 18:10:02.890912,1366800,44489
2026-03-09 18:10:02.890912,3065800,43839
2026-03-09 18:10:02.890912,227300,43521
2026-03-09 18:10:02.890912,553850,43022
2026-03-09 18:10:02.890912,686060,42124
2026-03-09 18:10:02.890912,2807960,40281
2026-03-09 18:10:02.890912,394360,40253
2026-03-09 18:10:02.890912,3551340,36628
2026-03-09 18:10:02.890912,2300320,34763
2026-03-09 18:10:02.890912,1938090,34115
2026-03-09 18:10:02.890912,1281930,33582
2026-03-09 18:10:02.890912,3240220,32691
2026-03-09 18:10:02.890912,2399830,32236
2026-03-09 18:10:02.890912,1222670,31519
2026-03-09 18:10:02.890912,3564740,31483
2026-03-09 18:10:02.890912,4025700,30906
2026-03-09 18:10:02.890912,3241660,30366
2026-03-09 18:10:02.890912,289070,29008
2026-03-09 18:10:02.890912,892970,28659
2026-03-09 18:10:02.890912,4000,28138
2026-03-09 18:10:02.890912,294100,27773
2026-03-09 18:10:02.890912,108600,27655
2026-03-09 18:10:02.890912,1623730,27282
2026-03-09 18:10:02.890912,284160,26279
2026-03-09 18:10:02.890912,489830,26135
2026-03-09 18:10:02.890912,582660,26098
2026-03-09 18:10:02.890912,2073620,25740
2026-03-09 18:10:02.890912,2246340,25693
2026-03-09 18:10:02.890912,1174180,25333
2026-03-09 18:10:02.890912,526870,25326
2026-03-09 18:10:02.890912,1245620,25090
2026-03-09 18:10:02.890912,1091500,24956
2026-03-09 18:10:02.890912,252950,24742
2026-03-09 18:10:02.890912,1973530,24650
2026-03-09 18:10:02.890912,251570,23803
2026-03-09 18:10:02.890912,261550,23717
2026-03-09 18:10:02.890912,1142710,23715
2026-03-09 18:10:02.890912,1818450,22957
2026-03-09 18:10:02.890912,1771300,22679
2026-03-09 18:10:02.890912,377160,22677
2026-03-09 18:10:02.890912,1905180,22669
2026-03-09 18:10:02.890912,240,22028
2026-03-09 18:10:02.890912,2050650,22020
2026-03-09 18:10:02.890912,346110,21714
2026-03-09 18:10:02.890912,1158310,21547
2026-03-09 18:10:02.890912,646570,20833
2026-03-09 18:10:02.890912,2221490,20632
2026-03-09 18:10:02.890912,250900,20480
2026-03-09 18:10:02.890912,2923300,20412
2026-03-09 18:10:02.890912,2183900,19854
2026-03-09 18:10:02.890912,218620,19753
2026-03-09 18:10:02.890912,427520,19279
2026-03-09 18:10:02.890912,813780,18813
2026-03-09 18:10:02.890912,629520,18652
2026-03-09 18:10:02.890912,550,18390
2026-03-09 18:10:02.890912,1149460,17911
2026-03-09 18:10:02.890912,1151340,17596
2026-03-09 18:10:02.890912,306130,17403
2026-03-09 18:10:02.890912,739630,17390
2026-03-09 18:10:02.890912,2252570,17233
2026-03-09 18:10:02.890912,255710,16693
2026-03-09 18:10:02.890912,292030,16629
2026-03-09 18:10:02.890912,594650,16506
2026-03-09 18:10:02.890912,3527290,16291
2026-03-09 18:10:02.890912,8930,16174
2026-03-09 18:10:02.890912,39210,16093
2026-03-09 18:10:02.890912,3472040,16068
2026-03-09 18:10:02.890912,3164500,15998
2026-03-09 18:10:02.890912,1476970,15751
2026-03-09 18:10:02.890912,1665460,15439
2026-03-09 19:10:37.092335,730,1384410
2026-03-09 19:10:37.092335,570,588067
2026-03-09 19:10:37.092335,2868840,251677
2026-03-09 19:10:37.092335,578080,231482
2026-03-09 19:10:37.092335,2676230,169008
2026-03-09 19:10:37.092335,1808500,164064
2026-03-09 19:10:37.092335,252490,160401
2026-03-09 19:10:37.092335,3419430,152899
2026-03-09 19:10:37.092335,238960,134687
2026-03-09 19:10:37.092335,359550,92922
2026-03-09 19:10:37.092335,271590,91705
2026-03-09 19:10:37.092335,1422450,90886
2026-03-09 19:10:37.092335,3764200,86579
2026-03-09 19:10:37.092335,322170,81109
2026-03-09 19:10:37.092335,2357570,80303
2026-03-09 19:10:37.092335,236390,78821
2026-03-09 19:10:37.092335,1172470,71212
2026-03-09 19:10:37.092335,431960,61658
2026-03-09 19:10:37.092335,2767030,61238
2026-03-09 19:10:37.092335,3405690,60070
2026-03-09 19:10:37.092335,413150,57993
2026-03-09 19:10:37.092335,221100,55682
2026-03-09 19:10:37.092335,440,54324
2026-03-09 19:10:37.092335,1086940,54305
2026-03-09 19:10:37.092335,381210,50897
2026-03-09 19:10:37.092335,230410,50703
2026-03-09 19:10:37.092335,2507950,49558
2026-03-09 19:10:37.092335,3065800,48292
2026-03-09 19:10:37.092335,105600,47253
2026-03-09 19:10:37.092335,2807960,45924
2026-03-09 19:10:37.092335,553850,45768
2026-03-09 19:10:37.092335,1366800,45476
2026-03-09 19:10:37.092335,4465480,45364
2026-03-09 19:10:37.092335,227300,44364
2026-03-09 19:10:37.092335,686060,43697
2026-03-09 19:10:37.092335,438100,43420
2026-03-09 19:10:37.092335,3240220,41522
2026-03-09 19:10:37.092335,394360,40597
2026-03-09 19:10:37.092335,3551340,39567
2026-03-09 19:10:37.092335,2300320,37441
2026-03-09 19:10:37.092335,1938090,36385
2026-03-09 19:10:37.092335,2399830,32698
2026-03-09 19:10:37.092335,1222670,32092
2026-03-09 19:10:37.092335,1281930,31874
2026-03-09 19:10:37.092335,3241660,31530
2026-03-09 19:10:37.092335,892970,31068
2026-03-09 19:10:37.092335,3564740,29207
2026-03-09 19:10:37.092335,289070,28774
2026-03-09 19:10:37.092335,252950,28657
2026-03-09 19:10:37.092335,4000,28060
2026-03-09 19:10:37.092335,108600,27876
2026-03-09 19:10:37.092335,4025700,27350
2026-03-09 19:10:37.092335,294100,27235
2026-03-09 19:10:37.092335,489830,26875
2026-03-09 19:10:37.092335,284160,26783
2026-03-09 19:10:37.092335,526870,26680
2026-03-09 19:10:37.092335,1174180,26631
2026-03-09 19:10:37.092335,2073620,26504
2026-03-09 19:10:37.092335,582660,26163
2026-03-09 19:10:37.092335,1245620,25960
2026-03-09 19:10:37.092335,1623730,25825
2026-03-09 19:10:37.092335,1091500,25402
2026-03-09 19:10:37.092335,1142710,24467
2026-03-09 19:10:37.092335,251570,24299
2026-03-09 19:10:37.092335,377160,23725
2026-03-09 19:10:37.092335,261550,23643
2026-03-09 19:10:37.092335,1771300,23584
2026-03-09 19:10:37.092335,2246340,23584
2026-03-09 19:10:37.092335,1973530,22502
2026-03-09 19:10:37.092335,1158310,22345
2026-03-09 19:10:37.092335,2050650,21947
2026-03-09 19:10:37.092335,2221490,21786
2026-03-09 19:10:37.092335,1905180,21501
2026-03-09 19:10:37.092335,240,21277
2026-03-09 19:10:37.092335,346110,20997
2026-03-09 19:10:37.092335,250900,20973
2026-03-09 19:10:37.092335,2183900,20687
2026-03-09 19:10:37.092335,427520,20345
2026-03-09 19:10:37.092335,739630,20077
2026-03-09 19:10:37.092335,813780,19840
2026-03-09 19:10:37.092335,218620,19690
2026-03-09 19:10:37.092335,646570,19367
2026-03-09 19:10:37.092335,1149460,18749
2026-03-09 19:10:37.092335,1818450,18710
2026-03-09 19:10:37.092335,629520,18659
2026-03-09 19:10:37.092335,550,18143
2026-03-09 19:10:37.092335,1151340,17903
2026-03-09 19:10:37.092335,306130,17779
2026-03-09 19:10:37.092335,3164500,17770
2026-03-09 19:10:37.092335,2252570,17750
2026-03-09 19:10:37.092335,39210,17420
2026-03-09 19:10:37.092335,2923300,17327
2026-03-09 19:10:37.092335,3527290,17068
2026-03-09 19:10:37.092335,292030,16933
2026-03-09 19:10:37.092335,594650,16917
2026-03-09 19:10:37.092335,8930,16572
2026-03-09 19:10:37.092335,1203620,16116
2026-03-09 19:10:37.092335,255710,15910
2026-03-09 19:10:37.092335,1476970,15701
2026-03-09 19:10:37.092335,1874880,15530
2026-03-09 19:52:25.475999,730,1373313
2026-03-09 19:52:25.475999,570,567408
2026-03-09 19:52:25.475999,2868840,247787
2026-03-09 19:52:25.475999,578080,211514
2026-03-09 19:52:25.475999,2676230,175994
2026-03-09 19:52:25.475999,1808500,173329
2026-03-09 19:52:25.475999,252490,152292
2026-03-09 19:52:25.475999,3419430,136441
2026-03-09 19:52:25.475999,238960,135034
2026-03-09 19:52:25.475999,359550,101421
2026-03-09 19:52:25.475999,1422450,95840
2026-03-09 19:52:25.475999,271590,88151
2026-03-09 19:52:25.475999,3764200,87708
2026-03-09 19:52:25.475999,2357570,84807
2026-03-09 19:52:25.475999,322170,82427
2026-03-09 19:52:25.475999,236390,76373
2026-03-09 19:52:25.475999,1172470,67968
2026-03-09 19:52:25.475999,2767030,65412
2026-03-09 19:52:25.475999,3405690,60828
2026-03-09 19:52:25.475999,413150,59496
2026-03-09 19:52:25.475999,1086940,58162
2026-03-09 19:52:25.475999,431960,57561
2026-03-09 19:52:25.475999,221100,54995
2026-03-09 19:52:25.475999,440,53660
2026-03-09 19:52:25.475999,381210,51999
2026-03-09 19:52:25.475999,3065800,51663
2026-03-09 19:52:25.475999,230410,50465
2026-03-09 19:52:25.475999,2807960,50039
2026-03-09 19:52:25.475999,553850,48858
2026-03-09 19:52:25.475999,105600,46721
2026-03-09 19:52:25.475999,1366800,45498
2026-03-09 19:52:25.475999,2507950,45039
2026-03-09 19:52:25.475999,686060,44890
2026-03-09 19:52:25.475999,3240220,43789
2026-03-09 19:52:25.475999,438100,43346
2026-03-09 19:52:25.475999,227300,43146
2026-03-09 19:52:25.475999,4465480,42709
2026-03-09 19:52:25.475999,3551340,41749
2026-03-09 19:52:25.475999,394360,40417
2026-03-09 19:52:25.475999,1938090,37759
2026-03-09 19:52:25.475999,2300320,37664
2026-03-09 19:52:25.475999,2399830,32468
2026-03-09 19:52:25.475999,1222670,32451
2026-03-09 19:52:25.475999,892970,32199
2026-03-09 19:52:25.475999,3241660,31753
2026-03-09 19:52:25.475999,252950,31737
2026-03-09 19:52:25.475999,1281930,30795
2026-03-09 19:52:25.475999,289070,29185
2026-03-09 19:52:25.475999,108600,28513
2026-03-09 19:52:25.475999,3564740,27566
2026-03-09 19:52:25.475999,489830,27521
2026-03-09 19:52:25.475999,526870,27450
2026-03-09 19:52:25.475999,4000,27223
2026-03-09 19:52:25.475999,294100,26896
2026-03-09 19:52:25.475999,1174180,26677
2026-03-09 19:52:25.475999,1245620,26615
2026-03-09 19:52:25.475999,2073620,26508
2026-03-09 19:52:25.475999,284160,26127
2026-03-09 19:52:25.475999,1091500,25895
2026-03-09 19:52:25.475999,582660,25895
2026-03-09 19:52:25.475999,1623730,25301
2026-03-09 19:52:25.475999,1142710,24925
2026-03-09 19:52:25.475999,251570,24595
2026-03-09 19:52:25.475999,377160,24572
2026-03-09 19:52:25.475999,1771300,23916
2026-03-09 19:52:25.475999,261550,23456
2026-03-09 19:52:25.475999,2246340,23346
2026-03-09 19:52:25.475999,4025700,23012
2026-03-09 19:52:25.475999,1158310,22855
2026-03-09 19:52:25.475999,2221490,22228
2026-03-09 19:52:25.475999,2050650,21993
2026-03-09 19:52:25.475999,739630,21810
2026-03-09 19:52:25.475999,1973530,21619
2026-03-09 19:52:25.475999,2183900,21447
2026-03-09 19:52:25.475999,250900,21304
2026-03-09 19:52:25.475999,427520,20965
2026-03-09 19:52:25.475999,813780,20777
2026-03-09 19:52:25.475999,240,20550
2026-03-09 19:52:25.475999,346110,20488
2026-03-09 19:52:25.475999,1905180,19855
2026-03-09 19:52:25.475999,2923300,19523
2026-03-09 19:52:25.475999,1149460,19008
2026-03-09 19:52:25.475999,550,18890
2026-03-09 19:52:25.475999,646570,18872
2026-03-09 19:52:25.475999,3164500,18725
2026-03-09 19:52:25.475999,2252570,18584
2026-03-09 19:52:25.475999,39210,18135
2026-03-09 19:52:25.475999,629520,18041
2026-03-09 19:52:25.475999,1151340,17887
2026-03-09 19:52:25.475999,306130,17696
2026-03-09 19:52:25.475999,218620,17518
2026-03-09 19:52:25.475999,3527290,17306
2026-03-09 19:52:25.475999,1203620,17159
2026-03-09 19:52:25.475999,594650,17128
2026-03-09 19:52:25.475999,8930,16785
2026-03-09 19:52:25.475999,292030,16685
2026-03-09 19:52:25.475999,1818450,16152
2026-03-09 19:52:25.475999,1874880,16112
2026-03-09 19:52:25.475999,1476970,15559
2026-03-09 19:52:25.475999,255710,15415
2026-03-09 20:19:23.116751,730,1330328
2026-03-09 20:19:23.116751,570,546497
2026-03-09 20:19:23.116751,2868840,247009
2026-03-09 20:19:23.116751,578080,198225
2026-03-09 20:19:23.116751,1808500,177088
2026-03-09 20:19:23.116751,2676230,175673
2026-03-09 20:19:23.116751,252490,146912
2026-03-09 20:19:23.116751,238960,134252
2026-03-09 20:19:23.116751,3419430,125267
2026-03-09 20:19:23.116751,359550,104783
2026-03-09 20:19:23.116751,1422450,97787
2026-03-09 20:19:23.116751,3764200,87565
2026-03-09 20:19:23.116751,2357570,86379
2026-03-09 20:19:23.116751,271590,84252
2026-03-09 20:19:23.116751,322170,81701
2026-03-09 20:19:23.116751,236390,73094
2026-03-09 20:19:23.116751,2767030,67316
2026-03-09 20:19:23.116751,1172470,66412
2026-03-09 20:19:23.116751,3405690,60402
2026-03-09 20:19:23.116751,413150,59385
2026-03-09 20:19:23.116751,1086940,59321
2026-03-09 20:19:23.116751,431960,55691
2026-03-09 20:19:23.116751,221100,53405
2026-03-09 20:19:23.116751,3065800,53269
2026-03-09 20:19:23.116751,440,52936
2026-03-09 20:19:23.116751,381210,51459
2026-03-09 20:19:23.116751,2807960,50304
2026-03-09 20:19:23.116751,230410,49800
2026-03-09 20:19:23.116751,553850,49561
2026-03-09 20:19:23.116751,105600,46216
2026-03-09 20:19:23.116751,1366800,45228
2026-03-09 20:19:23.116751,686060,45020
2026-03-09 20:19:23.116751,3240220,43194
2026-03-09 20:19:23.116751,438100,43165
2026-03-09 20:19:23.116751,2507950,42985
2026-03-09 20:19:23.116751,3551340,42888
2026-03-09 20:19:23.116751,227300,40927
2026-03-09 20:19:23.116751,394360,39655
2026-03-09 20:19:23.116751,4465480,39645
2026-03-09 20:19:23.116751,1938090,38014
2026-03-09 20:19:23.116751,2300320,36534
2026-03-09 20:19:23.116751,252950,32819
2026-03-09 20:19:23.116751,892970,32434
2026-03-09 20:19:23.116751,1222670,32250
2026-03-09 20:19:23.116751,3241660,31322
2026-03-09 20:19:23.116751,1281930,30276
2026-03-09 20:19:23.116751,2399830,29542
2026-03-09 20:19:23.116751,289070,29117
2026-03-09 20:19:23.116751,108600,28509
2026-03-09 20:19:23.116751,489830,27653
2026-03-09 20:19:23.116751,526870,27510
2026-03-09 20:19:23.116751,3564740,26739
2026-03-09 20:19:23.116751,4000,26670
2026-03-09 20:19:23.116751,1245620,26625
2026-03-09 20:19:23.116751,294100,26553
2026-03-09 20:19:23.116751,1174180,26235
2026-03-09 20:19:23.116751,2073620,26177
2026-03-09 20:19:23.116751,1091500,25725
2026-03-09 20:19:23.116751,582660,25708
2026-03-09 20:19:23.116751,284160,25242
2026-03-09 20:19:23.116751,1623730,25054
2026-03-09 20:19:23.116751,1142710,25039
2026-03-09 20:19:23.116751,218620,24814
2026-03-09 20:19:23.116751,377160,24642
2026-03-09 20:19:23.116751,251570,24264
2026-03-09 20:19:23.116751,1771300,23838
2026-03-09 20:19:23.116751,2246340,23309
2026-03-09 20:19:23.116751,261550,23036
2026-03-09 20:19:23.116751,1158310,22890
2026-03-09 20:19:23.116751,2221490,22450
2026-03-09 20:19:23.116751,739630,21985
2026-03-09 20:19:23.116751,2050650,21944
2026-03-09 20:19:23.116751,1973530,21444
2026-03-09 20:19:23.116751,2183900,21323
2026-03-09 20:19:23.116751,250900,21237
2026-03-09 20:19:23.116751,813780,21156
2026-03-09 20:19:23.116751,427520,20938
2026-03-09 20:19:23.116751,240,20787
2026-03-09 20:19:23.116751,2923300,20588
2026-03-09 20:19:23.116751,4025700,20059
2026-03-09 20:19:23.116751,346110,20050
2026-03-09 20:19:23.116751,550,19488
2026-03-09 20:19:23.116751,1905180,19020
2026-03-09 20:19:23.116751,3164500,18963
2026-03-09 20:19:23.116751,2252570,18898
2026-03-09 20:19:23.116751,646570,18874
2026-03-09 20:19:23.116751,1149460,18856
2026-03-09 20:19:23.116751,39210,18346
2026-03-09 20:19:23.116751,1151340,17920
2026-03-09 20:19:23.116751,629520,17428
2026-03-09 20:19:23.116751,1203620,17386
2026-03-09 20:19:23.116751,306130,17381
2026-03-09 20:19:23.116751,3527290,17300
2026-03-09 20:19:23.116751,594650,16839
2026-03-09 20:19:23.116751,8930,16750
2026-03-09 20:19:23.116751,292030,16236
2026-03-09 20:19:23.116751,1874880,16205
2026-03-09 20:19:23.116751,1476970,15511
2026-03-09 20:19:23.116751,255710,15044
2026-03-09 20:19:23.116751,1665460,14523
2026-03-09 20:55:39.814514,730,1250223
2026-03-09 20:55:39.814514,570,509984
2026-03-09 20:55:39.814514,2868840,245534
2026-03-09 20:55:39.814514,1808500,179790
2026-03-09 20:55:39.814514,578080,176591
2026-03-09 20:55:39.814514,2676230,174728
2026-03-09 20:55:39.814514,252490,136651
2026-03-09 20:55:39.814514,238960,125806
2026-03-09 20:55:39.814514,3419430,120939
2026-03-09 20:55:39.814514,359550,106665
2026-03-09 20:55:39.814514,1422450,98595
2026-03-09 20:55:39.814514,3764200,86925
2026-03-09 20:55:39.814514,2357570,86781
2026-03-09 20:55:39.814514,322170,77925
2026-03-09 20:55:39.814514,271590,76139
2026-03-09 20:55:39.814514,2767030,69189
2026-03-09 20:55:39.814514,236390,65551
2026-03-09 20:55:39.814514,1172470,63450
2026-03-09 20:55:39.814514,1086940,59601
2026-03-09 20:55:39.814514,413150,59285
2026-03-09 20:55:39.814514,3405690,58416
2026-03-09 20:55:39.814514,3065800,55067
2026-03-09 20:55:39.814514,431960,53021
2026-03-09 20:55:39.814514,440,52052
2026-03-09 20:55:39.814514,221100,50622
2026-03-09 20:55:39.814514,381210,50566
2026-03-09 20:55:39.814514,553850,49147
2026-03-09 20:55:39.814514,2807960,49097
2026-03-09 20:55:39.814514,230410,48670
2026-03-09 20:55:39.814514,686060,45252
2026-03-09 20:55:39.814514,105600,44853
2026-03-09 20:55:39.814514,1366800,43586
2026-03-09 20:55:39.814514,438100,43332
2026-03-09 20:55:39.814514,3551340,43033
2026-03-09 20:55:39.814514,3240220,40813
2026-03-09 20:55:39.814514,2507950,40184
2026-03-09 20:55:39.814514,1938090,38163
2026-03-09 20:55:39.814514,394360,37509
2026-03-09 20:55:39.814514,227300,36734
2026-03-09 20:55:39.814514,4465480,34883
2026-03-09 20:55:39.814514,252950,33943
2026-03-09 20:55:39.814514,2300320,32891
2026-03-09 20:55:39.814514,892970,31727
2026-03-09 20:55:39.814514,1222670,31523
2026-03-09 20:55:39.814514,2399830,30448
2026-03-09 20:55:39.814514,3241660,29585
2026-03-09 20:55:39.814514,1281930,29049
2026-03-09 20:55:39.814514,289070,28924
2026-03-09 20:55:39.814514,108600,28412
2026-03-09 20:55:39.814514,489830,27664
2026-03-09 20:55:39.814514,526870,26942
2026-03-09 20:55:39.814514,1245620,26543
2026-03-09 20:55:39.814514,294100,25925
2026-03-09 20:55:39.814514,1091500,25363
2026-03-09 20:55:39.814514,3564740,25361
2026-03-09 20:55:39.814514,582660,25314
2026-03-09 20:55:39.814514,1142710,24956
2026-03-09 20:55:39.814514,1174180,24938
2026-03-09 20:55:39.814514,2073620,24871
2026-03-09 20:55:39.814514,4000,24860
2026-03-09 20:55:39.814514,377160,24590
2026-03-09 20:55:39.814514,1623730,24572
2026-03-09 20:55:39.814514,284160,23601
2026-03-09 20:55:39.814514,251570,23489
2026-03-09 20:55:39.814514,2246340,23194
2026-03-09 20:55:39.814514,1771300,23081
2026-03-09 20:55:39.814514,1158310,22773
2026-03-09 20:55:39.814514,2221490,22408
2026-03-09 20:55:39.814514,261550,22319
2026-03-09 20:55:39.814514,2050650,21362
2026-03-09 20:55:39.814514,1973530,21276
2026-03-09 20:55:39.814514,739630,21263
2026-03-09 20:55:39.814514,813780,20994
2026-03-09 20:55:39.814514,250900,20947
2026-03-09 20:55:39.814514,2183900,20831
2026-03-09 20:55:39.814514,427520,20682
2026-03-09 20:55:39.814514,240,20654
2026-03-09 20:55:39.814514,218620,20270
2026-03-09 20:55:39.814514,550,19950
2026-03-09 20:55:39.814514,2923300,19326
2026-03-09 20:55:39.814514,346110,19006
2026-03-09 20:55:39.814514,2252570,18981
2026-03-09 20:55:39.814514,3164500,18937
2026-03-09 20:55:39.814514,646570,18612
2026-03-09 20:55:39.814514,39210,18319
2026-03-09 20:55:39.814514,1149460,18269
2026-03-09 20:55:39.814514,1151340,17393
2026-03-09 20:55:39.814514,1203620,17219
2026-03-09 20:55:39.814514,1905180,17202
2026-03-09 20:55:39.814514,306130,16726
2026-03-09 20:55:39.814514,3527290,16701
2026-03-09 20:55:39.814514,8930,16491
2026-03-09 20:55:39.814514,4025700,16237
2026-03-09 20:55:39.814514,629520,16087
2026-03-09 20:55:39.814514,1874880,15841
2026-03-09 20:55:39.814514,594650,15723
2026-03-09 20:55:39.814514,1476970,15255
2026-03-09 20:55:39.814514,292030,15057
2026-03-09 20:55:39.814514,3472040,14474
2026-03-09 20:55:39.814514,255710,14275
2026-03-09 21:29:37.539122,730,1163445
2026-03-09 21:29:37.539122,570,474609
2026-03-09 21:29:37.539122,2868840,241808
2026-03-09 21:29:37.539122,1808500,177347
2026-03-09 21:29:37.539122,2676230,170412
2026-03-09 21:29:37.539122,578080,158008
2026-03-09 21:29:37.539122,252490,128619
2026-03-09 21:29:37.539122,238960,123134
2026-03-09 21:29:37.539122,3419430,118350
2026-03-09 21:29:37.539122,359550,104680
2026-03-09 21:29:37.539122,1422450,98146
2026-03-09 21:29:37.539122,2357570,85899
2026-03-09 21:29:37.539122,3764200,85126
2026-03-09 21:29:37.539122,322170,73248
2026-03-09 21:29:37.539122,2767030,70269
2026-03-09 21:29:37.539122,271590,69574
2026-03-09 21:29:37.539122,1172470,60397
2026-03-09 21:29:37.539122,236390,58493
2026-03-09 21:29:37.539122,1086940,57814
2026-03-09 21:29:37.539122,413150,57803
2026-03-09 21:29:37.539122,3065800,55944
2026-03-09 21:29:37.539122,3405690,55906
2026-03-09 21:29:37.539122,440,52611
2026-03-09 21:29:37.539122,431960,51206
2026-03-09 21:29:37.539122,381210,47964
2026-03-09 21:29:37.539122,221100,47127
2026-03-09 21:29:37.539122,553850,47113
2026-03-09 21:29:37.539122,230410,46985
2026-03-09 21:29:37.539122,2807960,45533
2026-03-09 21:29:37.539122,686060,44281
2026-03-09 21:29:37.539122,438100,43021
2026-03-09 21:29:37.539122,105600,42862
2026-03-09 21:29:37.539122,3551340,41798
2026-03-09 21:29:37.539122,1366800,41667
2026-03-09 21:29:37.539122,2507950,38294
2026-03-09 21:29:37.539122,3240220,38274
2026-03-09 21:29:37.539122,1938090,37079
2026-03-09 21:29:37.539122,394360,35063
2026-03-09 21:29:37.539122,252950,33714
2026-03-09 21:29:37.539122,227300,32412
2026-03-09 21:29:37.539122,1222670,30657
2026-03-09 21:29:37.539122,4465480,30594
2026-03-09 21:29:37.539122,2399830,30193
2026-03-09 21:29:37.539122,892970,29753
2026-03-09 21:29:37.539122,2300320,28803
2026-03-09 21:29:37.539122,289070,27832
2026-03-09 21:29:37.539122,1281930,27779
2026-03-09 21:29:37.539122,108600,27764
2026-03-09 21:29:37.539122,3241660,27098
2026-03-09 21:29:37.539122,489830,26842
2026-03-09 21:29:37.539122,1245620,25653
2026-03-09 21:29:37.539122,526870,25533
2026-03-09 21:29:37.539122,294100,25166
2026-03-09 21:29:37.539122,1973530,25139
2026-03-09 21:29:37.539122,3564740,25116
2026-03-09 21:29:37.539122,582660,24961
2026-03-09 21:29:37.539122,1091500,24486
2026-03-09 21:29:37.539122,1623730,23941
2026-03-09 21:29:37.539122,1142710,23929
2026-03-09 21:29:37.539122,377160,23920
2026-03-09 21:29:37.539122,1174180,23884
2026-03-09 21:29:37.539122,4000,23461
2026-03-09 21:29:37.539122,2073620,23445
2026-03-09 21:29:37.539122,2246340,22657
2026-03-09 21:29:37.539122,251570,22266
2026-03-09 21:29:37.539122,1158310,22111
2026-03-09 21:29:37.539122,2221490,22036
2026-03-09 21:29:37.539122,284160,21972
2026-03-09 21:29:37.539122,1771300,21684
2026-03-09 21:29:37.539122,2923300,21414
2026-03-09 21:29:37.539122,261550,21284
2026-03-09 21:29:37.539122,2050650,20805
2026-03-09 21:29:37.539122,218620,20410
2026-03-09 21:29:37.539122,550,20340
2026-03-09 21:29:37.539122,813780,20170
2026-03-09 21:29:37.539122,250900,19969
2026-03-09 21:29:37.539122,427520,19836
2026-03-09 21:29:37.539122,2183900,19629
2026-03-09 21:29:37.539122,739630,19352
2026-03-09 21:29:37.539122,2252570,18447
2026-03-09 21:29:37.539122,3164500,18303
2026-03-09 21:29:37.539122,39210,18107
2026-03-09 21:29:37.539122,646570,18050
2026-03-09 21:29:37.539122,346110,17893
2026-03-09 21:29:37.539122,240,17518
2026-03-09 21:29:37.539122,1151340,17190
2026-03-09 21:29:37.539122,1149460,17185
2026-03-09 21:29:37.539122,1203620,16260
2026-03-09 21:29:37.539122,3527290,15962
2026-03-09 21:29:37.539122,1905180,15944
2026-03-09 21:29:37.539122,8930,15920
2026-03-09 21:29:37.539122,306130,15881
2026-03-09 21:29:37.539122,1874880,15370
2026-03-09 21:29:37.539122,1476970,15037
2026-03-09 21:29:37.539122,629520,14941
2026-03-09 21:29:37.539122,3472040,14361
2026-03-09 21:29:37.539122,4025700,14195
2026-03-09 21:29:37.539122,594650,14065
2026-03-09 21:29:37.539122,292030,13771
2026-03-09 21:29:37.539122,1665460,13763
2026-03-09 21:57:24.373892,730,1049877
2026-03-09 21:57:24.373892,570,445379
2026-03-09 21:57:24.373892,2868840,238229
2026-03-09 21:57:24.373892,1808500,174443
2026-03-09 21:57:24.373892,2676230,167104
2026-03-09 21:57:24.373892,578080,140270
2026-03-09 21:57:24.373892,252490,121883
2026-03-09 21:57:24.373892,238960,119255
2026-03-09 21:57:24.373892,3419430,114731
2026-03-09 21:57:24.373892,359550,102564
2026-03-09 21:57:24.373892,1422450,97026
2026-03-09 21:57:24.373892,2357570,84301
2026-03-09 21:57:24.373892,3764200,83432
2026-03-09 21:57:24.373892,2767030,71344
2026-03-09 21:57:24.373892,322170,69381
2026-03-09 21:57:24.373892,271590,63177
2026-03-09 21:57:24.373892,1172470,57157
2026-03-09 21:57:24.373892,3065800,56496
2026-03-09 21:57:24.373892,413150,56342
2026-03-09 21:57:24.373892,1086940,55526
2026-03-09 21:57:24.373892,3405690,53644
2026-03-09 21:57:24.373892,236390,52805
2026-03-09 21:57:24.373892,440,50612
2026-03-09 21:57:24.373892,431960,49687
2026-03-09 21:57:24.373892,381210,45865
2026-03-09 21:57:24.373892,230410,45818
2026-03-09 21:57:24.373892,553850,45093
2026-03-09 21:57:24.373892,221100,44966
2026-03-09 21:57:24.373892,686060,43494
2026-03-09 21:57:24.373892,2807960,42425
2026-03-09 21:57:24.373892,438100,42411
2026-03-09 21:57:24.373892,105600,41866
2026-03-09 21:57:24.373892,1366800,40267
2026-03-09 21:57:24.373892,3551340,39086
2026-03-09 21:57:24.373892,2507950,36731
2026-03-09 21:57:24.373892,1938090,36317
2026-03-09 21:57:24.373892,3240220,36312
2026-03-09 21:57:24.373892,252950,32941
2026-03-09 21:57:24.373892,394360,32576
2026-03-09 21:57:24.373892,1222670,29904
2026-03-09 21:57:24.373892,2399830,29635
2026-03-09 21:57:24.373892,227300,28672
2026-03-09 21:57:24.373892,892970,27747
2026-03-09 21:57:24.373892,108600,27265
2026-03-09 21:57:24.373892,1281930,26705
2026-03-09 21:57:24.373892,289070,26630
2026-03-09 21:57:24.373892,489830,26346
2026-03-09 21:57:24.373892,2300320,25434
2026-03-09 21:57:24.373892,1245620,24917
2026-03-09 21:57:24.373892,1973530,24728
2026-03-09 21:57:24.373892,582660,24671
2026-03-09 21:57:24.373892,294100,24501
2026-03-09 21:57:24.373892,3241660,24501
2026-03-09 21:57:24.373892,3564740,24368
2026-03-09 21:57:24.373892,526870,24127
2026-03-09 21:57:24.373892,4465480,23994
2026-03-09 21:57:24.373892,1091500,23546
2026-03-09 21:57:24.373892,1623730,23442
2026-03-09 21:57:24.373892,377160,23362
2026-03-09 21:57:24.373892,1142710,22733
2026-03-09 21:57:24.373892,1174180,22623
2026-03-09 21:57:24.373892,2246340,22356
2026-03-09 21:57:24.373892,4000,22274
2026-03-09 21:57:24.373892,2073620,22164
2026-03-09 21:57:24.373892,2221490,21564
2026-03-09 21:57:24.373892,1158310,21418
2026-03-09 21:57:24.373892,251570,21219
2026-03-09 21:57:24.373892,550,20533
2026-03-09 21:57:24.373892,284160,20393
2026-03-09 21:57:24.373892,2050650,20332
2026-03-09 21:57:24.373892,1771300,20233
2026-03-09 21:57:24.373892,218620,20041
2026-03-09 21:57:24.373892,261550,19992
2026-03-09 21:57:24.373892,240,19595
2026-03-09 21:57:24.373892,250900,19319
2026-03-09 21:57:24.373892,813780,19040
2026-03-09 21:57:24.373892,2923300,18961
2026-03-09 21:57:24.373892,427520,18742
2026-03-09 21:57:24.373892,2183900,18447
2026-03-09 21:57:24.373892,39210,18042
2026-03-09 21:57:24.373892,3164500,17583
2026-03-09 21:57:24.373892,646570,17560
2026-03-09 21:57:24.373892,739630,17557
2026-03-09 21:57:24.373892,2252570,17351
2026-03-09 21:57:24.373892,346110,17001
2026-03-09 21:57:24.373892,1151340,16575
2026-03-09 21:57:24.373892,1149460,16380
2026-03-09 21:57:24.373892,4025700,15761
2026-03-09 21:57:24.373892,8930,15276
2026-03-09 21:57:24.373892,306130,15136
2026-03-09 21:57:24.373892,1203620,15003
2026-03-09 21:57:24.373892,3527290,14936
2026-03-09 21:57:24.373892,1905180,14851
2026-03-09 21:57:24.373892,1476970,14821
2026-03-09 21:57:24.373892,1874880,14758
2026-03-09 21:57:24.373892,3472040,14102
2026-03-09 21:57:24.373892,629520,13877
2026-03-09 21:57:24.373892,1665460,13613
2026-03-09 21:57:24.373892,255710,12912
2026-03-09 21:57:24.373892,594650,12651
2026-03-09 22:40:14.722711,730,961120
2026-03-09 22:40:14.722711,570,407915
2026-03-09 22:40:14.722711,2868840,230209
2026-03-09 22:40:14.722711,1808500,169059
2026-03-09 22:40:14.722711,2676230,161854
2026-03-09 22:40:14.722711,578080,118272
2026-03-09 22:40:14.722711,252490,113522
2026-03-09 22:40:14.722711,3419430,112276
2026-03-09 22:40:14.722711,238960,111689
2026-03-09 22:40:14.722711,359550,99133
2026-03-09 22:40:14.722711,1422450,94844
2026-03-09 22:40:14.722711,2357570,81462
2026-03-09 22:40:14.722711,3764200,80916
2026-03-09 22:40:14.722711,2767030,72230
2026-03-09 22:40:14.722711,322170,66128
2026-03-09 22:40:14.722711,3065800,56926
2026-03-09 22:40:14.722711,271590,55809
2026-03-09 22:40:14.722711,413150,53985
2026-03-09 22:40:14.722711,1172470,53759
2026-03-09 22:40:14.722711,1086940,51361
2026-03-09 22:40:14.722711,440,51220
2026-03-09 22:40:14.722711,3405690,49734
2026-03-09 22:40:14.722711,431960,48047
2026-03-09 22:40:14.722711,236390,46535
2026-03-09 22:40:14.722711,230410,44460
2026-03-09 22:40:14.722711,381210,42643
2026-03-09 22:40:14.722711,686060,41800
2026-03-09 22:40:14.722711,553850,41725
2026-03-09 22:40:14.722711,438100,41338
2026-03-09 22:40:14.722711,221100,41331
2026-03-09 22:40:14.722711,105600,40035
2026-03-09 22:40:14.722711,1366800,38434
2026-03-09 22:40:14.722711,2807960,38228
2026-03-09 22:40:14.722711,1938090,35949
2026-03-09 22:40:14.722711,2507950,35038
2026-03-09 22:40:14.722711,3240220,33943
2026-03-09 22:40:14.722711,3551340,33750
2026-03-09 22:40:14.722711,252950,30920
2026-03-09 22:40:14.722711,394360,29322
2026-03-09 22:40:14.722711,1222670,28918
2026-03-09 22:40:14.722711,2399830,28478
2026-03-09 22:40:14.722711,108600,26160
2026-03-09 22:40:14.722711,489830,25459
2026-03-09 22:40:14.722711,1281930,25407
2026-03-09 22:40:14.722711,892970,25217
2026-03-09 22:40:14.722711,289070,24764
2026-03-09 22:40:14.722711,227300,24557
2026-03-09 22:40:14.722711,582660,24127
2026-03-09 22:40:14.722711,1973530,24002
2026-03-09 22:40:14.722711,1245620,23811
2026-03-09 22:40:14.722711,294100,23412
2026-03-09 22:40:14.722711,3564740,22869
2026-03-09 22:40:14.722711,1623730,22683
2026-03-09 22:40:14.722711,377160,22153
2026-03-09 22:40:14.722711,1091500,22111
2026-03-09 22:40:14.722711,526870,22062
2026-03-09 22:40:14.722711,2246340,21651
2026-03-09 22:40:14.722711,2300320,21600
2026-03-09 22:40:14.722711,2923300,21354
2026-03-09 22:40:14.722711,4025700,21272
2026-03-09 22:40:14.722711,3241660,21226
2026-03-09 22:40:14.722711,1174180,21169
2026-03-09 22:40:14.722711,550,21027
2026-03-09 22:40:14.722711,2221490,20725
2026-03-09 22:40:14.722711,4000,20565
2026-03-09 22:40:14.722711,1142710,20525
2026-03-09 22:40:14.722711,4465480,20512
2026-03-09 22:40:14.722711,2073620,20480
2026-03-09 22:40:14.722711,1158310,20182
2026-03-09 22:40:14.722711,240,20059
2026-03-09 22:40:14.722711,218620,19864
2026-03-09 22:40:14.722711,2050650,19791
2026-03-09 22:40:14.722711,251570,19757
2026-03-09 22:40:14.722711,284160,19120
2026-03-09 22:40:14.722711,261550,18673
2026-03-09 22:40:14.722711,250900,18272
2026-03-09 22:40:14.722711,1771300,18214
2026-03-09 22:40:14.722711,39210,17790
2026-03-09 22:40:14.722711,813780,17612
2026-03-09 22:40:14.722711,427520,17181
2026-03-09 22:40:14.722711,2183900,16842
2026-03-09 22:40:14.722711,3164500,16839
2026-03-09 22:40:14.722711,646570,16819
2026-03-09 22:40:14.722711,1151340,16188
2026-03-09 22:40:14.722711,346110,15931
2026-03-09 22:40:14.722711,739630,15707
2026-03-09 22:40:14.722711,2252570,15396
2026-03-09 22:40:14.722711,1149460,15285
2026-03-09 22:40:14.722711,1476970,14512
2026-03-09 22:40:14.722711,8930,14282
2026-03-09 22:40:14.722711,306130,14262
2026-03-09 22:40:14.722711,1874880,14079
2026-03-09 22:40:14.722711,1905180,13949
2026-03-09 22:40:14.722711,3472040,13912
2026-03-09 22:40:14.722711,3527290,13886
2026-03-09 22:40:14.722711,1665460,13459
2026-03-09 22:40:14.722711,1203620,13290
2026-03-09 22:40:14.722711,629520,12843
2026-03-09 22:40:14.722711,291550,11982
2026-03-09 22:40:14.722711,255710,11909
2026-03-09 23:01:43.297231,730,913075
2026-03-09 23:01:43.297231,570,387573
2026-03-09 23:01:43.297231,2868840,227011
2026-03-09 23:01:43.297231,1808500,165381
2026-03-09 23:01:43.297231,2676230,158938
2026-03-09 23:01:43.297231,3419430,110522
2026-03-09 23:01:43.297231,252490,108742
2026-03-09 23:01:43.297231,578080,107267
2026-03-09 23:01:43.297231,238960,106286
2026-03-09 23:01:43.297231,359550,98522
2026-03-09 23:01:43.297231,1422450,93768
2026-03-09 23:01:43.297231,2357570,80063
2026-03-09 23:01:43.297231,3764200,80026
2026-03-09 23:01:43.297231,2767030,73649
2026-03-09 23:01:43.297231,322170,64986
2026-03-09 23:01:43.297231,3065800,57554
2026-03-09 23:01:43.297231,413150,53322
2026-03-09 23:01:43.297231,271590,52277
2026-03-09 23:01:43.297231,1172470,51944
2026-03-09 23:01:43.297231,440,49642
2026-03-09 23:01:43.297231,1086940,49549
2026-03-09 23:01:43.297231,3405690,47717
2026-03-09 23:01:43.297231,431960,47137
2026-03-09 23:01:43.297231,230410,43590
2026-03-09 23:01:43.297231,236390,43374
2026-03-09 23:01:43.297231,381210,41772
2026-03-09 23:01:43.297231,438100,41000
2026-03-09 23:01:43.297231,686060,40833
2026-03-09 23:01:43.297231,553850,40507
2026-03-09 23:01:43.297231,105600,39466
2026-03-09 23:01:43.297231,221100,39327
2026-03-09 23:01:43.297231,1366800,37693
2026-03-09 23:01:43.297231,2807960,36318
2026-03-09 23:01:43.297231,1938090,36139
2026-03-09 23:01:43.297231,2507950,33996
2026-03-09 23:01:43.297231,3240220,32985
2026-03-09 23:01:43.297231,3551340,30449
2026-03-09 23:01:43.297231,252950,29502
2026-03-09 23:01:43.297231,1222670,28353
2026-03-09 23:01:43.297231,2399830,28015
2026-03-09 23:01:43.297231,394360,27598
2026-03-09 23:01:43.297231,108600,25745
2026-03-09 23:01:43.297231,489830,25125
2026-03-09 23:01:43.297231,1281930,24878
2026-03-09 23:01:43.297231,892970,23885
2026-03-09 23:01:43.297231,582660,23792
2026-03-09 23:01:43.297231,289070,23655
2026-03-09 23:01:43.297231,1973530,23480
2026-03-09 23:01:43.297231,1245620,23176
2026-03-09 23:01:43.297231,294100,22846
2026-03-09 23:01:43.297231,227300,22540
2026-03-09 23:01:43.297231,1623730,22420
2026-03-09 23:01:43.297231,4025700,22279
2026-03-09 23:01:43.297231,3564740,22085
2026-03-09 23:01:43.297231,377160,21554
2026-03-09 23:01:43.297231,1091500,21307
2026-03-09 23:01:43.297231,550,21297
2026-03-09 23:01:43.297231,2246340,21133
2026-03-09 23:01:43.297231,526870,20972
2026-03-09 23:01:43.297231,1174180,20668
2026-03-09 23:01:43.297231,2221490,20281
2026-03-09 23:01:43.297231,218620,20188
2026-03-09 23:01:43.297231,2300320,20010
2026-03-09 23:01:43.297231,3241660,19843
2026-03-09 23:01:43.297231,4000,19829
2026-03-09 23:01:43.297231,2073620,19785
2026-03-09 23:01:43.297231,240,19557
2026-03-09 23:01:43.297231,1158310,19373
2026-03-09 23:01:43.297231,2050650,19367
2026-03-09 23:01:43.297231,1142710,19162
2026-03-09 23:01:43.297231,251570,19140
2026-03-09 23:01:43.297231,4465480,19003
2026-03-09 23:01:43.297231,284160,18714
2026-03-09 23:01:43.297231,2923300,18558
2026-03-09 23:01:43.297231,39210,17812
2026-03-09 23:01:43.297231,261550,17704
2026-03-09 23:01:43.297231,250900,17466
2026-03-09 23:01:43.297231,1771300,16917
2026-03-09 23:01:43.297231,813780,16698
2026-03-09 23:01:43.297231,3164500,16698
2026-03-09 23:01:43.297231,427520,16372
2026-03-09 23:01:43.297231,646570,16332
2026-03-09 23:01:43.297231,2183900,16209
2026-03-09 23:01:43.297231,1151340,16020
2026-03-09 23:01:43.297231,346110,15398
2026-03-09 23:01:43.297231,1149460,14832
2026-03-09 23:01:43.297231,739630,14681
2026-03-09 23:01:43.297231,1476970,14201
2026-03-09 23:01:43.297231,2252570,14070
2026-03-09 23:01:43.297231,3472040,13848
2026-03-09 23:01:43.297231,306130,13700
2026-03-09 23:01:43.297231,1874880,13670
2026-03-09 23:01:43.297231,8930,13661
2026-03-09 23:01:43.297231,1905180,13633
2026-03-09 23:01:43.297231,1665460,13465
2026-03-09 23:01:43.297231,3527290,13276
2026-03-09 23:01:43.297231,1203620,12409
2026-03-09 23:01:43.297231,629520,12187
2026-03-09 23:01:43.297231,291550,11809
2026-03-09 23:01:43.297231,255710,11413
2026-03-09 23:37:27.383712,730,857716
2026-03-09 23:37:27.383712,570,366386
2026-03-09 23:37:27.383712,2868840,223259
2026-03-09 23:37:27.383712,1808500,160337
2026-03-09 23:37:27.383712,2676230,154518
2026-03-09 23:37:27.383712,3419430,108876
2026-03-09 23:37:27.383712,252490,103553
2026-03-09 23:37:27.383712,238960,99699
2026-03-09 23:37:27.383712,359550,99238
2026-03-09 23:37:27.383712,578080,94657
2026-03-09 23:37:27.383712,1422450,92595
2026-03-09 23:37:27.383712,3764200,78767
2026-03-09 23:37:27.383712,2357570,78401
2026-03-09 23:37:27.383712,2767030,75667
2026-03-09 23:37:27.383712,322170,63665
2026-03-09 23:37:27.383712,3065800,58477
2026-03-09 23:37:27.383712,413150,53103
2026-03-09 23:37:27.383712,440,50748
2026-03-09 23:37:27.383712,1172470,50382
2026-03-09 23:37:27.383712,271590,48377
2026-03-09 23:37:27.383712,1086940,48163
2026-03-09 23:37:27.383712,431960,46453
2026-03-09 23:37:27.383712,3405690,44928
2026-03-09 23:37:27.383712,230410,42745
2026-03-09 23:37:27.383712,438100,41076
2026-03-09 23:37:27.383712,236390,40614
2026-03-09 23:37:27.383712,381210,40468
2026-03-09 23:37:27.383712,553850,39720
2026-03-09 23:37:27.383712,686060,39535
2026-03-09 23:37:27.383712,105600,38615
2026-03-09 23:37:27.383712,1366800,36947
2026-03-09 23:37:27.383712,221100,36789
2026-03-09 23:37:27.383712,1938090,36411
2026-03-09 23:37:27.383712,2807960,34742
2026-03-09 23:37:27.383712,2507950,33014
2026-03-09 23:37:27.383712,3240220,31731
2026-03-09 23:37:27.383712,252950,28112
2026-03-09 23:37:27.383712,1222670,27810
2026-03-09 23:37:27.383712,2399830,27281
2026-03-09 23:37:27.383712,3551340,26649
2026-03-09 23:37:27.383712,394360,25646
2026-03-09 23:37:27.383712,108600,24952
2026-03-09 23:37:27.383712,1281930,24560
2026-03-09 23:37:27.383712,489830,24530
2026-03-09 23:37:27.383712,582660,23457
2026-03-09 23:37:27.383712,1973530,23371
2026-03-09 23:37:27.383712,4025700,23326
2026-03-09 23:37:27.383712,892970,22589
2026-03-09 23:37:27.383712,294100,22525
2026-03-09 23:37:27.383712,289070,22485
2026-03-09 23:37:27.383712,1245620,22455
2026-03-09 23:37:27.383712,1623730,22192
2026-03-09 23:37:27.383712,550,21565
2026-03-09 23:37:27.383712,3564740,21183
2026-03-09 23:37:27.383712,377160,21177
2026-03-09 23:37:27.383712,2246340,20601
2026-03-09 23:37:27.383712,1091500,20411
2026-03-09 23:37:27.383712,227300,20230
2026-03-09 23:37:27.383712,1174180,20114
2026-03-09 23:37:27.383712,218620,20110
2026-03-09 23:37:27.383712,2221490,19891
2026-03-09 23:37:27.383712,526870,19579
2026-03-09 23:37:27.383712,4000,19111
2026-03-09 23:37:27.383712,2050650,18981
2026-03-09 23:37:27.383712,2073620,18784
2026-03-09 23:37:27.383712,3241660,18665
2026-03-09 23:37:27.383712,284160,18532
2026-03-09 23:37:27.383712,251570,18484
2026-03-09 23:37:27.383712,2300320,18320
2026-03-09 23:37:27.383712,1158310,18259
2026-03-09 23:37:27.383712,39210,17966
2026-03-09 23:37:27.383712,1142710,17888
2026-03-09 23:37:27.383712,2923300,17391
2026-03-09 23:37:27.383712,4465480,17306
2026-03-09 23:37:27.383712,250900,16796
2026-03-09 23:37:27.383712,261550,16603
2026-03-09 23:37:27.383712,3164500,16444
2026-03-09 23:37:27.383712,1151340,15938
2026-03-09 23:37:27.383712,813780,15759
2026-03-09 23:37:27.383712,646570,15733
2026-03-09 23:37:27.383712,1771300,15644
2026-03-09 23:37:27.383712,427520,15383
2026-03-09 23:37:27.383712,2183900,15315
2026-03-09 23:37:27.383712,346110,14657
2026-03-09 23:37:27.383712,1149460,14455
2026-03-09 23:37:27.383712,1476970,13915
2026-03-09 23:37:27.383712,3472040,13865
2026-03-09 23:37:27.383712,739630,13820
2026-03-09 23:37:27.383712,1874880,13255
2026-03-09 23:37:27.383712,306130,13228
2026-03-09 23:37:27.383712,8930,13160
2026-03-09 23:37:27.383712,1905180,13142
2026-03-09 23:37:27.383712,1665460,13123
2026-03-09 23:37:27.383712,3527290,12791
2026-03-09 23:37:27.383712,240,12780
2026-03-09 23:37:27.383712,2252570,12749
2026-03-09 23:37:27.383712,1203620,11648
2026-03-09 23:37:27.383712,629520,11510
2026-03-09 23:37:27.383712,291550,11418
2026-03-09 23:37:27.383712,753,11020
2026-03-09 23:57:30.186938,730,827090
2026-03-09 23:57:30.186938,570,353747
2026-03-09 23:57:30.186938,2868840,224680
2026-03-09 23:57:30.186938,1808500,159136
2026-03-09 23:57:30.186938,2676230,152034
2026-03-09 23:57:30.186938,3419430,108118
2026-03-09 23:57:30.186938,359550,101590
2026-03-09 23:57:30.186938,252490,99969
2026-03-09 23:57:30.186938,238960,94988
2026-03-09 23:57:30.186938,1422450,92986
2026-03-09 23:57:30.186938,578080,88021
2026-03-09 23:57:30.186938,2357570,79137
2026-03-09 23:57:30.186938,3764200,78482
2026-03-09 23:57:30.186938,2767030,78141
2026-03-09 23:57:30.186938,322170,63520
2026-03-09 23:57:30.186938,3065800,59905
2026-03-09 23:57:30.186938,413150,53694
2026-03-09 23:57:30.186938,1172470,50891
2026-03-09 23:57:30.186938,440,49164
2026-03-09 23:57:30.186938,1086940,48168
2026-03-09 23:57:30.186938,431960,46768
2026-03-09 23:57:30.186938,271590,45822
2026-03-09 23:57:30.186938,3405690,43268
2026-03-09 23:57:30.186938,230410,42583
2026-03-09 23:57:30.186938,438100,41732
2026-03-09 23:57:30.186938,553850,40507
2026-03-09 23:57:30.186938,381210,39774
2026-03-09 23:57:30.186938,236390,39450
2026-03-09 23:57:30.186938,686060,38566
2026-03-09 23:57:30.186938,105600,38321
2026-03-09 23:57:30.186938,1938090,37026
2026-03-09 23:57:30.186938,1366800,36360
2026-03-09 23:57:30.186938,221100,35462
2026-03-09 23:57:30.186938,2807960,34774
2026-03-09 23:57:30.186938,2507950,32821
2026-03-09 23:57:30.186938,3240220,31370
2026-03-09 23:57:30.186938,1222670,27715
2026-03-09 23:57:30.186938,252950,27477
2026-03-09 23:57:30.186938,2399830,27012
2026-03-09 23:57:30.186938,108600,24653
2026-03-09 23:57:30.186938,394360,24413
2026-03-09 23:57:30.186938,1281930,24362
2026-03-09 23:57:30.186938,489830,24138
2026-03-09 23:57:30.186938,3551340,23768
2026-03-09 23:57:30.186938,1973530,23673
2026-03-09 23:57:30.186938,4025700,23407
2026-03-09 23:57:30.186938,582660,23142
2026-03-09 23:57:30.186938,1245620,22236
2026-03-09 23:57:30.186938,892970,22198
2026-03-09 23:57:30.186938,294100,22193
2026-03-09 23:57:30.186938,1623730,22167
2026-03-09 23:57:30.186938,289070,21927
2026-03-09 23:57:30.186938,550,21605
2026-03-09 23:57:30.186938,377160,20847
2026-03-09 23:57:30.186938,2246340,20781
2026-03-09 23:57:30.186938,3564740,20751
2026-03-09 23:57:30.186938,1091500,20010
2026-03-09 23:57:30.186938,218620,19880
2026-03-09 23:57:30.186938,2221490,19873
2026-03-09 23:57:30.186938,1174180,19846
2026-03-09 23:57:30.186938,526870,18923
2026-03-09 23:57:30.186938,4000,18702
2026-03-09 23:57:30.186938,2050650,18621
2026-03-09 23:57:30.186938,227300,18590
2026-03-09 23:57:30.186938,3241660,18557
2026-03-09 23:57:30.186938,39210,18311
2026-03-09 23:57:30.186938,284160,18301
2026-03-09 23:57:30.186938,251570,18250
2026-03-09 23:57:30.186938,2073620,18016
2026-03-09 23:57:30.186938,1158310,17685
2026-03-09 23:57:30.186938,2300320,17293
2026-03-09 23:57:30.186938,1142710,17019
2026-03-09 23:57:30.186938,240,16726
2026-03-09 23:57:30.186938,3164500,16586
2026-03-09 23:57:30.186938,250900,16351
2026-03-09 23:57:30.186938,261550,16031
2026-03-09 23:57:30.186938,4465480,15944
2026-03-09 23:57:30.186938,1151340,15919
2026-03-09 23:57:30.186938,2923300,15721
2026-03-09 23:57:30.186938,646570,15434
2026-03-09 23:57:30.186938,813780,15168
2026-03-09 23:57:30.186938,2183900,14991
2026-03-09 23:57:30.186938,427520,14739
2026-03-09 23:57:30.186938,1771300,14731
2026-03-09 23:57:30.186938,346110,14321
2026-03-09 23:57:30.186938,1149460,14159
2026-03-09 23:57:30.186938,3472040,13956
2026-03-09 23:57:30.186938,739630,13889
2026-03-09 23:57:30.186938,1476970,13684
2026-03-09 23:57:30.186938,1874880,13199
2026-03-09 23:57:30.186938,8930,12899
2026-03-09 23:57:30.186938,1905180,12886
2026-03-09 23:57:30.186938,306130,12843
2026-03-09 23:57:30.186938,1665460,12799
2026-03-09 23:57:30.186938,3527290,12644
2026-03-09 23:57:30.186938,2252570,11637
2026-03-09 23:57:30.186938,291550,11394
2026-03-09 23:57:30.186938,1203620,11221
2026-03-09 23:57:30.186938,629520,11210
2026-03-09 23:57:30.186938,753,11175
2026-03-10 02:46:05.700835,730,713830
2026-03-10 02:46:05.700835,570,333090
2026-03-10 02:46:05.700835,2868840,293924
2026-03-10 02:46:05.700835,1808500,158866
2026-03-10 02:46:05.700835,2676230,123741
2026-03-10 02:46:05.700835,578080,120882
2026-03-10 02:46:05.700835,3419430,118953
2026-03-10 02:46:05.700835,359550,99865
2026-03-10 02:46:05.700835,1422450,97065
2026-03-10 02:46:05.700835,2767030,86394
2026-03-10 02:46:05.700835,2357570,82284
2026-03-10 02:46:05.700835,252490,81384
2026-03-10 02:46:05.700835,3764200,77186
2026-03-10 02:46:05.700835,238960,71341
2026-03-10 02:46:05.700835,3065800,65482
2026-03-10 02:46:05.700835,1172470,64042
2026-03-10 02:46:05.700835,431960,58365
2026-03-10 02:46:05.700835,413150,57671
2026-03-10 02:46:05.700835,322170,51607
2026-03-10 02:46:05.700835,1086940,48921
2026-03-10 02:46:05.700835,438100,48277
2026-03-10 02:46:05.700835,440,47611
2026-03-10 02:46:05.700835,2507950,45510
2026-03-10 02:46:05.700835,230410,44719
2026-03-10 02:46:05.700835,553850,44630
2026-03-10 02:46:05.700835,105600,39158
2026-03-10 02:46:05.700835,381210,37540
2026-03-10 02:46:05.700835,236390,36441
2026-03-10 02:46:05.700835,1938090,36419
2026-03-10 02:46:05.700835,2807960,36241
2026-03-10 02:46:05.700835,271590,35806
2026-03-10 02:46:05.700835,686060,35664
2026-03-10 02:46:05.700835,3405690,34963
2026-03-10 02:46:05.700835,1366800,32165
2026-03-10 02:46:05.700835,3240220,31765
2026-03-10 02:46:05.700835,1973530,29059
2026-03-10 02:46:05.700835,221100,27771
2026-03-10 02:46:05.700835,252950,25980
2026-03-10 02:46:05.700835,550,25884
2026-03-10 02:46:05.700835,1281930,25666
2026-03-10 02:46:05.700835,2399830,24865
2026-03-10 02:46:05.700835,2246340,24091
2026-03-10 02:46:05.700835,4025700,24049
2026-03-10 02:46:05.700835,1222670,23896
2026-03-10 02:46:05.700835,108600,23409
2026-03-10 02:46:05.700835,1623730,23089
2026-03-10 02:46:05.700835,289070,22934
2026-03-10 02:46:05.700835,1245620,22402
2026-03-10 02:46:05.700835,3241660,22383
2026-03-10 02:46:05.700835,294100,22336
2026-03-10 02:46:05.700835,489830,22259
2026-03-10 02:46:05.700835,3564740,21453
2026-03-10 02:46:05.700835,582660,21377
2026-03-10 02:46:05.700835,394360,21130
2026-03-10 02:46:05.700835,646570,20755
2026-03-10 02:46:05.700835,892970,20138
2026-03-10 02:46:05.700835,218620,20129
2026-03-10 02:46:05.700835,1174180,19401
2026-03-10 02:46:05.700835,1091500,19388
2026-03-10 02:46:05.700835,377160,19188
2026-03-10 02:46:05.700835,2221490,18864
2026-03-10 02:46:05.700835,2050650,18235
2026-03-10 02:46:05.700835,251570,18120
2026-03-10 02:46:05.700835,240,18015
2026-03-10 02:46:05.700835,39210,17853
2026-03-10 02:46:05.700835,3472040,16243
2026-03-10 02:46:05.700835,526870,16041
2026-03-10 02:46:05.700835,739630,15878
2026-03-10 02:46:05.700835,3164500,15709
2026-03-10 02:46:05.700835,2923300,15709
2026-03-10 02:46:05.700835,1158310,15306
2026-03-10 02:46:05.700835,813780,15252
2026-03-10 02:46:05.700835,284160,15228
2026-03-10 02:46:05.700835,3551340,15189
2026-03-10 02:46:05.700835,261550,15091
2026-03-10 02:46:05.700835,2183900,15026
2026-03-10 02:46:05.700835,1151340,14864
2026-03-10 02:46:05.700835,4000,14853
2026-03-10 02:46:05.700835,2073620,14798
2026-03-10 02:46:05.700835,1142710,14787
2026-03-10 02:46:05.700835,3527290,14604
2026-03-10 02:46:05.700835,2622380,14531
2026-03-10 02:46:05.700835,250900,14521
2026-03-10 02:46:05.700835,346110,13804
2026-03-10 02:46:05.700835,4465480,13262
2026-03-10 02:46:05.700835,1771300,13248
2026-03-10 02:46:05.700835,427520,13156
2026-03-10 02:46:05.700835,2300320,12719
2026-03-10 02:46:05.700835,1476970,12657
2026-03-10 02:46:05.700835,1149460,12567
2026-03-10 02:46:05.700835,1905180,12519
2026-03-10 02:46:05.700835,1449850,12484
2026-03-10 02:46:05.700835,1203220,12294
2026-03-10 02:46:05.700835,227300,12241
2026-03-10 02:46:05.700835,322330,12232
2026-03-10 02:46:05.700835,255710,11909
2026-03-10 02:46:05.700835,8930,11790
2026-03-10 02:46:05.700835,1874880,11446
2026-03-10 02:46:05.700835,1665460,11409
2026-03-10 02:46:05.700835,2073850,11335
2026-03-10 04:23:46.582867,730,682427
2026-03-10 04:23:46.582867,570,330852
2026-03-10 04:23:46.582867,2868840,309934
2026-03-10 04:23:46.582867,578080,149954
2026-03-10 04:23:46.582867,1808500,122683
2026-03-10 04:23:46.582867,3419430,120250
2026-03-10 04:23:46.582867,2676230,96457
2026-03-10 04:23:46.582867,1422450,83271
2026-03-10 04:23:46.582867,359550,76982
2026-03-10 04:23:46.582867,2767030,74094
2026-03-10 04:23:46.582867,252490,73068
2026-03-10 04:23:46.582867,2357570,69262
2026-03-10 04:23:46.582867,1172470,67863
2026-03-10 04:23:46.582867,3764200,67503
2026-03-10 04:23:46.582867,431960,65168
2026-03-10 04:23:46.582867,238960,59720
2026-03-10 04:23:46.582867,2507950,56682
2026-03-10 04:23:46.582867,3065800,54130
2026-03-10 04:23:46.582867,413150,50742
2026-03-10 04:23:46.582867,438100,48180
2026-03-10 04:23:46.582867,440,44851
2026-03-10 04:23:46.582867,230410,42535
2026-03-10 04:23:46.582867,1086940,39226
2026-03-10 04:23:46.582867,322170,38585
2026-03-10 04:23:46.582867,553850,36513
2026-03-10 04:23:46.582867,105600,35666
2026-03-10 04:23:46.582867,1973530,34083
2026-03-10 04:23:46.582867,271590,33711
2026-03-10 04:23:46.582867,236390,33710
2026-03-10 04:23:46.582867,381210,32588
2026-03-10 04:23:46.582867,3240220,32114
2026-03-10 04:23:46.582867,686060,30331
2026-03-10 04:23:46.582867,1366800,28584
2026-03-10 04:23:46.582867,2807960,28341
2026-03-10 04:23:46.582867,1938090,27761
2026-03-10 04:23:46.582867,3405690,27518
2026-03-10 04:23:46.582867,1281930,24941
2026-03-10 04:23:46.582867,550,23853
2026-03-10 04:23:46.582867,4025700,23660
2026-03-10 04:23:46.582867,221100,23071
2026-03-10 04:23:46.582867,646570,23000
2026-03-10 04:23:46.582867,2246340,22986
2026-03-10 04:23:46.582867,1623730,22523
2026-03-10 04:23:46.582867,2399830,22036
2026-03-10 04:23:46.582867,289070,21990
2026-03-10 04:23:46.582867,294100,21640
2026-03-10 04:23:46.582867,3564740,20249
2026-03-10 04:23:46.582867,582660,20242
2026-03-10 04:23:46.582867,1222670,20024
2026-03-10 04:23:46.582867,1245620,19946
2026-03-10 04:23:46.582867,108600,19912
2026-03-10 04:23:46.582867,252950,19872
2026-03-10 04:23:46.582867,394360,19586
2026-03-10 04:23:46.582867,3241660,19321
2026-03-10 04:23:46.582867,218620,19198
2026-03-10 04:23:46.582867,1203220,18726
2026-03-10 04:23:46.582867,489830,18593
2026-03-10 04:23:46.582867,1091500,17901
2026-03-10 04:23:46.582867,1174180,17763
2026-03-10 04:23:46.582867,2923300,17021
2026-03-10 04:23:46.582867,3472040,16777
2026-03-10 04:23:46.582867,2050650,16614
2026-03-10 04:23:46.582867,377160,15806
2026-03-10 04:23:46.582867,251570,15644
2026-03-10 04:23:46.582867,892970,15333
2026-03-10 04:23:46.582867,2221490,15311
2026-03-10 04:23:46.582867,2622380,14986
2026-03-10 04:23:46.582867,1449850,14762
2026-03-10 04:23:46.582867,261550,14662
2026-03-10 04:23:46.582867,39210,14422
2026-03-10 04:23:46.582867,322330,14394
2026-03-10 04:23:46.582867,346110,13869
2026-03-10 04:23:46.582867,1158310,13446
2026-03-10 04:23:46.582867,3551340,13296
2026-03-10 04:23:46.582867,255710,13268
2026-03-10 04:23:46.582867,3527290,13118
2026-03-10 04:23:46.582867,1142710,13085
2026-03-10 04:23:46.582867,240,12989
2026-03-10 04:23:46.582867,526870,12899
2026-03-10 04:23:46.582867,813780,12769
2026-03-10 04:23:46.582867,4465480,12699
2026-03-10 04:23:46.582867,2183900,12675
2026-03-10 04:23:46.582867,4000,12547
2026-03-10 04:23:46.582867,250900,12526
2026-03-10 04:23:46.582867,1905180,12503
2026-03-10 04:23:46.582867,3164500,12460
2026-03-10 04:23:46.582867,1151340,12210
2026-03-10 04:23:46.582867,1476970,12108
2026-03-10 04:23:46.582867,2073620,12011
2026-03-10 04:23:46.582867,739630,11984
2026-03-10 04:23:46.582867,284160,11864
2026-03-10 04:23:46.582867,1771300,11845
2026-03-10 04:23:46.582867,1364780,11589
2026-03-10 04:23:46.582867,427520,11386
2026-03-10 04:23:46.582867,4205000,11384
2026-03-10 04:23:46.582867,1623660,11005
2026-03-10 04:23:46.582867,753,10972
2026-03-10 04:23:46.582867,227300,10290
2026-03-10 04:23:46.582867,8930,10097
2026-03-10 04:23:46.582867,2744880,10042
2026-03-10 05:29:56.507241,730,707495
2026-03-10 05:29:56.507241,570,320862
2026-03-10 05:29:56.507241,2868840,310186
2026-03-10 05:29:56.507241,578080,192322
2026-03-10 05:29:56.507241,3419430,120914
2026-03-10 05:29:56.507241,1808500,96127
2026-03-10 05:29:56.507241,2676230,80338
2026-03-10 05:29:56.507241,1172470,74171
2026-03-10 05:29:56.507241,431960,70916
2026-03-10 05:29:56.507241,1422450,68711
2026-03-10 05:29:56.507241,252490,67731
2026-03-10 05:29:56.507241,2507950,64809
2026-03-10 05:29:56.507241,3764200,59966
2026-03-10 05:29:56.507241,2767030,59897
2026-03-10 05:29:56.507241,359550,59512
2026-03-10 05:29:56.507241,2357570,57670
2026-03-10 05:29:56.507241,238960,54451
2026-03-10 05:29:56.507241,413150,48148
2026-03-10 05:29:56.507241,438100,46395
2026-03-10 05:29:56.507241,3065800,43750
2026-03-10 05:29:56.507241,440,43566
2026-03-10 05:29:56.507241,230410,40571
2026-03-10 05:29:56.507241,271590,36097
2026-03-10 05:29:56.507241,105600,34663
2026-03-10 05:29:56.507241,1973530,34651
2026-03-10 05:29:56.507241,3240220,33950
2026-03-10 05:29:56.507241,236390,33890
2026-03-10 05:29:56.507241,322170,32294
2026-03-10 05:29:56.507241,1086940,31975
2026-03-10 05:29:56.507241,553850,30192
2026-03-10 05:29:56.507241,381210,28878
2026-03-10 05:29:56.507241,1366800,26415
2026-03-10 05:29:56.507241,686060,26202
2026-03-10 05:29:56.507241,1281930,25427
2026-03-10 05:29:56.507241,646570,24478
2026-03-10 05:29:56.507241,1203220,24042
2026-03-10 05:29:56.507241,4025700,23505
2026-03-10 05:29:56.507241,3405690,23153
2026-03-10 05:29:56.507241,1623730,22734
2026-03-10 05:29:56.507241,2807960,22559
2026-03-10 05:29:56.507241,2246340,22278
2026-03-10 05:29:56.507241,1938090,22029
2026-03-10 05:29:56.507241,289070,21795
2026-03-10 05:29:56.507241,221100,21568
2026-03-10 05:29:56.507241,294100,21317
2026-03-10 05:29:56.507241,2399830,20894
2026-03-10 05:29:56.507241,582660,19664
2026-03-10 05:29:56.507241,218620,19471
2026-03-10 05:29:56.507241,394360,19438
2026-03-10 05:29:56.507241,3564740,19406
2026-03-10 05:29:56.507241,550,18554
2026-03-10 05:29:56.507241,1245620,18349
2026-03-10 05:29:56.507241,1222670,17860
2026-03-10 05:29:56.507241,2923300,17627
2026-03-10 05:29:56.507241,108600,17570
2026-03-10 05:29:56.507241,1174180,17553
2026-03-10 05:29:56.507241,1091500,17394
2026-03-10 05:29:56.507241,3241660,17202
2026-03-10 05:29:56.507241,3472040,16957
2026-03-10 05:29:56.507241,322330,16546
2026-03-10 05:29:56.507241,1449850,16253
2026-03-10 05:29:56.507241,489830,16068
2026-03-10 05:29:56.507241,2050650,16065
2026-03-10 05:29:56.507241,2622380,15866
2026-03-10 05:29:56.507241,240,15772
2026-03-10 05:29:56.507241,255710,14945
2026-03-10 05:29:56.507241,2744880,14726
2026-03-10 05:29:56.507241,261550,14386
2026-03-10 05:29:56.507241,251570,14326
2026-03-10 05:29:56.507241,346110,14267
2026-03-10 05:29:56.507241,252950,14132
2026-03-10 05:29:56.507241,377160,13451
2026-03-10 05:29:56.507241,3551340,13108
2026-03-10 05:29:56.507241,2221490,13021
2026-03-10 05:29:56.507241,1364780,12912
2026-03-10 05:29:56.507241,1905180,12862
2026-03-10 05:29:56.507241,4465480,12791
2026-03-10 05:29:56.507241,892970,12446
2026-03-10 05:29:56.507241,4205000,12428
2026-03-10 05:29:56.507241,1158310,12359
2026-03-10 05:29:56.507241,1142710,12159
2026-03-10 05:29:56.507241,1476970,11879
2026-03-10 05:29:56.507241,39210,11757
2026-03-10 05:29:56.507241,3527290,11726
2026-03-10 05:29:56.507241,250900,11594
2026-03-10 05:29:56.507241,2183900,11465
2026-03-10 05:29:56.507241,4000,11374
2026-03-10 05:29:56.507241,753,11325
2026-03-10 05:29:56.507241,1771300,11318
2026-03-10 05:29:56.507241,526870,11252
2026-03-10 05:29:56.507241,2073620,11049
2026-03-10 05:29:56.507241,1623660,10942
2026-03-10 05:29:56.507241,813780,10937
2026-03-10 05:29:56.507241,227300,10782
2026-03-10 05:29:56.507241,284160,10395
2026-03-10 05:29:56.507241,427520,10216
2026-03-10 05:29:56.507241,1151340,10111
2026-03-10 05:29:56.507241,3164500,10058
2026-03-10 05:29:56.507241,2358720,9843
2026-03-10 05:29:56.507241,739630,9501
2026-03-10 06:07:32.146962,730,707378
2026-03-10 06:07:32.146962,570,321458
2026-03-10 06:07:32.146962,2868840,285099
2026-03-10 06:07:32.146962,578080,212686
2026-03-10 06:07:32.146962,3419430,122324
2026-03-10 06:07:32.146962,1808500,85358
2026-03-10 06:07:32.146962,2676230,74849
2026-03-10 06:07:32.146962,1172470,73226
2026-03-10 06:07:32.146962,431960,70768
2026-03-10 06:07:32.146962,252490,66813
2026-03-10 06:07:32.146962,2507950,64655
2026-03-10 06:07:32.146962,1422450,60975
2026-03-10 06:07:32.146962,3764200,55195
2026-03-10 06:07:32.146962,238960,53691
2026-03-10 06:07:32.146962,2767030,52680
2026-03-10 06:07:32.146962,359550,52418
2026-03-10 06:07:32.146962,2357570,52269
2026-03-10 06:07:32.146962,413150,45032
2026-03-10 06:07:32.146962,438100,44635
2026-03-10 06:07:32.146962,440,42548
2026-03-10 06:07:32.146962,3065800,38448
2026-03-10 06:07:32.146962,271590,38188
2026-03-10 06:07:32.146962,230410,37855
2026-03-10 06:07:32.146962,3240220,33029
2026-03-10 06:07:32.146962,105600,32444
2026-03-10 06:07:32.146962,1973530,32290
2026-03-10 06:07:32.146962,236390,32282
2026-03-10 06:07:32.146962,322170,30909
2026-03-10 06:07:32.146962,1086940,28949
2026-03-10 06:07:32.146962,553850,26812
2026-03-10 06:07:32.146962,381210,26769
2026-03-10 06:07:32.146962,1366800,25789
2026-03-10 06:07:32.146962,1203220,23932
2026-03-10 06:07:32.146962,686060,23867
2026-03-10 06:07:32.146962,1281930,23772
2026-03-10 06:07:32.146962,4025700,23079
2026-03-10 06:07:32.146962,646570,22386
2026-03-10 06:07:32.146962,1623730,21977
2026-03-10 06:07:32.146962,221100,21418
2026-03-10 06:07:32.146962,2246340,21375
2026-03-10 06:07:32.146962,289070,20966
2026-03-10 06:07:32.146962,3405690,20799
2026-03-10 06:07:32.146962,294100,20773
2026-03-10 06:07:32.146962,2399830,19927
2026-03-10 06:07:32.146962,218620,19831
2026-03-10 06:07:32.146962,2807960,19645
2026-03-10 06:07:32.146962,582660,19440
2026-03-10 06:07:32.146962,1938090,19416
2026-03-10 06:07:32.146962,3564740,19158
2026-03-10 06:07:32.146962,394360,18761
2026-03-10 06:07:32.146962,240,18137
2026-03-10 06:07:32.146962,1245620,16910
2026-03-10 06:07:32.146962,1174180,16767
2026-03-10 06:07:32.146962,1222670,16744
2026-03-10 06:07:32.146962,322330,16665
2026-03-10 06:07:32.146962,108600,16241
2026-03-10 06:07:32.146962,1091500,16231
2026-03-10 06:07:32.146962,2923300,16183
2026-03-10 06:07:32.146962,1449850,15572
2026-03-10 06:07:32.146962,550,15470
2026-03-10 06:07:32.146962,3241660,15442
2026-03-10 06:07:32.146962,3472040,15437
2026-03-10 06:07:32.146962,2622380,15322
2026-03-10 06:07:32.146962,489830,14954
2026-03-10 06:07:32.146962,2050650,14730
2026-03-10 06:07:32.146962,261550,13777
2026-03-10 06:07:32.146962,251570,13727
2026-03-10 06:07:32.146962,255710,13693
2026-03-10 06:07:32.146962,346110,13575
2026-03-10 06:07:32.146962,4465480,13257
2026-03-10 06:07:32.146962,3551340,13212
2026-03-10 06:07:32.146962,1905180,13188
2026-03-10 06:07:32.146962,1364780,12541
2026-03-10 06:07:32.146962,4205000,12479
2026-03-10 06:07:32.146962,377160,12353
2026-03-10 06:07:32.146962,2221490,12059
2026-03-10 06:07:32.146962,252950,12021
2026-03-10 06:07:32.146962,1476970,11904
2026-03-10 06:07:32.146962,1158310,11672
2026-03-10 06:07:32.146962,1142710,11638
2026-03-10 06:07:32.146962,753,11423
2026-03-10 06:07:32.146962,892970,11406
2026-03-10 06:07:32.146962,2744880,11294
2026-03-10 06:07:32.146962,4000,11060
2026-03-10 06:07:32.146962,227300,10986
2026-03-10 06:07:32.146962,1623660,10944
2026-03-10 06:07:32.146962,1771300,10819
2026-03-10 06:07:32.146962,2183900,10813
2026-03-10 06:07:32.146962,3527290,10748
2026-03-10 06:07:32.146962,39210,10706
2026-03-10 06:07:32.146962,526870,10580
2026-03-10 06:07:32.146962,2073620,10563
2026-03-10 06:07:32.146962,250900,10507
2026-03-10 06:07:32.146962,813780,10202
2026-03-10 06:07:32.146962,284160,10057
2026-03-10 06:07:32.146962,427520,9800
2026-03-10 06:07:32.146962,766570,9506
2026-03-10 06:07:32.146962,1151340,9341
2026-03-10 06:07:32.146962,3164500,9105
2026-03-10 06:07:32.146962,2358720,9101
2026-03-10 07:08:47.372404,730,742818
2026-03-10 07:08:47.372404,570,309697
2026-03-10 07:08:47.372404,2868840,267126
2026-03-10 07:08:47.372404,578080,245345
2026-03-10 07:08:47.372404,3419430,125490
2026-03-10 07:08:47.372404,1172470,76338
2026-03-10 07:08:47.372404,431960,73206
2026-03-10 07:08:47.372404,1808500,69948
2026-03-10 07:08:47.372404,252490,69296
2026-03-10 07:08:47.372404,2507950,69066
2026-03-10 07:08:47.372404,2676230,65483
2026-03-10 07:08:47.372404,238960,54858
2026-03-10 07:08:47.372404,3764200,48896
2026-03-10 07:08:47.372404,1422450,48643
2026-03-10 07:08:47.372404,2357570,43179
2026-03-10 07:08:47.372404,271590,43048
2026-03-10 07:08:47.372404,413150,42257
2026-03-10 07:08:47.372404,359550,41892
2026-03-10 07:08:47.372404,440,41830
2026-03-10 07:08:47.372404,438100,41464
2026-03-10 07:08:47.372404,2767030,40698
2026-03-10 07:08:47.372404,230410,35546
2026-03-10 07:08:47.372404,236390,32845
2026-03-10 07:08:47.372404,3240220,32609
2026-03-10 07:08:47.372404,1973530,30857
2026-03-10 07:08:47.372404,105600,30403
2026-03-10 07:08:47.372404,3065800,30310
2026-03-10 07:08:47.372404,322170,30296
2026-03-10 07:08:47.372404,1203220,26153
2026-03-10 07:08:47.372404,1366800,25051
2026-03-10 07:08:47.372404,1086940,24900
2026-03-10 07:08:47.372404,381210,23836
2026-03-10 07:08:47.372404,4025700,22931
2026-03-10 07:08:47.372404,1281930,22876
2026-03-10 07:08:47.372404,553850,22517
2026-03-10 07:08:47.372404,221100,22007
2026-03-10 07:08:47.372404,646570,21681
2026-03-10 07:08:47.372404,1623730,21616
2026-03-10 07:08:47.372404,686060,21163
2026-03-10 07:08:47.372404,289070,20916
2026-03-10 07:08:47.372404,2246340,20457
2026-03-10 07:08:47.372404,294100,20260
2026-03-10 07:08:47.372404,582660,19497
2026-03-10 07:08:47.372404,394360,19152
2026-03-10 07:08:47.372404,218620,19135
2026-03-10 07:08:47.372404,3564740,18979
2026-03-10 07:08:47.372404,2399830,18888
2026-03-10 07:08:47.372404,3405690,18454
2026-03-10 07:08:47.372404,322330,17647
2026-03-10 07:08:47.372404,240,17359
2026-03-10 07:08:47.372404,2807960,17021
2026-03-10 07:08:47.372404,1174180,16518
2026-03-10 07:08:47.372404,1938090,16087
2026-03-10 07:08:47.372404,1222670,15558
2026-03-10 07:08:47.372404,1245620,15487
2026-03-10 07:08:47.372404,1091500,15435
2026-03-10 07:08:47.372404,2622380,15289
2026-03-10 07:08:47.372404,108600,14966
2026-03-10 07:08:47.372404,1449850,14950
2026-03-10 07:08:47.372404,3551340,14423
2026-03-10 07:08:47.372404,4465480,14413
2026-03-10 07:08:47.372404,2923300,14298
2026-03-10 07:08:47.372404,3472040,14170
2026-03-10 07:08:47.372404,1905180,14111
2026-03-10 07:08:47.372404,2050650,13983
2026-03-10 07:08:47.372404,261550,13860
2026-03-10 07:08:47.372404,489830,13699
2026-03-10 07:08:47.372404,3241660,13478
2026-03-10 07:08:47.372404,251570,13382
2026-03-10 07:08:47.372404,346110,13265
2026-03-10 07:08:47.372404,255710,13112
2026-03-10 07:08:47.372404,4205000,12866
2026-03-10 07:08:47.372404,1364780,12822
2026-03-10 07:08:47.372404,227300,12106
2026-03-10 07:08:47.372404,1476970,11918
2026-03-10 07:08:47.372404,550,11551
2026-03-10 07:08:47.372404,1142710,11402
2026-03-10 07:08:47.372404,377160,11056
2026-03-10 07:08:47.372404,1158310,10990
2026-03-10 07:08:47.372404,1623660,10931
2026-03-10 07:08:47.372404,2221490,10778
2026-03-10 07:08:47.372404,4000,10761
2026-03-10 07:08:47.372404,766570,10696
2026-03-10 07:08:47.372404,1771300,10614
2026-03-10 07:08:47.372404,753,10322
2026-03-10 07:08:47.372404,2744880,10192
2026-03-10 07:08:47.372404,2073620,10168
2026-03-10 07:08:47.372404,892970,10137
2026-03-10 07:08:47.372404,526870,10137
2026-03-10 07:08:47.372404,250900,9913
2026-03-10 07:08:47.372404,2183900,9867
2026-03-10 07:08:47.372404,284160,9852
2026-03-10 07:08:47.372404,427520,9515
2026-03-10 07:08:47.372404,813780,9514
2026-03-10 07:08:47.372404,2252570,9451
2026-03-10 07:08:47.372404,39210,9404
2026-03-10 07:08:47.372404,3527290,9399
2026-03-10 07:08:47.372404,252950,9179
2026-03-10 07:08:47.372404,2358720,9177
2026-03-10 07:08:47.372404,2300320,9173
2026-03-10 07:55:15.959623,730,788459
2026-03-10 07:55:15.959623,570,333875
2026-03-10 07:55:15.959623,2868840,271649
2026-03-10 07:55:15.959623,578080,267060
2026-03-10 07:55:15.959623,3419430,126917
2026-03-10 07:55:15.959623,1172470,80286
2026-03-10 07:55:15.959623,431960,75708
2026-03-10 07:55:15.959623,2507950,73530
2026-03-10 07:55:15.959623,252490,72808
2026-03-10 07:55:15.959623,2676230,64065
2026-03-10 07:55:15.959623,1808500,62579
2026-03-10 07:55:15.959623,238960,58292
2026-03-10 07:55:15.959623,271590,47178
2026-03-10 07:55:15.959623,3764200,46927
2026-03-10 07:55:15.959623,1422450,42892
2026-03-10 07:55:15.959623,413150,42271
2026-03-10 07:55:15.959623,440,41787
2026-03-10 07:55:15.959623,2357570,39899
2026-03-10 07:55:15.959623,438100,39367
2026-03-10 07:55:15.959623,359550,37354
2026-03-10 07:55:15.959623,230410,35576
2026-03-10 07:55:15.959623,236390,35514
2026-03-10 07:55:15.959623,2767030,35343
2026-03-10 07:55:15.959623,3240220,34089
2026-03-10 07:55:15.959623,322170,31958
2026-03-10 07:55:15.959623,1973530,31687
2026-03-10 07:55:15.959623,105600,30730
2026-03-10 07:55:15.959623,1203220,28697
2026-03-10 07:55:15.959623,3065800,26918
2026-03-10 07:55:15.959623,1366800,24796
2026-03-10 07:55:15.959623,1086940,23638
2026-03-10 07:55:15.959623,1281930,23464
2026-03-10 07:55:15.959623,4025700,23227
2026-03-10 07:55:15.959623,221100,23011
2026-03-10 07:55:15.959623,381210,22916
2026-03-10 07:55:15.959623,646570,22594
2026-03-10 07:55:15.959623,1623730,22128
2026-03-10 07:55:15.959623,289070,21570
2026-03-10 07:55:15.959623,553850,21321
2026-03-10 07:55:15.959623,294100,20612
2026-03-10 07:55:15.959623,686060,20606
2026-03-10 07:55:15.959623,2246340,20374
2026-03-10 07:55:15.959623,394360,20129
2026-03-10 07:55:15.959623,582660,19577
2026-03-10 07:55:15.959623,2399830,19116
2026-03-10 07:55:15.959623,3564740,19114
2026-03-10 07:55:15.959623,218620,19063
2026-03-10 07:55:15.959623,322330,19037
2026-03-10 07:55:15.959623,3405690,18295
2026-03-10 07:55:15.959623,240,17286
2026-03-10 07:55:15.959623,1174180,16910
2026-03-10 07:55:15.959623,2807960,16514
2026-03-10 07:55:15.959623,3551340,16056
2026-03-10 07:55:15.959623,4465480,15979
2026-03-10 07:55:15.959623,2622380,15916
2026-03-10 07:55:15.959623,1222670,15855
2026-03-10 07:55:15.959623,1091500,15483
2026-03-10 07:55:15.959623,1245620,15301
2026-03-10 07:55:15.959623,1449850,15215
2026-03-10 07:55:15.959623,1905180,14737
2026-03-10 07:55:15.959623,1938090,14682
2026-03-10 07:55:15.959623,108600,14548
2026-03-10 07:55:15.959623,3472040,14368
2026-03-10 07:55:15.959623,261550,14329
2026-03-10 07:55:15.959623,2923300,14041
2026-03-10 07:55:15.959623,2050650,14017
2026-03-10 07:55:15.959623,346110,13812
2026-03-10 07:55:15.959623,255710,13743
2026-03-10 07:55:15.959623,1364780,13703
2026-03-10 07:55:15.959623,227300,13644
2026-03-10 07:55:15.959623,251570,13554
2026-03-10 07:55:15.959623,4205000,13470
2026-03-10 07:55:15.959623,489830,13469
2026-03-10 07:55:15.959623,3241660,13164
2026-03-10 07:55:15.959623,2744880,12155
2026-03-10 07:55:15.959623,1476970,12039
2026-03-10 07:55:15.959623,1142710,11898
2026-03-10 07:55:15.959623,766570,11536
2026-03-10 07:55:15.959623,753,11408
2026-03-10 07:55:15.959623,1771300,11165
2026-03-10 07:55:15.959623,4000,11148
2026-03-10 07:55:15.959623,1158310,11054
2026-03-10 07:55:15.959623,1623660,10929
2026-03-10 07:55:15.959623,377160,10907
2026-03-10 07:55:15.959623,2073620,10547
2026-03-10 07:55:15.959623,526870,10320
2026-03-10 07:55:15.959623,550,10311
2026-03-10 07:55:15.959623,250900,10305
2026-03-10 07:55:15.959623,2221490,10282
2026-03-10 07:55:15.959623,2300320,10226
2026-03-10 07:55:15.959623,2252570,10107
2026-03-10 07:55:15.959623,284160,10078
2026-03-10 07:55:15.959623,892970,9846
2026-03-10 07:55:15.959623,2358720,9789
2026-03-10 07:55:15.959623,813780,9742
2026-03-10 07:55:15.959623,427520,9725
2026-03-10 07:55:15.959623,365670,9665
2026-03-10 07:55:15.959623,2183900,9640
2026-03-10 07:55:15.959623,594650,9119
2026-03-10 07:55:15.959623,1325860,9087
2026-03-10 08:35:33.413286,730,845663
2026-03-10 08:35:33.413286,570,344574
2026-03-10 08:35:33.413286,2868840,283107
2026-03-10 08:35:33.413286,578080,282755
2026-03-10 08:35:33.413286,3419430,128904
2026-03-10 08:35:33.413286,1172470,84951
2026-03-10 08:35:33.413286,2507950,79089
2026-03-10 08:35:33.413286,431960,78412
2026-03-10 08:35:33.413286,252490,76252
2026-03-10 08:35:33.413286,2676230,61673
2026-03-10 08:35:33.413286,238960,61578
2026-03-10 08:35:33.413286,1808500,59224
2026-03-10 08:35:33.413286,271590,50969
2026-03-10 08:35:33.413286,3764200,46824
2026-03-10 08:35:33.413286,413150,43998
2026-03-10 08:35:33.413286,440,42383
2026-03-10 08:35:33.413286,1422450,39064
2026-03-10 08:35:33.413286,236390,38832
2026-03-10 08:35:33.413286,2357570,37984
2026-03-10 08:35:33.413286,438100,37412
2026-03-10 08:35:33.413286,3240220,36693
2026-03-10 08:35:33.413286,230410,36539
2026-03-10 08:35:33.413286,1973530,34900
2026-03-10 08:35:33.413286,359550,34864
2026-03-10 08:35:33.413286,322170,33065
2026-03-10 08:35:33.413286,1203220,32338
2026-03-10 08:35:33.413286,105600,31757
2026-03-10 08:35:33.413286,2767030,31268
2026-03-10 08:35:33.413286,1366800,24895
2026-03-10 08:35:33.413286,646570,24687
2026-03-10 08:35:33.413286,1281930,24684
2026-03-10 08:35:33.413286,3065800,24380
2026-03-10 08:35:33.413286,221100,23914
2026-03-10 08:35:33.413286,4025700,23615
2026-03-10 08:35:33.413286,1086940,23377
2026-03-10 08:35:33.413286,1623730,22997
2026-03-10 08:35:33.413286,381210,22979
2026-03-10 08:35:33.413286,289070,22771
2026-03-10 08:35:33.413286,394360,21773
2026-03-10 08:35:33.413286,294100,21306
2026-03-10 08:35:33.413286,553850,21126
2026-03-10 08:35:33.413286,2246340,20770
2026-03-10 08:35:33.413286,686060,20768
2026-03-10 08:35:33.413286,322330,20019
2026-03-10 08:35:33.413286,582660,19800
2026-03-10 08:35:33.413286,2399830,19517
2026-03-10 08:35:33.413286,3564740,19442
2026-03-10 08:35:33.413286,3405690,18858
2026-03-10 08:35:33.413286,218620,18669
2026-03-10 08:35:33.413286,240,18445
2026-03-10 08:35:33.413286,1174180,17938
2026-03-10 08:35:33.413286,3551340,17858
2026-03-10 08:35:33.413286,2923300,17590
2026-03-10 08:35:33.413286,4465480,17260
2026-03-10 08:35:33.413286,2622380,16907
2026-03-10 08:35:33.413286,2807960,16744
2026-03-10 08:35:33.413286,1222670,16211
2026-03-10 08:35:33.413286,1091500,16178
2026-03-10 08:35:33.413286,2744880,16041
2026-03-10 08:35:33.413286,1245620,15863
2026-03-10 08:35:33.413286,1449850,15573
2026-03-10 08:35:33.413286,227300,15505
2026-03-10 08:35:33.413286,1905180,15373
2026-03-10 08:35:33.413286,3472040,15239
2026-03-10 08:35:33.413286,255710,14997
2026-03-10 08:35:33.413286,261550,14960
2026-03-10 08:35:33.413286,1364780,14847
2026-03-10 08:35:33.413286,2050650,14814
2026-03-10 08:35:33.413286,346110,14696
2026-03-10 08:35:33.413286,108600,14579
2026-03-10 08:35:33.413286,1938090,14244
2026-03-10 08:35:33.413286,3241660,14241
2026-03-10 08:35:33.413286,4205000,13932
2026-03-10 08:35:33.413286,251570,13834
2026-03-10 08:35:33.413286,489830,13475
2026-03-10 08:35:33.413286,1142710,12462
2026-03-10 08:35:33.413286,1476970,12293
2026-03-10 08:35:33.413286,766570,12041
2026-03-10 08:35:33.413286,1771300,11831
2026-03-10 08:35:33.413286,1158310,11473
2026-03-10 08:35:33.413286,4000,11406
2026-03-10 08:35:33.413286,753,11385
2026-03-10 08:35:33.413286,2300320,11265
2026-03-10 08:35:33.413286,250900,11188
2026-03-10 08:35:33.413286,2073620,11115
2026-03-10 08:35:33.413286,377160,10935
2026-03-10 08:35:33.413286,1623660,10907
2026-03-10 08:35:33.413286,2252570,10886
2026-03-10 08:35:33.413286,2358720,10856
2026-03-10 08:35:33.413286,526870,10676
2026-03-10 08:35:33.413286,284160,10458
2026-03-10 08:35:33.413286,365670,10284
2026-03-10 08:35:33.413286,594650,10270
2026-03-10 08:35:33.413286,2221490,10248
2026-03-10 08:35:33.413286,813780,10177
2026-03-10 08:35:33.413286,427520,10086
2026-03-10 08:35:33.413286,892970,9913
2026-03-10 08:35:33.413286,2183900,9874
2026-03-10 08:35:33.413286,550,9826
2026-03-10 08:35:33.413286,3557620,9769
2026-03-10 09:24:55.701541,730,890705
2026-03-10 09:24:55.701541,570,350525
2026-03-10 09:24:55.701541,2868840,292010
2026-03-10 09:24:55.701541,578080,284148
2026-03-10 09:24:55.701541,3419430,130436
2026-03-10 09:24:55.701541,1172470,86863
2026-03-10 09:24:55.701541,2507950,84026
2026-03-10 09:24:55.701541,431960,81136
2026-03-10 09:24:55.701541,252490,80471
2026-03-10 09:24:55.701541,238960,66371
2026-03-10 09:24:55.701541,2676230,60607
2026-03-10 09:24:55.701541,1808500,58449
2026-03-10 09:24:55.701541,271590,55407
2026-03-10 09:24:55.701541,3764200,47724
2026-03-10 09:24:55.701541,413150,45319
2026-03-10 09:24:55.701541,440,43546
2026-03-10 09:24:55.701541,236390,42131
2026-03-10 09:24:55.701541,3240220,39458
2026-03-10 09:24:55.701541,1973530,37719
2026-03-10 09:24:55.701541,230410,37677
2026-03-10 09:24:55.701541,2357570,37267
2026-03-10 09:24:55.701541,1422450,36813
2026-03-10 09:24:55.701541,438100,35303
2026-03-10 09:24:55.701541,1203220,34563
2026-03-10 09:24:55.701541,322170,33665
2026-03-10 09:24:55.701541,359550,33639
2026-03-10 09:24:55.701541,105600,33160
2026-03-10 09:24:55.701541,2767030,28199
2026-03-10 09:24:55.701541,1281930,26207
2026-03-10 09:24:55.701541,646570,26063
2026-03-10 09:24:55.701541,221100,25488
2026-03-10 09:24:55.701541,1366800,25456
2026-03-10 09:24:55.701541,4025700,24550
2026-03-10 09:24:55.701541,1623730,23916
2026-03-10 09:24:55.701541,1086940,23776
2026-03-10 09:24:55.701541,289070,23678
2026-03-10 09:24:55.701541,394360,23621
2026-03-10 09:24:55.701541,381210,23431
2026-03-10 09:24:55.701541,3065800,22746
2026-03-10 09:24:55.701541,294100,22154
2026-03-10 09:24:55.701541,2246340,21525
2026-03-10 09:24:55.701541,686060,21407
2026-03-10 09:24:55.701541,553850,20974
2026-03-10 09:24:55.701541,3551340,20693
2026-03-10 09:24:55.701541,322330,20593
2026-03-10 09:24:55.701541,3405690,20495
2026-03-10 09:24:55.701541,3564740,20423
2026-03-10 09:24:55.701541,2399830,20410
2026-03-10 09:24:55.701541,582660,20195
2026-03-10 09:24:55.701541,1174180,19178
2026-03-10 09:24:55.701541,218620,18913
2026-03-10 09:24:55.701541,2744880,18476
2026-03-10 09:24:55.701541,4465480,18194
2026-03-10 09:24:55.701541,2807960,17685
2026-03-10 09:24:55.701541,227300,17584
2026-03-10 09:24:55.701541,2622380,17236
2026-03-10 09:24:55.701541,1091500,17164
2026-03-10 09:24:55.701541,1222670,17010
2026-03-10 09:24:55.701541,240,16990
2026-03-10 09:24:55.701541,1245620,16654
2026-03-10 09:24:55.701541,1449850,16496
2026-03-10 09:24:55.701541,1364780,16278
2026-03-10 09:24:55.701541,1905180,16254
2026-03-10 09:24:55.701541,3472040,16233
2026-03-10 09:24:55.701541,2923300,16133
2026-03-10 09:24:55.701541,261550,15975
2026-03-10 09:24:55.701541,255710,15942
2026-03-10 09:24:55.701541,346110,15536
2026-03-10 09:24:55.701541,2050650,15535
2026-03-10 09:24:55.701541,3241660,15224
2026-03-10 09:24:55.701541,108600,15033
2026-03-10 09:24:55.701541,1938090,14446
2026-03-10 09:24:55.701541,251570,14300
2026-03-10 09:24:55.701541,4205000,13963
2026-03-10 09:24:55.701541,489830,13831
2026-03-10 09:24:55.701541,1142710,13316
2026-03-10 09:24:55.701541,1771300,12665
2026-03-10 09:24:55.701541,766570,12617
2026-03-10 09:24:55.701541,1476970,12558
2026-03-10 09:24:55.701541,2300320,12490
2026-03-10 09:24:55.701541,1158310,12113
2026-03-10 09:24:55.701541,2073620,12067
2026-03-10 09:24:55.701541,2358720,12019
2026-03-10 09:24:55.701541,250900,12010
2026-03-10 09:24:55.701541,4000,11994
2026-03-10 09:24:55.701541,2252570,11932
2026-03-10 09:24:55.701541,526870,11346
2026-03-10 09:24:55.701541,753,11276
2026-03-10 09:24:55.701541,377160,11265
2026-03-10 09:24:55.701541,594650,11007
2026-03-10 09:24:55.701541,284160,10988
2026-03-10 09:24:55.701541,1623660,10929
2026-03-10 09:24:55.701541,365670,10793
2026-03-10 09:24:55.701541,813780,10749
2026-03-10 09:24:55.701541,427520,10635
2026-03-10 09:24:55.701541,892970,10333
2026-03-10 09:24:55.701541,2221490,10313
2026-03-10 09:24:55.701541,2183900,10307
2026-03-10 09:24:55.701541,1818450,9877
2026-03-10 09:24:55.701541,3557620,9781
2026-03-10 10:05:10.243813,730,910529
2026-03-10 10:05:10.243813,570,366740
2026-03-10 10:05:10.243813,2868840,303138
2026-03-10 10:05:10.243813,578080,285831
2026-03-10 10:05:10.243813,3419430,130252
2026-03-10 10:05:10.243813,252490,86875
2026-03-10 10:05:10.243813,2507950,86283
2026-03-10 10:05:10.243813,1172470,85763
2026-03-10 10:05:10.243813,431960,85673
2026-03-10 10:05:10.243813,238960,70096
2026-03-10 10:05:10.243813,2676230,60853
2026-03-10 10:05:10.243813,1808500,60183
2026-03-10 10:05:10.243813,271590,59337
2026-03-10 10:05:10.243813,3764200,49995
2026-03-10 10:05:10.243813,413150,45843
2026-03-10 10:05:10.243813,440,44349
2026-03-10 10:05:10.243813,236390,43888
2026-03-10 10:05:10.243813,3240220,40712
2026-03-10 10:05:10.243813,1973530,40575
2026-03-10 10:05:10.243813,230410,39318
2026-03-10 10:05:10.243813,2357570,37593
2026-03-10 10:05:10.243813,1422450,36092
2026-03-10 10:05:10.243813,1203220,35551
2026-03-10 10:05:10.243813,322170,34612
2026-03-10 10:05:10.243813,438100,34475
2026-03-10 10:05:10.243813,105600,33935
2026-03-10 10:05:10.243813,359550,33706
2026-03-10 10:05:10.243813,2767030,27202
2026-03-10 10:05:10.243813,646570,27135
2026-03-10 10:05:10.243813,1281930,27087
2026-03-10 10:05:10.243813,221100,27030
2026-03-10 10:05:10.243813,1366800,26250
2026-03-10 10:05:10.243813,4025700,25601
2026-03-10 10:05:10.243813,394360,25318
2026-03-10 10:05:10.243813,1623730,25066
2026-03-10 10:05:10.243813,1086940,24753
2026-03-10 10:05:10.243813,289070,24615
2026-03-10 10:05:10.243813,381210,24066
2026-03-10 10:05:10.243813,294100,23238
2026-03-10 10:05:10.243813,3551340,22668
2026-03-10 10:05:10.243813,2246340,22540
2026-03-10 10:05:10.243813,3065800,22499
2026-03-10 10:05:10.243813,3405690,22331
2026-03-10 10:05:10.243813,686060,22233
2026-03-10 10:05:10.243813,553850,21807
2026-03-10 10:05:10.243813,3564740,21737
2026-03-10 10:05:10.243813,2399830,21506
2026-03-10 10:05:10.243813,322330,20762
2026-03-10 10:05:10.243813,582660,20555
2026-03-10 10:05:10.243813,1174180,20104
2026-03-10 10:05:10.243813,2744880,19799
2026-03-10 10:05:10.243813,4465480,19645
2026-03-10 10:05:10.243813,218620,19480
2026-03-10 10:05:10.243813,227300,19264
2026-03-10 10:05:10.243813,240,18851
2026-03-10 10:05:10.243813,2807960,18622
2026-03-10 10:05:10.243813,1449850,17944
2026-03-10 10:05:10.243813,1091500,17774
2026-03-10 10:05:10.243813,1222670,17441
2026-03-10 10:05:10.243813,1364780,17247
2026-03-10 10:05:10.243813,1245620,17202
2026-03-10 10:05:10.243813,3472040,17160
2026-03-10 10:05:10.243813,1905180,17027
2026-03-10 10:05:10.243813,2622380,16963
2026-03-10 10:05:10.243813,261550,16896
2026-03-10 10:05:10.243813,255710,16706
2026-03-10 10:05:10.243813,346110,16356
2026-03-10 10:05:10.243813,2050650,16036
2026-03-10 10:05:10.243813,108600,15656
2026-03-10 10:05:10.243813,3241660,15126
2026-03-10 10:05:10.243813,251570,14890
2026-03-10 10:05:10.243813,1938090,14820
2026-03-10 10:05:10.243813,4205000,14690
2026-03-10 10:05:10.243813,489830,14232
2026-03-10 10:05:10.243813,1142710,14077
2026-03-10 10:05:10.243813,2300320,13547
2026-03-10 10:05:10.243813,1771300,13452
2026-03-10 10:05:10.243813,2923300,13102
2026-03-10 10:05:10.243813,766570,13079
2026-03-10 10:05:10.243813,2073620,12911
2026-03-10 10:05:10.243813,1158310,12752
2026-03-10 10:05:10.243813,1476970,12737
2026-03-10 10:05:10.243813,2252570,12706
2026-03-10 10:05:10.243813,250900,12619
2026-03-10 10:05:10.243813,4000,12516
2026-03-10 10:05:10.243813,2358720,12483
2026-03-10 10:05:10.243813,526870,12079
2026-03-10 10:05:10.243813,377160,11701
2026-03-10 10:05:10.243813,284160,11535
2026-03-10 10:05:10.243813,753,11437
2026-03-10 10:05:10.243813,594650,11319
2026-03-10 10:05:10.243813,813780,11184
2026-03-10 10:05:10.243813,427520,11094
2026-03-10 10:05:10.243813,365670,10987
2026-03-10 10:05:10.243813,1623660,10979
2026-03-10 10:05:10.243813,892970,10928
2026-03-10 10:05:10.243813,2183900,10834
2026-03-10 10:05:10.243813,1818450,10829
2026-03-10 10:05:10.243813,2221490,10661
2026-03-10 10:05:10.243813,3557620,10374
2026-03-10 10:57:12.993312,730,973158
2026-03-10 10:57:12.993312,570,388699
2026-03-10 10:57:12.993312,2868840,349234
2026-03-10 10:57:12.993312,578080,337110
2026-03-10 10:57:12.993312,3419430,132704
2026-03-10 10:57:12.993312,1172470,96921
2026-03-10 10:57:12.993312,252490,95894
2026-03-10 10:57:12.993312,2507950,95511
2026-03-10 10:57:12.993312,431960,92518
2026-03-10 10:57:12.993312,238960,74890
2026-03-10 10:57:12.993312,271590,64844
2026-03-10 10:57:12.993312,1808500,61121
2026-03-10 10:57:12.993312,2676230,59818
2026-03-10 10:57:12.993312,3764200,55178
2026-03-10 10:57:12.993312,413150,49647
2026-03-10 10:57:12.993312,236390,48433
2026-03-10 10:57:12.993312,440,46024
2026-03-10 10:57:12.993312,3240220,43532
2026-03-10 10:57:12.993312,1973530,43270
2026-03-10 10:57:12.993312,230410,42617
2026-03-10 10:57:12.993312,1203220,41384
2026-03-10 10:57:12.993312,2357570,40057
2026-03-10 10:57:12.993312,1422450,36973
2026-03-10 10:57:12.993312,105600,35985
2026-03-10 10:57:12.993312,322170,35550
2026-03-10 10:57:12.993312,359550,34938
2026-03-10 10:57:12.993312,438100,34662
2026-03-10 10:57:12.993312,646570,29697
2026-03-10 10:57:12.993312,1281930,29512
2026-03-10 10:57:12.993312,221100,29014
2026-03-10 10:57:12.993312,4025700,28218
2026-03-10 10:57:12.993312,394360,27843
2026-03-10 10:57:12.993312,1623730,27457
2026-03-10 10:57:12.993312,1366800,27295
2026-03-10 10:57:12.993312,289070,26810
2026-03-10 10:57:12.993312,2767030,26675
2026-03-10 10:57:12.993312,381210,26598
2026-03-10 10:57:12.993312,1086940,26597
2026-03-10 10:57:12.993312,2246340,25851
2026-03-10 10:57:12.993312,3405690,25486
2026-03-10 10:57:12.993312,3551340,25140
2026-03-10 10:57:12.993312,294100,24822
2026-03-10 10:57:12.993312,3564740,24808
2026-03-10 10:57:12.993312,553850,24390
2026-03-10 10:57:12.993312,686060,23874
2026-03-10 10:57:12.993312,2399830,23227
2026-03-10 10:57:12.993312,3065800,22746
2026-03-10 10:57:12.993312,322330,22581
2026-03-10 10:57:12.993312,4465480,22002
2026-03-10 10:57:12.993312,227300,21808
2026-03-10 10:57:12.993312,1174180,21668
2026-03-10 10:57:12.993312,582660,21095
2026-03-10 10:57:12.993312,2744880,20764
2026-03-10 10:57:12.993312,1449850,20561
2026-03-10 10:57:12.993312,2807960,20444
2026-03-10 10:57:12.993312,1364780,19957
2026-03-10 10:57:12.993312,2622380,19233
2026-03-10 10:57:12.993312,1091500,19066
2026-03-10 10:57:12.993312,3472040,18984
2026-03-10 10:57:12.993312,261550,18925
2026-03-10 10:57:12.993312,1905180,18533
2026-03-10 10:57:12.993312,1222670,18428
2026-03-10 10:57:12.993312,1245620,18280
2026-03-10 10:57:12.993312,240,17968
2026-03-10 10:57:12.993312,346110,17690
2026-03-10 10:57:12.993312,255710,17505
2026-03-10 10:57:12.993312,2050650,17436
2026-03-10 10:57:12.993312,108600,16963
2026-03-10 10:57:12.993312,4205000,16525
2026-03-10 10:57:12.993312,251570,16515
2026-03-10 10:57:12.993312,3241660,16358
2026-03-10 10:57:12.993312,1938090,15985
2026-03-10 10:57:12.993312,1142710,15492
2026-03-10 10:57:12.993312,489830,14849
2026-03-10 10:57:12.993312,2923300,14809
2026-03-10 10:57:12.993312,1771300,14771
2026-03-10 10:57:12.993312,766570,14518
2026-03-10 10:57:12.993312,2300320,14463
2026-03-10 10:57:12.993312,250900,14159
2026-03-10 10:57:12.993312,2073620,14024
2026-03-10 10:57:12.993312,2252570,13850
2026-03-10 10:57:12.993312,1158310,13672
2026-03-10 10:57:12.993312,4000,13650
2026-03-10 10:57:12.993312,2358720,13528
2026-03-10 10:57:12.993312,526870,13044
2026-03-10 10:57:12.993312,594650,12867
2026-03-10 10:57:12.993312,1476970,12840
2026-03-10 10:57:12.993312,813780,12354
2026-03-10 10:57:12.993312,284160,12352
2026-03-10 10:57:12.993312,1818450,12342
2026-03-10 10:57:12.993312,377160,12294
2026-03-10 10:57:12.993312,218620,12167
2026-03-10 10:57:12.993312,892970,12159
2026-03-10 10:57:12.993312,2183900,11881
2026-03-10 10:57:12.993312,427520,11725
2026-03-10 10:57:12.993312,393380,11711
2026-03-10 10:57:12.993312,1325860,11611
2026-03-10 10:57:12.993312,3932890,11480
2026-03-10 10:57:12.993312,753,11431
2026-03-10 10:57:12.993312,1049590,11336
2026-03-10 11:33:26.064688,730,1043981
2026-03-10 11:33:26.064688,570,412876
2026-03-10 11:33:26.064688,578080,411588
2026-03-10 11:33:26.064688,2868840,392418
2026-03-10 11:33:26.064688,3419430,140844
2026-03-10 11:33:26.064688,1172470,117758
2026-03-10 11:33:26.064688,2507950,106873
2026-03-10 11:33:26.064688,252490,100828
2026-03-10 11:33:26.064688,431960,97848
2026-03-10 11:33:26.064688,238960,78109
2026-03-10 11:33:26.064688,271590,68618
2026-03-10 11:33:26.064688,1808500,63278
2026-03-10 11:33:26.064688,2676230,61313
2026-03-10 11:33:26.064688,3764200,60255
2026-03-10 11:33:26.064688,413150,55012
2026-03-10 11:33:26.064688,236390,53018
2026-03-10 11:33:26.064688,1203220,48828
2026-03-10 11:33:26.064688,440,47125
2026-03-10 11:33:26.064688,3240220,47060
2026-03-10 11:33:26.064688,230410,45255
2026-03-10 11:33:26.064688,1973530,44820
2026-03-10 11:33:26.064688,2357570,43620
2026-03-10 11:33:26.064688,105600,39167
2026-03-10 11:33:26.064688,1422450,38891
2026-03-10 11:33:26.064688,322170,36983
2026-03-10 11:33:26.064688,438100,36347
2026-03-10 11:33:26.064688,359550,32691
2026-03-10 11:33:26.064688,1281930,32086
2026-03-10 11:33:26.064688,646570,31337
2026-03-10 11:33:26.064688,221100,30551
2026-03-10 11:33:26.064688,4025700,30435
2026-03-10 11:33:26.064688,394360,29953
2026-03-10 11:33:26.064688,2246340,29917
2026-03-10 11:33:26.064688,1623730,29849
2026-03-10 11:33:26.064688,381210,29732
2026-03-10 11:33:26.064688,289070,28690
2026-03-10 11:33:26.064688,1086940,28395
2026-03-10 11:33:26.064688,3564740,28102
2026-03-10 11:33:26.064688,1366800,27996
2026-03-10 11:33:26.064688,3405690,27595
2026-03-10 11:33:26.064688,2767030,26928
2026-03-10 11:33:26.064688,553850,26881
2026-03-10 11:33:26.064688,3551340,26524
2026-03-10 11:33:26.064688,294100,26088
2026-03-10 11:33:26.064688,322330,25362
2026-03-10 11:33:26.064688,686060,25328
2026-03-10 11:33:26.064688,2399830,24876
2026-03-10 11:33:26.064688,3065800,23725
2026-03-10 11:33:26.064688,4465480,23621
2026-03-10 11:33:26.064688,227300,23513
2026-03-10 11:33:26.064688,2622380,23236
2026-03-10 11:33:26.064688,1174180,23214
2026-03-10 11:33:26.064688,2807960,22744
2026-03-10 11:33:26.064688,2744880,22566
2026-03-10 11:33:26.064688,1364780,22445
2026-03-10 11:33:26.064688,1449850,22325
2026-03-10 11:33:26.064688,582660,21455
2026-03-10 11:33:26.064688,3472040,20571
2026-03-10 11:33:26.064688,1091500,20319
2026-03-10 11:33:26.064688,261550,20274
2026-03-10 11:33:26.064688,3241660,20189
2026-03-10 11:33:26.064688,1905180,20140
2026-03-10 11:33:26.064688,1245620,19818
2026-03-10 11:33:26.064688,1222670,19253
2026-03-10 11:33:26.064688,346110,19008
2026-03-10 11:33:26.064688,2050650,18847
2026-03-10 11:33:26.064688,255710,18498
2026-03-10 11:33:26.064688,108600,18247
2026-03-10 11:33:26.064688,251570,18203
2026-03-10 11:33:26.064688,240,17732
2026-03-10 11:33:26.064688,1938090,17332
2026-03-10 11:33:26.064688,4205000,16995
2026-03-10 11:33:26.064688,2923300,16621
2026-03-10 11:33:26.064688,1142710,16483
2026-03-10 11:33:26.064688,1771300,15822
2026-03-10 11:33:26.064688,489830,15592
2026-03-10 11:33:26.064688,766570,15565
2026-03-10 11:33:26.064688,594650,15331
2026-03-10 11:33:26.064688,250900,15073
2026-03-10 11:33:26.064688,2300320,15017
2026-03-10 11:33:26.064688,2073620,14949
2026-03-10 11:33:26.064688,2358720,14795
2026-03-10 11:33:26.064688,4000,14767
2026-03-10 11:33:26.064688,2252570,14611
2026-03-10 11:33:26.064688,1158310,14323
2026-03-10 11:33:26.064688,526870,13727
2026-03-10 11:33:26.064688,1049590,13265
2026-03-10 11:33:26.064688,813780,13254
2026-03-10 11:33:26.064688,393380,13181
2026-03-10 11:33:26.064688,1325860,13174
2026-03-10 11:33:26.064688,1818450,13113
2026-03-10 11:33:26.064688,1476970,13071
2026-03-10 11:33:26.064688,284160,13039
2026-03-10 11:33:26.064688,892970,13012
2026-03-10 11:33:26.064688,2183900,12986
2026-03-10 11:33:26.064688,377160,12688
2026-03-10 11:33:26.064688,3932890,12537
2026-03-10 11:33:26.064688,427520,12293
2026-03-10 11:33:26.064688,3527290,12242
2026-03-10 11:33:26.064688,218620,12182
2026-03-10 11:58:06.438873,730,1113396
2026-03-10 11:58:06.438873,578080,477268
2026-03-10 11:58:06.438873,570,442282
2026-03-10 11:58:06.438873,2868840,425165
2026-03-10 11:58:06.438873,3419430,142641
2026-03-10 11:58:06.438873,1172470,137579
2026-03-10 11:58:06.438873,2507950,117093
2026-03-10 11:58:06.438873,252490,106332
2026-03-10 11:58:06.438873,431960,101597
2026-03-10 11:58:06.438873,238960,81263
2026-03-10 11:58:06.438873,271590,72338
2026-03-10 11:58:06.438873,2676230,67636
2026-03-10 11:58:06.438873,1808500,66119
2026-03-10 11:58:06.438873,3764200,65266
2026-03-10 11:58:06.438873,413150,59699
2026-03-10 11:58:06.438873,236390,56677
2026-03-10 11:58:06.438873,1203220,55480
2026-03-10 11:58:06.438873,3240220,50228
2026-03-10 11:58:06.438873,440,48163
2026-03-10 11:58:06.438873,230410,47679
2026-03-10 11:58:06.438873,2357570,47305
2026-03-10 11:58:06.438873,1973530,45973
2026-03-10 11:58:06.438873,105600,42080
2026-03-10 11:58:06.438873,1422450,40195
2026-03-10 11:58:06.438873,322170,38796
2026-03-10 11:58:06.438873,438100,38389
2026-03-10 11:58:06.438873,1281930,34511
2026-03-10 11:58:06.438873,2246340,33456
2026-03-10 11:58:06.438873,646570,32551
2026-03-10 11:58:06.438873,4025700,32065
2026-03-10 11:58:06.438873,381210,32018
2026-03-10 11:58:06.438873,359550,31861
2026-03-10 11:58:06.438873,1623730,31800
2026-03-10 11:58:06.438873,221100,31551
2026-03-10 11:58:06.438873,394360,31489
2026-03-10 11:58:06.438873,3564740,30970
2026-03-10 11:58:06.438873,289070,30296
2026-03-10 11:58:06.438873,1086940,30278
2026-03-10 11:58:06.438873,3405690,29572
2026-03-10 11:58:06.438873,553850,29391
2026-03-10 11:58:06.438873,1366800,28540
2026-03-10 11:58:06.438873,322330,27853
2026-03-10 11:58:06.438873,3551340,27822
2026-03-10 11:58:06.438873,2767030,27605
2026-03-10 11:58:06.438873,294100,27157
2026-03-10 11:58:06.438873,2622380,26845
2026-03-10 11:58:06.438873,686060,26326
2026-03-10 11:58:06.438873,2399830,26114
2026-03-10 11:58:06.438873,227300,25232
2026-03-10 11:58:06.438873,3065800,24933
2026-03-10 11:58:06.438873,1174180,24738
2026-03-10 11:58:06.438873,2744880,24721
2026-03-10 11:58:06.438873,1364780,24622
2026-03-10 11:58:06.438873,2807960,24544
2026-03-10 11:58:06.438873,3241660,24442
2026-03-10 11:58:06.438873,4465480,24016
2026-03-10 11:58:06.438873,1449850,23545
2026-03-10 11:58:06.438873,3472040,22057
2026-03-10 11:58:06.438873,1091500,21746
2026-03-10 11:58:06.438873,582660,21718
2026-03-10 11:58:06.438873,1905180,21367
2026-03-10 11:58:06.438873,261550,21334
2026-03-10 11:58:06.438873,1245620,21205
2026-03-10 11:58:06.438873,346110,20207
2026-03-10 11:58:06.438873,2050650,20154
2026-03-10 11:58:06.438873,1222670,20055
2026-03-10 11:58:06.438873,255710,19495
2026-03-10 11:58:06.438873,251570,19465
2026-03-10 11:58:06.438873,108600,19402
2026-03-10 11:58:06.438873,1938090,18417
2026-03-10 11:58:06.438873,594650,17629
2026-03-10 11:58:06.438873,1142710,17342
2026-03-10 11:58:06.438873,4205000,17141
2026-03-10 11:58:06.438873,1771300,16806
2026-03-10 11:58:06.438873,766570,16418
2026-03-10 11:58:06.438873,2358720,16126
2026-03-10 11:58:06.438873,489830,16067
2026-03-10 11:58:06.438873,240,16055
2026-03-10 11:58:06.438873,2073620,16002
2026-03-10 11:58:06.438873,250900,15664
2026-03-10 11:58:06.438873,4000,15568
2026-03-10 11:58:06.438873,2300320,15516
2026-03-10 11:58:06.438873,2923300,15373
2026-03-10 11:58:06.438873,2252570,15088
2026-03-10 11:58:06.438873,1158310,14928
2026-03-10 11:58:06.438873,1049590,14784
2026-03-10 11:58:06.438873,1325860,14660
2026-03-10 11:58:06.438873,526870,14423
2026-03-10 11:58:06.438873,3527290,14110
2026-03-10 11:58:06.438873,1818450,14060
2026-03-10 11:58:06.438873,393380,13991
2026-03-10 11:58:06.438873,813780,13958
2026-03-10 11:58:06.438873,2183900,13898
2026-03-10 11:58:06.438873,892970,13869
2026-03-10 11:58:06.438873,284160,13606
2026-03-10 11:58:06.438873,3932890,13374
2026-03-10 11:58:06.438873,1476970,13221
2026-03-10 11:58:06.438873,377160,13210
2026-03-10 11:58:06.438873,1329410,13062
2026-03-10 11:58:06.438873,550,12863
2026-03-10 13:22:41.263078,730,1322260
2026-03-10 13:22:41.263078,578080,675749
2026-03-10 13:22:41.263078,2868840,537551
2026-03-10 13:22:41.263078,570,532402
2026-03-10 13:22:41.263078,1172470,205837
2026-03-10 13:22:41.263078,2507950,153285
2026-03-10 13:22:41.263078,3419430,147600
2026-03-10 13:22:41.263078,252490,122063
2026-03-10 13:22:41.263078,431960,114204
2026-03-10 13:22:41.263078,2676230,95914
2026-03-10 13:22:41.263078,238960,91257
2026-03-10 13:22:41.263078,271590,83792
2026-03-10 13:22:41.263078,3764200,80746
2026-03-10 13:22:41.263078,413150,78452
2026-03-10 13:22:41.263078,1808500,78106
2026-03-10 13:22:41.263078,1203220,77497
2026-03-10 13:22:41.263078,236390,70939
2026-03-10 13:22:41.263078,3240220,63362
2026-03-10 13:22:41.263078,2357570,62627
2026-03-10 13:22:41.263078,230410,55853
2026-03-10 13:22:41.263078,105600,53142
2026-03-10 13:22:41.263078,440,52015
2026-03-10 13:22:41.263078,438100,48501
2026-03-10 13:22:41.263078,1422450,48498
2026-03-10 13:22:41.263078,1973530,48419
2026-03-10 13:22:41.263078,359550,47602
2026-03-10 13:22:41.263078,322170,47558
2026-03-10 13:22:41.263078,3241660,45154
2026-03-10 13:22:41.263078,2246340,45094
2026-03-10 13:22:41.263078,1281930,43436
2026-03-10 13:22:41.263078,381210,41426
2026-03-10 13:22:41.263078,3564740,40856
2026-03-10 13:22:41.263078,2622380,39997
2026-03-10 13:22:41.263078,553850,39332
2026-03-10 13:22:41.263078,3405690,38395
2026-03-10 13:22:41.263078,1623730,38335
2026-03-10 13:22:41.263078,646570,37868
2026-03-10 13:22:41.263078,394360,37696
2026-03-10 13:22:41.263078,4025700,37052
2026-03-10 13:22:41.263078,1086940,36939
2026-03-10 13:22:41.263078,322330,36666
2026-03-10 13:22:41.263078,2744880,35860
2026-03-10 13:22:41.263078,221100,35697
2026-03-10 13:22:41.263078,2807960,35344
2026-03-10 13:22:41.263078,289070,35242
2026-03-10 13:22:41.263078,2767030,32360
2026-03-10 13:22:41.263078,1366800,31928
2026-03-10 13:22:41.263078,1364780,31458
2026-03-10 13:22:41.263078,227300,31366
2026-03-10 13:22:41.263078,3551340,31243
2026-03-10 13:22:41.263078,2399830,30777
2026-03-10 13:22:41.263078,4465480,30352
2026-03-10 13:22:41.263078,686060,30326
2026-03-10 13:22:41.263078,1174180,30301
2026-03-10 13:22:41.263078,294100,30218
2026-03-10 13:22:41.263078,3065800,29979
2026-03-10 13:22:41.263078,1245620,26908
2026-03-10 13:22:41.263078,3472040,26824
2026-03-10 13:22:41.263078,1091500,26176
2026-03-10 13:22:41.263078,1449850,26154
2026-03-10 13:22:41.263078,594650,25467
2026-03-10 13:22:41.263078,1905180,25407
2026-03-10 13:22:41.263078,2050650,25124
2026-03-10 13:22:41.263078,261550,24979
2026-03-10 13:22:41.263078,346110,24806
2026-03-10 13:22:41.263078,108600,24113
2026-03-10 13:22:41.263078,251570,23868
2026-03-10 13:22:41.263078,255710,23666
2026-03-10 13:22:41.263078,1222670,23596
2026-03-10 13:22:41.263078,582660,22890
2026-03-10 13:22:41.263078,1938090,22706
2026-03-10 13:22:41.263078,3527290,22017
2026-03-10 13:22:41.263078,2358720,20967
2026-03-10 13:22:41.263078,1142710,20307
2026-03-10 13:22:41.263078,1771300,20291
2026-03-10 13:22:41.263078,2073620,19354
2026-03-10 13:22:41.263078,1426210,19251
2026-03-10 13:22:41.263078,550,18887
2026-03-10 13:22:41.263078,766570,18740
2026-03-10 13:22:41.263078,489830,18650
2026-03-10 13:22:41.263078,1325860,18595
2026-03-10 13:22:41.263078,250900,18407
2026-03-10 13:22:41.263078,4000,18357
2026-03-10 13:22:41.263078,1049590,18195
2026-03-10 13:22:41.263078,2300320,17669
2026-03-10 13:22:41.263078,1158310,17606
2026-03-10 13:22:41.263078,1818450,17366
2026-03-10 13:22:41.263078,2183900,17166
2026-03-10 13:22:41.263078,892970,17134
2026-03-10 13:22:41.263078,582010,17128
2026-03-10 13:22:41.263078,4205000,16968
2026-03-10 13:22:41.263078,526870,16833
2026-03-10 13:22:41.263078,813780,16584
2026-03-10 13:22:41.263078,284160,16550
2026-03-10 13:22:41.263078,2252570,16545
2026-03-10 13:22:41.263078,240,16400
2026-03-10 13:22:41.263078,393380,16361
2026-03-10 13:22:41.263078,2923300,16289
2026-03-10 13:22:41.263078,1329410,15885
2026-03-10 13:22:41.263078,3932890,15539
2026-03-10 14:10:39.852700,730,1415709
2026-03-10 14:10:39.852700,578080,698594
2026-03-10 14:10:39.852700,2868840,569300
2026-03-10 14:10:39.852700,570,566179
2026-03-10 14:10:39.852700,1172470,215994
2026-03-10 14:10:39.852700,2507950,159705
2026-03-10 14:10:39.852700,3419430,136627
2026-03-10 14:10:39.852700,252490,130312
2026-03-10 14:10:39.852700,431960,118091
2026-03-10 14:10:39.852700,2676230,108074
2026-03-10 14:10:39.852700,238960,96702
2026-03-10 14:10:39.852700,271590,88585
2026-03-10 14:10:39.852700,3764200,86299
2026-03-10 14:10:39.852700,1808500,85966
2026-03-10 14:10:39.852700,413150,84593
2026-03-10 14:10:39.852700,1203220,79373
2026-03-10 14:10:39.852700,236390,76421
2026-03-10 14:10:39.852700,2357570,69255
2026-03-10 14:10:39.852700,3240220,67426
2026-03-10 14:10:39.852700,230410,58138
2026-03-10 14:10:39.852700,105600,56955
2026-03-10 14:10:39.852700,440,53630
2026-03-10 14:10:39.852700,1422450,53512
2026-03-10 14:10:39.852700,322170,53430
2026-03-10 14:10:39.852700,359550,53205
2026-03-10 14:10:39.852700,3241660,53014
2026-03-10 14:10:39.852700,438100,52745
2026-03-10 14:10:39.852700,1973530,48152
2026-03-10 14:10:39.852700,2246340,47169
2026-03-10 14:10:39.852700,1281930,46502
2026-03-10 14:10:39.852700,381210,44810
2026-03-10 14:10:39.852700,553850,44089
2026-03-10 14:10:39.852700,3405690,43480
2026-03-10 14:10:39.852700,3564740,43381
2026-03-10 14:10:39.852700,2622380,42096
2026-03-10 14:10:39.852700,394360,40288
2026-03-10 14:10:39.852700,1623730,40122
2026-03-10 14:10:39.852700,1086940,40065
2026-03-10 14:10:39.852700,646570,39973
2026-03-10 14:10:39.852700,4025700,38758
2026-03-10 14:10:39.852700,221100,38149
2026-03-10 14:10:39.852700,322330,37971
2026-03-10 14:10:39.852700,2744880,37869
2026-03-10 14:10:39.852700,2807960,37653
2026-03-10 14:10:39.852700,289070,36881
2026-03-10 14:10:39.852700,2767030,35770
2026-03-10 14:10:39.852700,227300,34520
2026-03-10 14:10:39.852700,1366800,34081
2026-03-10 14:10:39.852700,686060,33079
2026-03-10 14:10:39.852700,4465480,32780
2026-03-10 14:10:39.852700,3551340,32690
2026-03-10 14:10:39.852700,1364780,32553
2026-03-10 14:10:39.852700,2399830,32335
2026-03-10 14:10:39.852700,1174180,32267
2026-03-10 14:10:39.852700,3065800,31912
2026-03-10 14:10:39.852700,294100,31576
2026-03-10 14:10:39.852700,1245620,28826
2026-03-10 14:10:39.852700,3472040,28764
2026-03-10 14:10:39.852700,1091500,27920
2026-03-10 14:10:39.852700,2050650,26767
2026-03-10 14:10:39.852700,1905180,26736
2026-03-10 14:10:39.852700,594650,26682
2026-03-10 14:10:39.852700,261550,26569
2026-03-10 14:10:39.852700,108600,26324
2026-03-10 14:10:39.852700,1449850,26238
2026-03-10 14:10:39.852700,346110,26079
2026-03-10 14:10:39.852700,1222670,25507
2026-03-10 14:10:39.852700,251570,25240
2026-03-10 14:10:39.852700,3527290,24913
2026-03-10 14:10:39.852700,255710,24813
2026-03-10 14:10:39.852700,1938090,24517
2026-03-10 14:10:39.852700,582660,23352
2026-03-10 14:10:39.852700,2358720,21944
2026-03-10 14:10:39.852700,1771300,21870
2026-03-10 14:10:39.852700,1426210,21835
2026-03-10 14:10:39.852700,1142710,21617
2026-03-10 14:10:39.852700,550,21194
2026-03-10 14:10:39.852700,2073620,20982
2026-03-10 14:10:39.852700,4000,19956
2026-03-10 14:10:39.852700,489830,19826
2026-03-10 14:10:39.852700,250900,19679
2026-03-10 14:10:39.852700,2300320,19244
2026-03-10 14:10:39.852700,892970,19040
2026-03-10 14:10:39.852700,766570,19011
2026-03-10 14:10:39.852700,1325860,18987
2026-03-10 14:10:39.852700,1158310,18834
2026-03-10 14:10:39.852700,582010,18550
2026-03-10 14:10:39.852700,240,18458
2026-03-10 14:10:39.852700,2183900,18346
2026-03-10 14:10:39.852700,284160,18182
2026-03-10 14:10:39.852700,1049590,18138
2026-03-10 14:10:39.852700,526870,18079
2026-03-10 14:10:39.852700,813780,17966
2026-03-10 14:10:39.852700,1818450,17740
2026-03-10 14:10:39.852700,2252570,17243
2026-03-10 14:10:39.852700,393380,16929
2026-03-10 14:10:39.852700,2221490,16824
2026-03-10 14:10:39.852700,1329410,16765
2026-03-10 14:10:39.852700,4205000,16460
2026-03-10 14:10:39.852700,377160,16440
2026-03-10 15:10:36.880142,730,1377257
2026-03-10 15:10:36.880142,578080,594949
2026-03-10 15:10:36.880142,570,582490
2026-03-10 15:10:36.880142,2868840,549211
2026-03-10 15:10:36.880142,1172470,185156
2026-03-10 15:10:36.880142,2507950,143717
2026-03-10 15:10:36.880142,3419430,141710
2026-03-10 15:10:36.880142,252490,138037
2026-03-10 15:10:36.880142,2676230,119246
2026-03-10 15:10:36.880142,431960,115135
2026-03-10 15:10:36.880142,238960,105287
2026-03-10 15:10:36.880142,1808500,96158
2026-03-10 15:10:36.880142,271590,92030
2026-03-10 15:10:36.880142,3764200,85830
2026-03-10 15:10:36.880142,413150,79814
2026-03-10 15:10:36.880142,236390,77670
2026-03-10 15:10:36.880142,2357570,71726
2026-03-10 15:10:36.880142,3240220,64908
2026-03-10 15:10:36.880142,1203220,63635
2026-03-10 15:10:36.880142,359550,60271
2026-03-10 15:10:36.880142,322170,59669
2026-03-10 15:10:36.880142,1422450,59401
2026-03-10 15:10:36.880142,230410,57341
2026-03-10 15:10:36.880142,105600,56370
2026-03-10 15:10:36.880142,438100,55170
2026-03-10 15:10:36.880142,440,51728
2026-03-10 15:10:36.880142,3241660,49177
2026-03-10 15:10:36.880142,3405690,47804
2026-03-10 15:10:36.880142,381210,45624
2026-03-10 15:10:36.880142,1281930,45316
2026-03-10 15:10:36.880142,553850,44940
2026-03-10 15:10:36.880142,1973530,44703
2026-03-10 15:10:36.880142,2246340,43940
2026-03-10 15:10:36.880142,1086940,41863
2026-03-10 15:10:36.880142,394360,41847
2026-03-10 15:10:36.880142,3564740,41533
2026-03-10 15:10:36.880142,221100,41243
2026-03-10 15:10:36.880142,646570,39412
2026-03-10 15:10:36.880142,2767030,39285
2026-03-10 15:10:36.880142,4025700,38963
2026-03-10 15:10:36.880142,1623730,38870
2026-03-10 15:10:36.880142,2807960,37232
2026-03-10 15:10:36.880142,227300,36504
2026-03-10 15:10:36.880142,289070,36460
2026-03-10 15:10:36.880142,2622380,35865
2026-03-10 15:10:36.880142,1366800,35853
2026-03-10 15:10:36.880142,686060,35255
2026-03-10 15:10:36.880142,322330,34424
2026-03-10 15:10:36.880142,4465480,34172
2026-03-10 15:10:36.880142,3551340,33647
2026-03-10 15:10:36.880142,3065800,33497
2026-03-10 15:10:36.880142,2399830,32082
2026-03-10 15:10:36.880142,294100,31781
2026-03-10 15:10:36.880142,1174180,31543
2026-03-10 15:10:36.880142,2744880,30317
2026-03-10 15:10:36.880142,1364780,29075
2026-03-10 15:10:36.880142,1245620,28773
2026-03-10 15:10:36.880142,1091500,27969
2026-03-10 15:10:36.880142,108600,27805
2026-03-10 15:10:36.880142,3472040,27498
2026-03-10 15:10:36.880142,261550,26942
2026-03-10 15:10:36.880142,1222670,26771
2026-03-10 15:10:36.880142,1905180,26652
2026-03-10 15:10:36.880142,2050650,26301
2026-03-10 15:10:36.880142,346110,25522
2026-03-10 15:10:36.880142,251570,25213
2026-03-10 15:10:36.880142,1938090,24888
2026-03-10 15:10:36.880142,1449850,24560
2026-03-10 15:10:36.880142,255710,24177
2026-03-10 15:10:36.880142,582660,24022
2026-03-10 15:10:36.880142,594650,23614
2026-03-10 15:10:36.880142,3527290,23124
2026-03-10 15:10:36.880142,1771300,22331
2026-03-10 15:10:36.880142,1142710,22220
2026-03-10 15:10:36.880142,2073620,21852
2026-03-10 15:10:36.880142,2300320,21778
2026-03-10 15:10:36.880142,4000,21384
2026-03-10 15:10:36.880142,489830,21266
2026-03-10 15:10:36.880142,892970,21106
2026-03-10 15:10:36.880142,550,20792
2026-03-10 15:10:36.880142,250900,20694
2026-03-10 15:10:36.880142,284160,19936
2026-03-10 15:10:36.880142,2358720,19734
2026-03-10 15:10:36.880142,1158310,19568
2026-03-10 15:10:36.880142,526870,19550
2026-03-10 15:10:36.880142,1818450,19018
2026-03-10 15:10:36.880142,766570,18538
2026-03-10 15:10:36.880142,813780,18485
2026-03-10 15:10:36.880142,2183900,18430
2026-03-10 15:10:36.880142,2221490,17871
2026-03-10 15:10:36.880142,1426210,17815
2026-03-10 15:10:36.880142,377160,17692
2026-03-10 15:10:36.880142,1325860,17593
2026-03-10 15:10:36.880142,2252570,17387
2026-03-10 15:10:36.880142,240,17302
2026-03-10 15:10:36.880142,582010,17149
2026-03-10 15:10:36.880142,629520,16252
2026-03-10 15:10:36.880142,393380,15988
2026-03-10 15:10:36.880142,2923300,15812
2026-03-10 15:10:36.880142,1049590,15753
2026-03-10 16:15:15.935903,730,1270408
2026-03-10 16:15:15.935903,570,563028
2026-03-10 16:15:15.935903,2868840,420437
2026-03-10 16:15:15.935903,578080,404283
2026-03-10 16:15:15.935903,252490,144945
2026-03-10 16:15:15.935903,3419430,136461
2026-03-10 16:15:15.935903,2676230,133209
2026-03-10 16:15:15.935903,1172470,126188
2026-03-10 16:15:15.935903,238960,113557
2026-03-10 16:15:15.935903,1808500,107849
2026-03-10 16:15:15.935903,2507950,99939
2026-03-10 16:15:15.935903,431960,95639
2026-03-10 16:15:15.935903,271590,93147
2026-03-10 16:15:15.935903,3764200,79253
2026-03-10 16:15:15.935903,236390,73583
2026-03-10 16:15:15.935903,2357570,72376
2026-03-10 16:15:15.935903,322170,66639
2026-03-10 16:15:15.935903,1422450,65709
2026-03-10 16:15:15.935903,359550,64936
2026-03-10 16:15:15.935903,413150,63233
2026-03-10 16:15:15.935903,3240220,54901
2026-03-10 16:15:15.935903,440,53731
2026-03-10 16:15:15.935903,230410,52937
2026-03-10 16:15:15.935903,438100,51739
2026-03-10 16:15:15.935903,105600,48447
2026-03-10 16:15:15.935903,3405690,48394
2026-03-10 16:15:15.935903,221100,46416
2026-03-10 16:15:15.935903,381210,45227
2026-03-10 16:15:15.935903,2767030,43527
2026-03-10 16:15:15.935903,553850,42729
2026-03-10 16:15:15.935903,1086940,41704
2026-03-10 16:15:15.935903,394360,40308
2026-03-10 16:15:15.935903,1281930,37802
2026-03-10 16:15:15.935903,1366800,37688
2026-03-10 16:15:15.935903,3564740,36940
2026-03-10 16:15:15.935903,227300,36848
2026-03-10 16:15:15.935903,4025700,36642
2026-03-10 16:15:15.935903,686060,36603
2026-03-10 16:15:15.935903,1203220,35961
2026-03-10 16:15:15.935903,1973530,35523
2026-03-10 16:15:15.935903,2807960,35255
2026-03-10 16:15:15.935903,3065800,34856
2026-03-10 16:15:15.935903,4465480,34667
2026-03-10 16:15:15.935903,3551340,34267
2026-03-10 16:15:15.935903,2246340,34176
2026-03-10 16:15:15.935903,3241660,33327
2026-03-10 16:15:15.935903,1623730,32792
2026-03-10 16:15:15.935903,289070,32026
2026-03-10 16:15:15.935903,646570,30975
2026-03-10 16:15:15.935903,2399830,30741
2026-03-10 16:15:15.935903,294100,29922
2026-03-10 16:15:15.935903,1174180,27888
2026-03-10 16:15:15.935903,108600,27506
2026-03-10 16:15:15.935903,1222670,27409
2026-03-10 16:15:15.935903,1938090,26162
2026-03-10 16:15:15.935903,2300320,25599
2026-03-10 16:15:15.935903,1245620,25345
2026-03-10 16:15:15.935903,1091500,25281
2026-03-10 16:15:15.935903,582660,24729
2026-03-10 16:15:15.935903,261550,24648
2026-03-10 16:15:15.935903,1905180,24640
2026-03-10 16:15:15.935903,322330,23989
2026-03-10 16:15:15.935903,2622380,23908
2026-03-10 16:15:15.935903,2050650,23270
2026-03-10 16:15:15.935903,251570,23145
2026-03-10 16:15:15.935903,4000,22976
2026-03-10 16:15:15.935903,346110,22954
2026-03-10 16:15:15.935903,892970,22573
2026-03-10 16:15:15.935903,489830,22383
2026-03-10 16:15:15.935903,3472040,22296
2026-03-10 16:15:15.935903,284160,22094
2026-03-10 16:15:15.935903,2073620,22025
2026-03-10 16:15:15.935903,1142710,21895
2026-03-10 16:15:15.935903,1771300,21325
2026-03-10 16:15:15.935903,526870,20927
2026-03-10 16:15:15.935903,1364780,20506
2026-03-10 16:15:15.935903,1818450,20434
2026-03-10 16:15:15.935903,1449850,20049
2026-03-10 16:15:15.935903,250900,19871
2026-03-10 16:15:15.935903,1158310,19571
2026-03-10 16:15:15.935903,255710,19498
2026-03-10 16:15:15.935903,377160,18850
2026-03-10 16:15:15.935903,2221490,18582
2026-03-10 16:15:15.935903,550,18552
2026-03-10 16:15:15.935903,594650,17784
2026-03-10 16:15:15.935903,252950,17768
2026-03-10 16:15:15.935903,813780,17764
2026-03-10 16:15:15.935903,2183900,17281
2026-03-10 16:15:15.935903,3527290,17016
2026-03-10 16:15:15.935903,2252570,16924
2026-03-10 16:15:15.935903,766570,16908
2026-03-10 16:15:15.935903,2923300,16743
2026-03-10 16:15:15.935903,427520,16532
2026-03-10 16:15:15.935903,629520,16299
2026-03-10 16:15:15.935903,1149460,14891
2026-03-10 16:15:15.935903,1665460,14815
2026-03-10 16:15:15.935903,2139460,14587
2026-03-10 16:15:15.935903,292030,14561
2026-03-10 16:15:15.935903,39210,14546
2026-03-10 16:15:15.935903,1476970,14398
2026-03-10 17:09:25.224389,730,1280487
2026-03-10 17:09:25.224389,570,551320
2026-03-10 17:09:25.224389,2868840,320730
2026-03-10 17:09:25.224389,578080,308345
2026-03-10 17:09:25.224389,252490,150167
2026-03-10 17:09:25.224389,2676230,143529
2026-03-10 17:09:25.224389,3419430,132135
2026-03-10 17:09:25.224389,1808500,122393
2026-03-10 17:09:25.224389,238960,119733
2026-03-10 17:09:25.224389,1172470,105363
2026-03-10 17:09:25.224389,271590,93954
2026-03-10 17:09:25.224389,431960,79380
2026-03-10 17:09:25.224389,3764200,75248
2026-03-10 17:09:25.224389,2507950,74103
2026-03-10 17:09:25.224389,2357570,73987
2026-03-10 17:09:25.224389,236390,73895
2026-03-10 17:09:25.224389,322170,72039
2026-03-10 17:09:25.224389,359550,71895
2026-03-10 17:09:25.224389,1422450,68853
2026-03-10 17:09:25.224389,440,57462
2026-03-10 17:09:25.224389,413150,55854
2026-03-10 17:09:25.224389,3405690,50809
2026-03-10 17:09:25.224389,230410,50145
2026-03-10 17:09:25.224389,3240220,49575
2026-03-10 17:09:25.224389,221100,49357
2026-03-10 17:09:25.224389,2767030,49071
2026-03-10 17:09:25.224389,438100,47542
2026-03-10 17:09:25.224389,381210,46240
2026-03-10 17:09:25.224389,105600,44973
2026-03-10 17:09:25.224389,553850,43493
2026-03-10 17:09:25.224389,1086940,43138
2026-03-10 17:09:25.224389,394360,39947
2026-03-10 17:09:25.224389,1366800,39450
2026-03-10 17:09:25.224389,227300,39039
2026-03-10 17:09:25.224389,686060,38182
2026-03-10 17:09:25.224389,2807960,37837
2026-03-10 17:09:25.224389,3065800,37350
2026-03-10 17:09:25.224389,4465480,36406
2026-03-10 17:09:25.224389,3551340,34920
2026-03-10 17:09:25.224389,1281930,33906
2026-03-10 17:09:25.224389,4025700,33062
2026-03-10 17:09:25.224389,3564740,32184
2026-03-10 17:09:25.224389,2399830,30185
2026-03-10 17:09:25.224389,1973530,29478
2026-03-10 17:09:25.224389,2300320,29335
2026-03-10 17:09:25.224389,289070,29295
2026-03-10 17:09:25.224389,3241660,28754
2026-03-10 17:09:25.224389,1623730,28707
2026-03-10 17:09:25.224389,1938090,28561
2026-03-10 17:09:25.224389,1222670,28308
2026-03-10 17:09:25.224389,2246340,28183
2026-03-10 17:09:25.224389,294100,28143
2026-03-10 17:09:25.224389,108600,27800
2026-03-10 17:09:25.224389,1174180,25894
2026-03-10 17:09:25.224389,582660,25404
2026-03-10 17:09:25.224389,4000,25123
2026-03-10 17:09:25.224389,892970,24706
2026-03-10 17:09:25.224389,646570,24695
2026-03-10 17:09:25.224389,1245620,24351
2026-03-10 17:09:25.224389,284160,24198
2026-03-10 17:09:25.224389,1091500,24153
2026-03-10 17:09:25.224389,489830,23639
2026-03-10 17:09:25.224389,2073620,23428
2026-03-10 17:09:25.224389,1905180,23251
2026-03-10 17:09:25.224389,261550,23198
2026-03-10 17:09:25.224389,1203220,22779
2026-03-10 17:09:25.224389,526870,22427
2026-03-10 17:09:25.224389,251570,22358
2026-03-10 17:09:25.224389,1818450,21983
2026-03-10 17:09:25.224389,2050650,21750
2026-03-10 17:09:25.224389,1142710,21674
2026-03-10 17:09:25.224389,346110,21597
2026-03-10 17:09:25.224389,252950,21435
2026-03-10 17:09:25.224389,1771300,20682
2026-03-10 17:09:25.224389,377160,20230
2026-03-10 17:09:25.224389,1158310,19951
2026-03-10 17:09:25.224389,250900,19675
2026-03-10 17:09:25.224389,2221490,19277
2026-03-10 17:09:25.224389,3472040,18675
2026-03-10 17:09:25.224389,550,18147
2026-03-10 17:09:25.224389,1151340,18049
2026-03-10 17:09:25.224389,322330,17988
2026-03-10 17:09:25.224389,2622380,17796
2026-03-10 17:09:25.224389,427520,17568
2026-03-10 17:09:25.224389,813780,17538
2026-03-10 17:09:25.224389,2183900,17474
2026-03-10 17:09:25.224389,255710,16927
2026-03-10 17:09:25.224389,2252570,16668
2026-03-10 17:09:25.224389,629520,16549
2026-03-10 17:09:25.224389,2923300,16514
2026-03-10 17:09:25.224389,1449850,16512
2026-03-10 17:09:25.224389,1149460,16079
2026-03-10 17:09:25.224389,766570,15665
2026-03-10 17:09:25.224389,594650,15587
2026-03-10 17:09:25.224389,39210,15573
2026-03-10 17:09:25.224389,1665460,15411
2026-03-10 17:09:25.224389,8930,14982
2026-03-10 17:09:25.224389,3527290,14815
2026-03-10 17:09:25.224389,292030,14737
2026-03-10 17:09:25.224389,1476970,14714
2026-03-10 18:01:03.092546,730,1307425
2026-03-10 18:01:03.092546,570,542260
2026-03-10 18:01:03.092546,2868840,261956
2026-03-10 18:01:03.092546,578080,253919
2026-03-10 18:01:03.092546,2676230,152097
2026-03-10 18:01:03.092546,252490,150527
2026-03-10 18:01:03.092546,1808500,135313
2026-03-10 18:01:03.092546,3419430,129244
2026-03-10 18:01:03.092546,238960,123669
2026-03-10 18:01:03.092546,1172470,103273
2026-03-10 18:01:03.092546,271590,93807
2026-03-10 18:01:03.092546,1422450,79288
2026-03-10 18:01:03.092546,359550,78287
2026-03-10 18:01:03.092546,322170,76512
2026-03-10 18:01:03.092546,236390,76161
2026-03-10 18:01:03.092546,2357570,74853
2026-03-10 18:01:03.092546,3764200,74342
2026-03-10 18:01:03.092546,431960,67564
2026-03-10 18:01:03.092546,2507950,58801
2026-03-10 18:01:03.092546,440,55374
2026-03-10 18:01:03.092546,413150,54342
2026-03-10 18:01:03.092546,2767030,52860
2026-03-10 18:01:03.092546,221100,52696
2026-03-10 18:01:03.092546,3405690,49380
2026-03-10 18:01:03.092546,230410,48541
2026-03-10 18:01:03.092546,381210,47650
2026-03-10 18:01:03.092546,3240220,46834
2026-03-10 18:01:03.092546,105600,46157
2026-03-10 18:01:03.092546,553850,46028
2026-03-10 18:01:03.092546,1086940,45882
2026-03-10 18:01:03.092546,1366800,42002
2026-03-10 18:01:03.092546,2807960,41274
2026-03-10 18:01:03.092546,227300,40650
2026-03-10 18:01:03.092546,394360,40426
2026-03-10 18:01:03.092546,3065800,40186
2026-03-10 18:01:03.092546,686060,39684
2026-03-10 18:01:03.092546,438100,37177
2026-03-10 18:01:03.092546,4465480,36875
2026-03-10 18:01:03.092546,3551340,35813
2026-03-10 18:01:03.092546,2300320,33340
2026-03-10 18:01:03.092546,1938090,31138
2026-03-10 18:01:03.092546,2399830,29907
2026-03-10 18:01:03.092546,1281930,29891
2026-03-10 18:01:03.092546,4025700,29356
2026-03-10 18:01:03.092546,1222670,29310
2026-03-10 18:01:03.092546,3241660,28663
2026-03-10 18:01:03.092546,3564740,28435
2026-03-10 18:01:03.092546,108600,28277
2026-03-10 18:01:03.092546,289070,27795
2026-03-10 18:01:03.092546,294100,27217
2026-03-10 18:01:03.092546,892970,26988
2026-03-10 18:01:03.092546,4000,26325
2026-03-10 18:01:03.092546,1623730,26281
2026-03-10 18:01:03.092546,582660,25877
2026-03-10 18:01:03.092546,284160,25804
2026-03-10 18:01:03.092546,1973530,25644
2026-03-10 18:01:03.092546,1174180,25454
2026-03-10 18:01:03.092546,489830,24727
2026-03-10 18:01:03.092546,2073620,24458
2026-03-10 18:01:03.092546,1245620,24293
2026-03-10 18:01:03.092546,2246340,24271
2026-03-10 18:01:03.092546,252950,24006
2026-03-10 18:01:03.092546,526870,23868
2026-03-10 18:01:03.092546,1091500,23827
2026-03-10 18:01:03.092546,251570,22580
2026-03-10 18:01:03.092546,261550,22463
2026-03-10 18:01:03.092546,1142710,22430
2026-03-10 18:01:03.092546,1818450,22269
2026-03-10 18:01:03.092546,1905180,22050
2026-03-10 18:01:03.092546,377160,21374
2026-03-10 18:01:03.092546,346110,21107
2026-03-10 18:01:03.092546,646570,21105
2026-03-10 18:01:03.092546,2050650,21072
2026-03-10 18:01:03.092546,1771300,20810
2026-03-10 18:01:03.092546,1158310,20386
2026-03-10 18:01:03.092546,250900,20238
2026-03-10 18:01:03.092546,2221490,20225
2026-03-10 18:01:03.092546,1151340,19313
2026-03-10 18:01:03.092546,427520,18526
2026-03-10 18:01:03.092546,2183900,18014
2026-03-10 18:01:03.092546,813780,17939
2026-03-10 18:01:03.092546,550,17506
2026-03-10 18:01:03.092546,1149460,17253
2026-03-10 18:01:03.092546,629520,17212
2026-03-10 18:01:03.092546,240,17131
2026-03-10 18:01:03.092546,39210,17074
2026-03-10 18:01:03.092546,2252570,16700
2026-03-10 18:01:03.092546,3472040,15961
2026-03-10 18:01:03.092546,739630,15771
2026-03-10 18:01:03.092546,594650,15727
2026-03-10 18:01:03.092546,255710,15662
2026-03-10 18:01:03.092546,8930,15439
2026-03-10 18:01:03.092546,3527290,15108
2026-03-10 18:01:03.092546,1203220,15056
2026-03-10 18:01:03.092546,292030,15004
2026-03-10 18:01:03.092546,322330,14903
2026-03-10 18:01:03.092546,3164500,14859
2026-03-10 18:01:03.092546,1476970,14833
2026-03-10 18:01:03.092546,766570,14716
2026-03-10 18:01:03.092546,2622380,14548
2026-03-10 19:03:17.180137,730,1330030
2026-03-10 19:03:17.180137,570,531812
2026-03-10 19:03:17.180137,2868840,241216
2026-03-10 19:03:17.180137,578080,227424
2026-03-10 19:03:17.180137,2676230,168609
2026-03-10 19:03:17.180137,1808500,149322
2026-03-10 19:03:17.180137,252490,146760
2026-03-10 19:03:17.180137,238960,126538
2026-03-10 19:03:17.180137,3419430,122715
2026-03-10 19:03:17.180137,1172470,92754
2026-03-10 19:03:17.180137,271590,92099
2026-03-10 19:03:17.180137,359550,85875
2026-03-10 19:03:17.180137,1422450,85806
2026-03-10 19:03:17.180137,322170,79572
2026-03-10 19:03:17.180137,236390,77057
2026-03-10 19:03:17.180137,3764200,75455
2026-03-10 19:03:17.180137,431960,61457
2026-03-10 19:03:17.180137,2767030,58385
2026-03-10 19:03:17.180137,440,56442
2026-03-10 19:03:17.180137,2357570,55414
2026-03-10 19:03:17.180137,413150,55150
2026-03-10 19:03:17.180137,221100,53919
2026-03-10 19:03:17.180137,3405690,53873
2026-03-10 19:03:17.180137,2507950,51275
2026-03-10 19:03:17.180137,1086940,50376
2026-03-10 19:03:17.180137,381210,49718
2026-03-10 19:03:17.180137,553850,49555
2026-03-10 19:03:17.180137,230410,48127
2026-03-10 19:03:17.180137,105600,47615
2026-03-10 19:03:17.180137,2807960,46184
2026-03-10 19:03:17.180137,3240220,45422
2026-03-10 19:03:17.180137,1366800,43066
2026-03-10 19:03:17.180137,3065800,42750
2026-03-10 19:03:17.180137,227300,42218
2026-03-10 19:03:17.180137,686060,40795
2026-03-10 19:03:17.180137,394360,40509
2026-03-10 19:03:17.180137,3551340,37773
2026-03-10 19:03:17.180137,2300320,36562
2026-03-10 19:03:17.180137,438100,35723
2026-03-10 19:03:17.180137,4465480,35073
2026-03-10 19:03:17.180137,1938090,33545
2026-03-10 19:03:17.180137,1222670,29915
2026-03-10 19:03:17.180137,892970,29500
2026-03-10 19:03:17.180137,3241660,29433
2026-03-10 19:03:17.180137,108600,28599
2026-03-10 19:03:17.180137,1281930,27940
2026-03-10 19:03:17.180137,289070,27501
2026-03-10 19:03:17.180137,252950,27421
2026-03-10 19:03:17.180137,294100,26875
2026-03-10 19:03:17.180137,4000,26710
2026-03-10 19:03:17.180137,4025700,26646
2026-03-10 19:03:17.180137,284160,26572
2026-03-10 19:03:17.180137,3564740,26327
2026-03-10 19:03:17.180137,582660,26049
2026-03-10 19:03:17.180137,2399830,25999
2026-03-10 19:03:17.180137,1174180,25692
2026-03-10 19:03:17.180137,2073620,25340
2026-03-10 19:03:17.180137,489830,25301
2026-03-10 19:03:17.180137,526870,25196
2026-03-10 19:03:17.180137,1623730,24876
2026-03-10 19:03:17.180137,1245620,24561
2026-03-10 19:03:17.180137,1091500,24036
2026-03-10 19:03:17.180137,1973530,23768
2026-03-10 19:03:17.180137,1142710,23234
2026-03-10 19:03:17.180137,251570,23078
2026-03-10 19:03:17.180137,2246340,22388
2026-03-10 19:03:17.180137,377160,22352
2026-03-10 19:03:17.180137,261550,22223
2026-03-10 19:03:17.180137,1771300,21673
2026-03-10 19:03:17.180137,1158310,21154
2026-03-10 19:03:17.180137,2050650,21090
2026-03-10 19:03:17.180137,1905180,21066
2026-03-10 19:03:17.180137,2221490,21036
2026-03-10 19:03:17.180137,346110,20565
2026-03-10 19:03:17.180137,250900,20547
2026-03-10 19:03:17.180137,646570,19867
2026-03-10 19:03:17.180137,427520,19543
2026-03-10 19:03:17.180137,1151340,19251
2026-03-10 19:03:17.180137,2183900,18971
2026-03-10 19:03:17.180137,1818450,18825
2026-03-10 19:03:17.180137,813780,18714
2026-03-10 19:03:17.180137,39210,18571
2026-03-10 19:03:17.180137,1149460,18448
2026-03-10 19:03:17.180137,739630,18151
2026-03-10 19:03:17.180137,629520,17360
2026-03-10 19:03:17.180137,550,17269
2026-03-10 19:03:17.180137,2252570,17253
2026-03-10 19:03:17.180137,3164500,16347
2026-03-10 19:03:17.180137,594650,16208
2026-03-10 19:03:17.180137,8930,15815
2026-03-10 19:03:17.180137,292030,15416
2026-03-10 19:03:17.180137,3527290,15405
2026-03-10 19:03:17.180137,1874880,15073
2026-03-10 19:03:17.180137,1203620,15026
2026-03-10 19:03:17.180137,255710,14977
2026-03-10 19:03:17.180137,1476970,14879
2026-03-10 19:03:17.180137,3472040,14851
2026-03-10 19:03:17.180137,1449850,14769
2026-03-10 19:03:17.180137,306130,14668
2026-03-10 19:03:17.180137,393380,14634
2026-03-10 19:46:00.148745,730,1317077
2026-03-10 19:46:00.148745,570,515972
2026-03-10 19:46:00.148745,2868840,235222
2026-03-10 19:46:00.148745,578080,205333
2026-03-10 19:46:00.148745,2676230,173746
2026-03-10 19:46:00.148745,1808500,157769
2026-03-10 19:46:00.148745,252490,140406
2026-03-10 19:46:00.148745,238960,127003
2026-03-10 19:46:00.148745,3419430,121950
2026-03-10 19:46:00.148745,1422450,90859
2026-03-10 19:46:00.148745,359550,89094
2026-03-10 19:46:00.148745,271590,87636
2026-03-10 19:46:00.148745,1172470,83359
2026-03-10 19:46:00.148745,322170,80820
2026-03-10 19:46:00.148745,2357570,79514
2026-03-10 19:46:00.148745,3764200,75800
2026-03-10 19:46:00.148745,236390,74774
2026-03-10 19:46:00.148745,2767030,62529
2026-03-10 19:46:00.148745,440,58046
2026-03-10 19:46:00.148745,431960,57037
2026-03-10 19:46:00.148745,413150,56222
2026-03-10 19:46:00.148745,1086940,54082
2026-03-10 19:46:00.148745,221100,53355
2026-03-10 19:46:00.148745,3405690,53353
2026-03-10 19:46:00.148745,553850,52641
2026-03-10 19:46:00.148745,381210,50836
2026-03-10 19:46:00.148745,2807960,49510
2026-03-10 19:46:00.148745,230410,47549
2026-03-10 19:46:00.148745,3065800,46658
2026-03-10 19:46:00.148745,2507950,46344
2026-03-10 19:46:00.148745,105600,45698
2026-03-10 19:46:00.148745,3240220,43733
2026-03-10 19:46:00.148745,1366800,43324
2026-03-10 19:46:00.148745,686060,41872
2026-03-10 19:46:00.148745,227300,41204
2026-03-10 19:46:00.148745,394360,40187
2026-03-10 19:46:00.148745,3551340,39655
2026-03-10 19:46:00.148745,2300320,37072
2026-03-10 19:46:00.148745,438100,36489
2026-03-10 19:46:00.148745,1938090,35211
2026-03-10 19:46:00.148745,4465480,33123
2026-03-10 19:46:00.148745,892970,30690
2026-03-10 19:46:00.148745,1222670,30250
2026-03-10 19:46:00.148745,3241660,30145
2026-03-10 19:46:00.148745,252950,30022
2026-03-10 19:46:00.148745,108600,28967
2026-03-10 19:46:00.148745,1281930,28027
2026-03-10 19:46:00.148745,289070,27526
2026-03-10 19:46:00.148745,294100,26477
2026-03-10 19:46:00.148745,284160,26192
2026-03-10 19:46:00.148745,4000,26153
2026-03-10 19:46:00.148745,526870,26077
2026-03-10 19:46:00.148745,489830,25951
2026-03-10 19:46:00.148745,582660,25725
2026-03-10 19:46:00.148745,1245620,25507
2026-03-10 19:46:00.148745,2073620,25441
2026-03-10 19:46:00.148745,1174180,25332
2026-03-10 19:46:00.148745,3564740,25033
2026-03-10 19:46:00.148745,4025700,24738
2026-03-10 19:46:00.148745,1623730,24280
2026-03-10 19:46:00.148745,1091500,24170
2026-03-10 19:46:00.148745,1142710,23923
2026-03-10 19:46:00.148745,251570,23323
2026-03-10 19:46:00.148745,377160,22795
2026-03-10 19:46:00.148745,1973530,22649
2026-03-10 19:46:00.148745,261550,22102
2026-03-10 19:46:00.148745,1771300,22083
2026-03-10 19:46:00.148745,2399830,21966
2026-03-10 19:46:00.148745,2246340,21714
2026-03-10 19:46:00.148745,1158310,21700
2026-03-10 19:46:00.148745,2221490,21517
2026-03-10 19:46:00.148745,2050650,21131
2026-03-10 19:46:00.148745,250900,20661
2026-03-10 19:46:00.148745,427520,20218
2026-03-10 19:46:00.148745,346110,20030
2026-03-10 19:46:00.148745,739630,19978
2026-03-10 19:46:00.148745,1905180,19583
2026-03-10 19:46:00.148745,813780,19525
2026-03-10 19:46:00.148745,2183900,19458
2026-03-10 19:46:00.148745,39210,19330
2026-03-10 19:46:00.148745,646570,19148
2026-03-10 19:46:00.148745,1151340,18852
2026-03-10 19:46:00.148745,1149460,18785
2026-03-10 19:46:00.148745,2252570,17836
2026-03-10 19:46:00.148745,550,17815
2026-03-10 19:46:00.148745,3164500,17300
2026-03-10 19:46:00.148745,629520,16698
2026-03-10 19:46:00.148745,594650,16412
2026-03-10 19:46:00.148745,1818450,16171
2026-03-10 19:46:00.148745,1203620,16031
2026-03-10 19:46:00.148745,8930,15916
2026-03-10 19:46:00.148745,1874880,15821
2026-03-10 19:46:00.148745,3527290,15585
2026-03-10 19:46:00.148745,2923300,15421
2026-03-10 19:46:00.148745,292030,15256
2026-03-10 19:46:00.148745,1476970,14789
2026-03-10 19:46:00.148745,306130,14750
2026-03-10 19:46:00.148745,255710,14642
2026-03-10 19:46:00.148745,3472040,14409
2026-03-10 19:46:00.148745,244210,14402
2026-03-10 20:04:38.425539,730,1294504
2026-03-10 20:04:38.425539,570,495496
2026-03-10 20:04:38.425539,2868840,234212
2026-03-10 20:04:38.425539,578080,196731
2026-03-10 20:04:38.425539,2676230,175368
2026-03-10 20:04:38.425539,1808500,161383
2026-03-10 20:04:38.425539,252490,135361
2026-03-10 20:04:38.425539,238960,126736
2026-03-10 20:04:38.425539,3419430,121388
2026-03-10 20:04:38.425539,1422450,92526
2026-03-10 20:04:38.425539,2357570,84595
2026-03-10 20:04:38.425539,271590,84241
2026-03-10 20:04:38.425539,359550,81703
2026-03-10 20:04:38.425539,1172470,81470
2026-03-10 20:04:38.425539,322170,81244
2026-03-10 20:04:38.425539,3764200,75907
2026-03-10 20:04:38.425539,236390,72934
2026-03-10 20:04:38.425539,2767030,64165
2026-03-10 20:04:38.425539,440,57660
2026-03-10 20:04:38.425539,413150,56675
2026-03-10 20:04:38.425539,431960,55232
2026-03-10 20:04:38.425539,1086940,55040
2026-03-10 20:04:38.425539,3405690,53866
2026-03-10 20:04:38.425539,553850,53469
2026-03-10 20:04:38.425539,221100,52394
2026-03-10 20:04:38.425539,381210,50888
2026-03-10 20:04:38.425539,2807960,50342
2026-03-10 20:04:38.425539,3065800,47995
2026-03-10 20:04:38.425539,230410,47299
2026-03-10 20:04:38.425539,105600,44948
2026-03-10 20:04:38.425539,2507950,44311
2026-03-10 20:04:38.425539,1366800,43201
2026-03-10 20:04:38.425539,3240220,42945
2026-03-10 20:04:38.425539,686060,42163
2026-03-10 20:04:38.425539,227300,40539
2026-03-10 20:04:38.425539,3551340,40264
2026-03-10 20:04:38.425539,394360,39818
2026-03-10 20:04:38.425539,438100,36906
2026-03-10 20:04:38.425539,2300320,36236
2026-03-10 20:04:38.425539,1938090,35507
2026-03-10 20:04:38.425539,252950,31222
2026-03-10 20:04:38.425539,4465480,31058
2026-03-10 20:04:38.425539,892970,30765
2026-03-10 20:04:38.425539,1222670,30077
2026-03-10 20:04:38.425539,3241660,29939
2026-03-10 20:04:38.425539,108600,29083
2026-03-10 20:04:38.425539,1281930,27839
2026-03-10 20:04:38.425539,289070,27557
2026-03-10 20:04:38.425539,526870,26276
2026-03-10 20:04:38.425539,294100,26155
2026-03-10 20:04:38.425539,489830,26078
2026-03-10 20:04:38.425539,4000,25846
2026-03-10 20:04:38.425539,1245620,25688
2026-03-10 20:04:38.425539,284160,25570
2026-03-10 20:04:38.425539,582660,25544
2026-03-10 20:04:38.425539,2073620,25468
2026-03-10 20:04:38.425539,1174180,25159
2026-03-10 20:04:38.425539,3564740,24344
2026-03-10 20:04:38.425539,1091500,24246
2026-03-10 20:04:38.425539,4025700,24111
2026-03-10 20:04:38.425539,1142710,24081
2026-03-10 20:04:38.425539,1623730,24053
2026-03-10 20:04:38.425539,251570,23190
2026-03-10 20:04:38.425539,377160,23068
2026-03-10 20:04:38.425539,2399830,22211
2026-03-10 20:04:38.425539,1973530,22183
2026-03-10 20:04:38.425539,261550,22138
2026-03-10 20:04:38.425539,1771300,22075
2026-03-10 20:04:38.425539,1158310,21851
2026-03-10 20:04:38.425539,2246340,21699
2026-03-10 20:04:38.425539,2221490,21629
2026-03-10 20:04:38.425539,2050650,21013
2026-03-10 20:04:38.425539,250900,20694
2026-03-10 20:04:38.425539,427520,20377
2026-03-10 20:04:38.425539,240,20216
2026-03-10 20:04:38.425539,739630,20147
2026-03-10 20:04:38.425539,813780,19982
2026-03-10 20:04:38.425539,346110,19685
2026-03-10 20:04:38.425539,39210,19633
2026-03-10 20:04:38.425539,2183900,19613
2026-03-10 20:04:38.425539,1151340,19519
2026-03-10 20:04:38.425539,646570,19112
2026-03-10 20:04:38.425539,1905180,18774
2026-03-10 20:04:38.425539,1149460,18773
2026-03-10 20:04:38.425539,2252570,18023
2026-03-10 20:04:38.425539,550,18003
2026-03-10 20:04:38.425539,3164500,17748
2026-03-10 20:04:38.425539,1203620,16333
2026-03-10 20:04:38.425539,629520,16295
2026-03-10 20:04:38.425539,594650,16182
2026-03-10 20:04:38.425539,1874880,15958
2026-03-10 20:04:38.425539,8930,15896
2026-03-10 20:04:38.425539,3527290,15531
2026-03-10 20:04:38.425539,292030,15038
2026-03-10 20:04:38.425539,1476970,14713
2026-03-10 20:04:38.425539,2923300,14713
2026-03-10 20:04:38.425539,306130,14690
2026-03-10 20:04:38.425539,255710,14484
2026-03-10 20:04:38.425539,244210,14318
2026-03-10 20:04:38.425539,3472040,14198
2026-03-10 20:47:56.611760,730,1224939
2026-03-10 20:47:56.611760,570,419950
2026-03-10 20:47:56.611760,2868840,232556
2026-03-10 20:47:56.611760,578080,177427
2026-03-10 20:47:56.611760,2676230,174693
2026-03-10 20:47:56.611760,1808500,166771
2026-03-10 20:47:56.611760,252490,126102
2026-03-10 20:47:56.611760,238960,123945
2026-03-10 20:47:56.611760,3419430,112155
2026-03-10 20:47:56.611760,1422450,93876
2026-03-10 20:47:56.611760,2357570,90271
2026-03-10 20:47:56.611760,322170,77713
2026-03-10 20:47:56.611760,271590,76635
2026-03-10 20:47:56.611760,1172470,76003
2026-03-10 20:47:56.611760,3764200,75668
2026-03-10 20:47:56.611760,359550,70745
2026-03-10 20:47:56.611760,2767030,66674
2026-03-10 20:47:56.611760,236390,66443
2026-03-10 20:47:56.611760,413150,56549
2026-03-10 20:47:56.611760,1086940,56274
2026-03-10 20:47:56.611760,440,55013
2026-03-10 20:47:56.611760,553850,54429
2026-03-10 20:47:56.611760,431960,52221
2026-03-10 20:47:56.611760,3065800,50252
2026-03-10 20:47:56.611760,381210,49665
2026-03-10 20:47:56.611760,3405690,49631
2026-03-10 20:47:56.611760,2807960,49607
2026-03-10 20:47:56.611760,221100,49489
2026-03-10 20:47:56.611760,230410,46243
2026-03-10 20:47:56.611760,105600,43137
2026-03-10 20:47:56.611760,1366800,41963
2026-03-10 20:47:56.611760,686060,41933
2026-03-10 20:47:56.611760,2507950,41590
2026-03-10 20:47:56.611760,3551340,41427
2026-03-10 20:47:56.611760,3240220,39941
2026-03-10 20:47:56.611760,394360,37931
2026-03-10 20:47:56.611760,438100,37528
2026-03-10 20:47:56.611760,227300,36398
2026-03-10 20:47:56.611760,1938090,35253
2026-03-10 20:47:56.611760,2300320,32955
2026-03-10 20:47:56.611760,252950,31867
2026-03-10 20:47:56.611760,892970,30300
2026-03-10 20:47:56.611760,1222670,29546
2026-03-10 20:47:56.611760,3241660,28929
2026-03-10 20:47:56.611760,108600,28868
2026-03-10 20:47:56.611760,2923300,28050
2026-03-10 20:47:56.611760,289070,27142
2026-03-10 20:47:56.611760,240,27042
2026-03-10 20:47:56.611760,1281930,27003
2026-03-10 20:47:56.611760,4465480,26890
2026-03-10 20:47:56.611760,489830,26168
2026-03-10 20:47:56.611760,526870,25885
2026-03-10 20:47:56.611760,1245620,25700
2026-03-10 20:47:56.611760,552990,25639
2026-03-10 20:47:56.611760,294100,25548
2026-03-10 20:47:56.611760,582660,25070
2026-03-10 20:47:56.611760,2073620,24563
2026-03-10 20:47:56.611760,4000,24348
2026-03-10 20:47:56.611760,1174180,24101
2026-03-10 20:47:56.611760,1091500,23990
2026-03-10 20:47:56.611760,284160,23870
2026-03-10 20:47:56.611760,1142710,23838
2026-03-10 20:47:56.611760,1623730,23629
2026-03-10 20:47:56.611760,377160,23044
2026-03-10 20:47:56.611760,2399830,23026
2026-03-10 20:47:56.611760,4025700,22843
2026-03-10 20:47:56.611760,3564740,22819
2026-03-10 20:47:56.611760,251570,22391
2026-03-10 20:47:56.611760,1973530,21956
2026-03-10 20:47:56.611760,1158310,21601
2026-03-10 20:47:56.611760,1771300,21587
2026-03-10 20:47:56.611760,261550,21577
2026-03-10 20:47:56.611760,2246340,21459
2026-03-10 20:47:56.611760,2221490,21282
2026-03-10 20:47:56.611760,2050650,20416
2026-03-10 20:47:56.611760,250900,20151
2026-03-10 20:47:56.611760,427520,20146
2026-03-10 20:47:56.611760,813780,19990
2026-03-10 20:47:56.611760,739630,19815
2026-03-10 20:47:56.611760,39210,19536
2026-03-10 20:47:56.611760,2183900,19385
2026-03-10 20:47:56.611760,346110,18702
2026-03-10 20:47:56.611760,646570,18697
2026-03-10 20:47:56.611760,550,18688
2026-03-10 20:47:56.611760,2252570,18625
2026-03-10 20:47:56.611760,1151340,18308
2026-03-10 20:47:56.611760,1149460,18071
2026-03-10 20:47:56.611760,3164500,17800
2026-03-10 20:47:56.611760,218620,17695
2026-03-10 20:47:56.611760,1905180,17399
2026-03-10 20:47:56.611760,1203620,16348
2026-03-10 20:47:56.611760,1874880,15947
2026-03-10 20:47:56.611760,8930,15876
2026-03-10 20:47:56.611760,594650,15322
2026-03-10 20:47:56.611760,629520,15276
2026-03-10 20:47:56.611760,3527290,15231
2026-03-10 20:47:56.611760,1476970,14579
2026-03-10 20:47:56.611760,306130,14277
2026-03-10 20:47:56.611760,292030,14024
2026-03-10 20:47:56.611760,255710,13952
2026-03-10 21:19:12.859595,730,1089107
2026-03-10 21:19:12.859595,570,399658
2026-03-10 21:19:12.859595,2868840,229981
2026-03-10 21:19:12.859595,2676230,169755
2026-03-10 21:19:12.859595,1808500,166567
2026-03-10 21:19:12.859595,578080,157132
2026-03-10 21:19:12.859595,238960,119275
2026-03-10 21:19:12.859595,252490,117210
2026-03-10 21:19:12.859595,3419430,110324
2026-03-10 21:19:12.859595,1422450,93704
2026-03-10 21:19:12.859595,2357570,90345
2026-03-10 21:19:12.859595,359550,88306
2026-03-10 21:19:12.859595,3764200,74328
2026-03-10 21:19:12.859595,322170,72774
2026-03-10 21:19:12.859595,1172470,71448
2026-03-10 21:19:12.859595,271590,69068
2026-03-10 21:19:12.859595,2767030,67308
2026-03-10 21:19:12.859595,236390,58611
2026-03-10 21:19:12.859595,413150,55259
2026-03-10 21:19:12.859595,1086940,54729
2026-03-10 21:19:12.859595,440,53325
2026-03-10 21:19:12.859595,553850,53172
2026-03-10 21:19:12.859595,3065800,51545
2026-03-10 21:19:12.859595,431960,50128
2026-03-10 21:19:12.859595,3405690,48726
2026-03-10 21:19:12.859595,381210,46929
2026-03-10 21:19:12.859595,2807960,46447
2026-03-10 21:19:12.859595,221100,45399
2026-03-10 21:19:12.859595,230410,44690
2026-03-10 21:19:12.859595,686060,41339
2026-03-10 21:19:12.859595,105600,41320
2026-03-10 21:19:12.859595,3551340,41175
2026-03-10 21:19:12.859595,1366800,40081
2026-03-10 21:19:12.859595,2507950,39567
2026-03-10 21:19:12.859595,438100,37650
2026-03-10 21:19:12.859595,3240220,37241
2026-03-10 21:19:12.859595,394360,35474
2026-03-10 21:19:12.859595,1938090,34739
2026-03-10 21:19:12.859595,252950,32014
2026-03-10 21:19:12.859595,227300,31504
2026-03-10 21:19:12.859595,1973530,30200
2026-03-10 21:19:12.859595,2300320,28948
2026-03-10 21:19:12.859595,892970,28790
2026-03-10 21:19:12.859595,1222670,28682
2026-03-10 21:19:12.859595,240,28285
2026-03-10 21:19:12.859595,108600,28269
2026-03-10 21:19:12.859595,2923300,27908
2026-03-10 21:19:12.859595,289070,26436
2026-03-10 21:19:12.859595,3241660,26010
2026-03-10 21:19:12.859595,489830,25954
2026-03-10 21:19:12.859595,1281930,25779
2026-03-10 21:19:12.859595,552990,25542
2026-03-10 21:19:12.859595,1245620,25059
2026-03-10 21:19:12.859595,294100,24797
2026-03-10 21:19:12.859595,582660,24773
2026-03-10 21:19:12.859595,526870,24750
2026-03-10 21:19:12.859595,2399830,23313
2026-03-10 21:19:12.859595,1091500,23200
2026-03-10 21:19:12.859595,2073620,23199
2026-03-10 21:19:12.859595,1623730,23153
2026-03-10 21:19:12.859595,4465480,23093
2026-03-10 21:19:12.859595,1142710,23058
2026-03-10 21:19:12.859595,1174180,22912
2026-03-10 21:19:12.859595,4000,22843
2026-03-10 21:19:12.859595,3564740,22825
2026-03-10 21:19:12.859595,377160,22710
2026-03-10 21:19:12.859595,4025700,22542
2026-03-10 21:19:12.859595,284160,21794
2026-03-10 21:19:12.859595,251570,21440
2026-03-10 21:19:12.859595,1158310,21238
2026-03-10 21:19:12.859595,2221490,20903
2026-03-10 21:19:12.859595,2246340,20869
2026-03-10 21:19:12.859595,1771300,20543
2026-03-10 21:19:12.859595,261550,20388
2026-03-10 21:19:12.859595,2050650,19947
2026-03-10 21:19:12.859595,250900,19621
2026-03-10 21:19:12.859595,550,19346
2026-03-10 21:19:12.859595,813780,19241
2026-03-10 21:19:12.859595,427520,19208
2026-03-10 21:19:12.859595,39210,19161
2026-03-10 21:19:12.859595,1151340,18658
2026-03-10 21:19:12.859595,2252570,18418
2026-03-10 21:19:12.859595,646570,18324
2026-03-10 21:19:12.859595,2183900,18283
2026-03-10 21:19:12.859595,739630,17942
2026-03-10 21:19:12.859595,346110,17700
2026-03-10 21:19:12.859595,218620,17657
2026-03-10 21:19:12.859595,3164500,17211
2026-03-10 21:19:12.859595,1149460,17104
2026-03-10 21:19:12.859595,1905180,16013
2026-03-10 21:19:12.859595,8930,15465
2026-03-10 21:19:12.859595,1203620,15395
2026-03-10 21:19:12.859595,1874880,15319
2026-03-10 21:19:12.859595,3527290,14507
2026-03-10 21:19:12.859595,1476970,14275
2026-03-10 21:19:12.859595,629520,14056
2026-03-10 21:19:12.859595,594650,13853
2026-03-10 21:19:12.859595,3472040,13727
2026-03-10 21:19:12.859595,306130,13584
2026-03-10 21:19:12.859595,255710,13312
2026-03-10 21:47:07.613936,730,1027543
2026-03-10 21:47:07.613936,570,391217
2026-03-10 21:47:07.613936,2868840,227169
2026-03-10 21:47:07.613936,2676230,167292
2026-03-10 21:47:07.613936,1808500,164354
2026-03-10 21:47:07.613936,578080,142775
2026-03-10 21:47:07.613936,238960,115440
2026-03-10 21:47:07.613936,252490,111322
2026-03-10 21:47:07.613936,3419430,107970
2026-03-10 21:47:07.613936,359550,94262
2026-03-10 21:47:07.613936,1422450,92839
2026-03-10 21:47:07.613936,2357570,89373
2026-03-10 21:47:07.613936,3764200,72985
2026-03-10 21:47:07.613936,322170,69267
2026-03-10 21:47:07.613936,1172470,68494
2026-03-10 21:47:07.613936,2767030,67825
2026-03-10 21:47:07.613936,271590,63829
2026-03-10 21:47:07.613936,413150,54076
2026-03-10 21:47:07.613936,236390,53723
2026-03-10 21:47:07.613936,440,52870
2026-03-10 21:47:07.613936,1086940,52827
2026-03-10 21:47:07.613936,553850,51486
2026-03-10 21:47:07.613936,3065800,51024
2026-03-10 21:47:07.613936,431960,48726
2026-03-10 21:47:07.613936,3405690,46324
2026-03-10 21:47:07.613936,381210,45236
2026-03-10 21:47:07.613936,2807960,43810
2026-03-10 21:47:07.613936,230410,43667
2026-03-10 21:47:07.613936,221100,43524
2026-03-10 21:47:07.613936,686060,40664
2026-03-10 21:47:07.613936,105600,40037
2026-03-10 21:47:07.613936,3551340,39649
2026-03-10 21:47:07.613936,1366800,38929
2026-03-10 21:47:07.613936,2507950,38266
2026-03-10 21:47:07.613936,438100,37806
2026-03-10 21:47:07.613936,3240220,35375
2026-03-10 21:47:07.613936,1938090,34188
2026-03-10 21:47:07.613936,394360,33465
2026-03-10 21:47:07.613936,252950,31007
2026-03-10 21:47:07.613936,1973530,29924
2026-03-10 21:47:07.613936,240,29808
2026-03-10 21:47:07.613936,227300,28620
2026-03-10 21:47:07.613936,2923300,28358
2026-03-10 21:47:07.613936,1222670,28015
2026-03-10 21:47:07.613936,108600,27670
2026-03-10 21:47:07.613936,892970,27282
2026-03-10 21:47:07.613936,2300320,26080
2026-03-10 21:47:07.613936,289070,25618
2026-03-10 21:47:07.613936,489830,25538
2026-03-10 21:47:07.613936,552990,25074
2026-03-10 21:47:07.613936,1281930,24720
2026-03-10 21:47:07.613936,582660,24542
2026-03-10 21:47:07.613936,1245620,24404
2026-03-10 21:47:07.613936,294100,24252
2026-03-10 21:47:07.613936,3241660,24246
2026-03-10 21:47:07.613936,526870,23447
2026-03-10 21:47:07.613936,2399830,23187
2026-03-10 21:47:07.613936,1623730,22704
2026-03-10 21:47:07.613936,3564740,22482
2026-03-10 21:47:07.613936,1091500,22408
2026-03-10 21:47:07.613936,4025700,22289
2026-03-10 21:47:07.613936,377160,22245
2026-03-10 21:47:07.613936,1142710,22185
2026-03-10 21:47:07.613936,2073620,22133
2026-03-10 21:47:07.613936,1174180,21827
2026-03-10 21:47:07.613936,4000,21797
2026-03-10 21:47:07.613936,4465480,21727
2026-03-10 21:47:07.613936,1158310,20726
2026-03-10 21:47:07.613936,284160,20651
2026-03-10 21:47:07.613936,251570,20603
2026-03-10 21:47:07.613936,2246340,20575
2026-03-10 21:47:07.613936,2221490,20401
2026-03-10 21:47:07.613936,261550,19608
2026-03-10 21:47:07.613936,2050650,19601
2026-03-10 21:47:07.613936,1771300,19475
2026-03-10 21:47:07.613936,550,19452
2026-03-10 21:47:07.613936,39210,18914
2026-03-10 21:47:07.613936,250900,18886
2026-03-10 21:47:07.613936,813780,18566
2026-03-10 21:47:07.613936,427520,18497
2026-03-10 21:47:07.613936,2252570,17986
2026-03-10 21:47:07.613936,646570,17923
2026-03-10 21:47:07.613936,218620,17729
2026-03-10 21:47:07.613936,1151340,17716
2026-03-10 21:47:07.613936,2183900,17528
2026-03-10 21:47:07.613936,346110,16976
2026-03-10 21:47:07.613936,3164500,16870
2026-03-10 21:47:07.613936,739630,16767
2026-03-10 21:47:07.613936,1149460,16474
2026-03-10 21:47:07.613936,1905180,15138
2026-03-10 21:47:07.613936,8930,14992
2026-03-10 21:47:07.613936,1874880,14837
2026-03-10 21:47:07.613936,1203620,14420
2026-03-10 21:47:07.613936,1476970,14093
2026-03-10 21:47:07.613936,3527290,13703
2026-03-10 21:47:07.613936,3472040,13640
2026-03-10 21:47:07.613936,629520,13278
2026-03-10 21:47:07.613936,306130,13080
2026-03-10 21:47:07.613936,255710,12756
2026-03-10 21:47:07.613936,1449850,12634
2026-03-10 22:00:26.916212,730,990588
2026-03-10 22:00:26.916212,570,385158
2026-03-10 22:00:26.916212,2868840,225948
2026-03-10 22:00:26.916212,2676230,166195
2026-03-10 22:00:26.916212,1808500,163486
2026-03-10 22:00:26.916212,578080,137221
2026-03-10 22:00:26.916212,238960,111146
2026-03-10 22:00:26.916212,252490,109110
2026-03-10 22:00:26.916212,3419430,107827
2026-03-10 22:00:26.916212,359550,95997
2026-03-10 22:00:26.916212,1422450,92637
2026-03-10 22:00:26.916212,2357570,89040
2026-03-10 22:00:26.916212,3764200,72513
2026-03-10 22:00:26.916212,2767030,68474
2026-03-10 22:00:26.916212,322170,68022
2026-03-10 22:00:26.916212,1172470,67352
2026-03-10 22:00:26.916212,271590,61713
2026-03-10 22:00:26.916212,413150,53724
2026-03-10 22:00:26.916212,440,52777
2026-03-10 22:00:26.916212,1086940,52199
2026-03-10 22:00:26.916212,236390,52083
2026-03-10 22:00:26.916212,3065800,51621
2026-03-10 22:00:26.916212,553850,50904
2026-03-10 22:00:26.916212,431960,48105
2026-03-10 22:00:26.916212,3405690,45355
2026-03-10 22:00:26.916212,381210,44588
2026-03-10 22:00:26.916212,230410,43434
2026-03-10 22:00:26.916212,2807960,42873
2026-03-10 22:00:26.916212,221100,42726
2026-03-10 22:00:26.916212,686060,40332
2026-03-10 22:00:26.916212,105600,39628
2026-03-10 22:00:26.916212,3551340,38853
2026-03-10 22:00:26.916212,1366800,38479
2026-03-10 22:00:26.916212,438100,37941
2026-03-10 22:00:26.916212,2507950,37874
2026-03-10 22:00:26.916212,3240220,34791
2026-03-10 22:00:26.916212,1938090,34193
2026-03-10 22:00:26.916212,394360,32717
2026-03-10 22:00:26.916212,252950,30931
2026-03-10 22:00:26.916212,1973530,29527
2026-03-10 22:00:26.916212,240,29129
2026-03-10 22:00:26.916212,1222670,27861
2026-03-10 22:00:26.916212,108600,27522
2026-03-10 22:00:26.916212,227300,27517
2026-03-10 22:00:26.916212,892970,26605
2026-03-10 22:00:26.916212,2923300,26550
2026-03-10 22:00:26.916212,489830,25421
2026-03-10 22:00:26.916212,289070,25280
2026-03-10 22:00:26.916212,552990,25058
2026-03-10 22:00:26.916212,2300320,25037
2026-03-10 22:00:26.916212,582660,24524
2026-03-10 22:00:26.916212,1281930,24494
2026-03-10 22:00:26.916212,1245620,24160
2026-03-10 22:00:26.916212,294100,24081
2026-03-10 22:00:26.916212,3241660,23369
2026-03-10 22:00:26.916212,2399830,23128
2026-03-10 22:00:26.916212,526870,23023
2026-03-10 22:00:26.916212,1623730,22535
2026-03-10 22:00:26.916212,3564740,22189
2026-03-10 22:00:26.916212,377160,22173
2026-03-10 22:00:26.916212,4025700,22163
2026-03-10 22:00:26.916212,1091500,22092
2026-03-10 22:00:26.916212,1142710,21824
2026-03-10 22:00:26.916212,2073620,21697
2026-03-10 22:00:26.916212,1174180,21456
2026-03-10 22:00:26.916212,4000,21417
2026-03-10 22:00:26.916212,4465480,21073
2026-03-10 22:00:26.916212,1158310,20524
2026-03-10 22:00:26.916212,2246340,20396
2026-03-10 22:00:26.916212,251570,20288
2026-03-10 22:00:26.916212,284160,20284
2026-03-10 22:00:26.916212,2221490,20280
2026-03-10 22:00:26.916212,550,19552
2026-03-10 22:00:26.916212,2050650,19493
2026-03-10 22:00:26.916212,261550,19335
2026-03-10 22:00:26.916212,1771300,19067
2026-03-10 22:00:26.916212,39210,18856
2026-03-10 22:00:26.916212,250900,18726
2026-03-10 22:00:26.916212,813780,18227
2026-03-10 22:00:26.916212,427520,18225
2026-03-10 22:00:26.916212,1151340,17958
2026-03-10 22:00:26.916212,218620,17836
2026-03-10 22:00:26.916212,646570,17721
2026-03-10 22:00:26.916212,2252570,17692
2026-03-10 22:00:26.916212,2183900,17217
2026-03-10 22:00:26.916212,346110,16696
2026-03-10 22:00:26.916212,3164500,16659
2026-03-10 22:00:26.916212,739630,16321
2026-03-10 22:00:26.916212,1149460,16215
2026-03-10 22:00:26.916212,8930,14869
2026-03-10 22:00:26.916212,1905180,14852
2026-03-10 22:00:26.916212,1874880,14673
2026-03-10 22:00:26.916212,1203620,14094
2026-03-10 22:00:26.916212,1476970,14025
2026-03-10 22:00:26.916212,3472040,13775
2026-03-10 22:00:26.916212,3527290,13226
2026-03-10 22:00:26.916212,629520,13031
2026-03-10 22:00:26.916212,306130,12838
2026-03-10 22:00:26.916212,1449850,12607
2026-03-10 22:00:26.916212,255710,12560
2026-03-10 22:39:41.729001,730,708038
2026-03-10 22:39:41.729001,570,324352
2026-03-10 22:39:41.729001,2868840,215056
2026-03-10 22:39:41.729001,2676230,162699
2026-03-10 22:39:41.729001,1808500,157754
2026-03-10 22:39:41.729001,578080,111870
2026-03-10 22:39:41.729001,238960,102801
2026-03-10 22:39:41.729001,359550,96996
2026-03-10 22:39:41.729001,252490,94753
2026-03-10 22:39:41.729001,2357570,84718
2026-03-10 22:39:41.729001,1422450,84503
2026-03-10 22:39:41.729001,3419430,83077
2026-03-10 22:39:41.729001,3764200,69979
2026-03-10 22:39:41.729001,2767030,69339
2026-03-10 22:39:41.729001,322170,64402
2026-03-10 22:39:41.729001,1172470,60163
2026-03-10 22:39:41.729001,271590,54296
2026-03-10 22:39:41.729001,105600,54150
2026-03-10 22:39:41.729001,3065800,51735
2026-03-10 22:39:41.729001,413150,50894
2026-03-10 22:39:41.729001,431960,48046
2026-03-10 22:39:41.729001,1086940,47262
2026-03-10 22:39:41.729001,3405690,46505
2026-03-10 22:39:41.729001,1366800,46424
2026-03-10 22:39:41.729001,236390,45978
2026-03-10 22:39:41.729001,553850,43899
2026-03-10 22:39:41.729001,230410,41248
2026-03-10 22:39:41.729001,2807960,38683
2026-03-10 22:39:41.729001,221100,38506
2026-03-10 22:39:41.729001,686060,38255
2026-03-10 22:39:41.729001,381210,35953
2026-03-10 22:39:41.729001,440,35097
2026-03-10 22:39:41.729001,2507950,34028
2026-03-10 22:39:41.729001,3551340,33224
2026-03-10 22:39:41.729001,3240220,32308
2026-03-10 22:39:41.729001,1938090,30222
2026-03-10 22:39:41.729001,252950,29976
2026-03-10 22:39:41.729001,394360,28915
2026-03-10 22:39:41.729001,438100,27969
2026-03-10 22:39:41.729001,1973530,27731
2026-03-10 22:39:41.729001,1222670,26636
2026-03-10 22:39:41.729001,108600,26244
2026-03-10 22:39:41.729001,552990,25457
2026-03-10 22:39:41.729001,582660,24502
2026-03-10 22:39:41.729001,489830,24435
2026-03-10 22:39:41.729001,892970,23824
2026-03-10 22:39:41.729001,1174180,23487
2026-03-10 22:39:41.729001,289070,23389
2026-03-10 22:39:41.729001,227300,23208
2026-03-10 22:39:41.729001,294100,22858
2026-03-10 22:39:41.729001,2399830,22656
2026-03-10 22:39:41.729001,1245620,22058
2026-03-10 22:39:41.729001,4025700,21476
2026-03-10 22:39:41.729001,1623730,21293
2026-03-10 22:39:41.729001,2300320,21235
2026-03-10 22:39:41.729001,377160,20962
2026-03-10 22:39:41.729001,526870,20780
2026-03-10 22:39:41.729001,3564740,20762
2026-03-10 22:39:41.729001,1091500,20741
2026-03-10 22:39:41.729001,2073620,20107
2026-03-10 22:39:41.729001,2923300,19715
2026-03-10 22:39:41.729001,1142710,19510
2026-03-10 22:39:41.729001,3241660,19483
2026-03-10 22:39:41.729001,2221490,19318
2026-03-10 22:39:41.729001,550,19198
2026-03-10 22:39:41.729001,1158310,19190
2026-03-10 22:39:41.729001,4000,19106
2026-03-10 22:39:41.729001,2050650,18853
2026-03-10 22:39:41.729001,284160,18780
2026-03-10 22:39:41.729001,251570,18636
2026-03-10 22:39:41.729001,39210,18600
2026-03-10 22:39:41.729001,2246340,18077
2026-03-10 22:39:41.729001,261550,17548
2026-03-10 22:39:41.729001,250900,17207
2026-03-10 22:39:41.729001,1771300,17116
2026-03-10 22:39:41.729001,1151340,16867
2026-03-10 22:39:41.729001,813780,16706
2026-03-10 22:39:41.729001,646570,16589
2026-03-10 22:39:41.729001,427520,16457
2026-03-10 22:39:41.729001,3164500,15765
2026-03-10 22:39:41.729001,2252570,15443
2026-03-10 22:39:41.729001,346110,15323
2026-03-10 22:39:41.729001,1149460,14836
2026-03-10 22:39:41.729001,1476970,14668
2026-03-10 22:39:41.729001,1905180,14183
2026-03-10 22:39:41.729001,4465480,14037
2026-03-10 22:39:41.729001,739630,14023
2026-03-10 22:39:41.729001,1874880,13943
2026-03-10 22:39:41.729001,8930,13655
2026-03-10 22:39:41.729001,2183900,13246
2026-03-10 22:39:41.729001,3472040,13188
2026-03-10 22:39:41.729001,218620,12985
2026-03-10 22:39:41.729001,629520,12730
2026-03-10 22:39:41.729001,1665460,12605
2026-03-10 22:39:41.729001,1203620,12533
2026-03-10 22:39:41.729001,3527290,12217
2026-03-10 22:39:41.729001,306130,12129
2026-03-10 22:39:41.729001,1449850,12117
2026-03-10 22:39:41.729001,291550,11638
2026-03-10 22:39:41.729001,255710,11327
2026-03-10 23:01:08.569029,730,713468
2026-03-10 23:01:08.569029,570,321190
2026-03-10 23:01:08.569029,2868840,213694
2026-03-10 23:01:08.569029,2676230,160789
2026-03-10 23:01:08.569029,1808500,157252
2026-03-10 23:01:08.569029,578080,104359
2026-03-10 23:01:08.569029,238960,99479
2026-03-10 23:01:08.569029,359550,96711
2026-03-10 23:01:08.569029,252490,94282
2026-03-10 23:01:08.569029,3419430,88625
2026-03-10 23:01:08.569029,1422450,87740
2026-03-10 23:01:08.569029,2357570,84555
2026-03-10 23:01:08.569029,2767030,71231
2026-03-10 23:01:08.569029,3764200,69622
2026-03-10 23:01:08.569029,322170,63811
2026-03-10 23:01:08.569029,1172470,60106
2026-03-10 23:01:08.569029,3065800,52737
2026-03-10 23:01:08.569029,271590,51336
2026-03-10 23:01:08.569029,413150,50646
2026-03-10 23:01:08.569029,105600,50294
2026-03-10 23:01:08.569029,431960,47080
2026-03-10 23:01:08.569029,1086940,46663
2026-03-10 23:01:08.569029,3405690,45984
2026-03-10 23:01:08.569029,553850,44664
2026-03-10 23:01:08.569029,236390,44004
2026-03-10 23:01:08.569029,1366800,43809
2026-03-10 23:01:08.569029,440,41743
2026-03-10 23:01:08.569029,230410,41230
2026-03-10 23:01:08.569029,686060,38006
2026-03-10 23:01:08.569029,381210,37807
2026-03-10 23:01:08.569029,2807960,37765
2026-03-10 23:01:08.569029,221100,37310
2026-03-10 23:01:08.569029,2507950,33397
2026-03-10 23:01:08.569029,1938090,32587
2026-03-10 23:01:08.569029,3240220,31811
2026-03-10 23:01:08.569029,3551340,30841
2026-03-10 23:01:08.569029,252950,29793
2026-03-10 23:01:08.569029,438100,29257
2026-03-10 23:01:08.569029,394360,27702
2026-03-10 23:01:08.569029,1973530,27296
2026-03-10 23:01:08.569029,552990,26351
2026-03-10 23:01:08.569029,1222670,26307
2026-03-10 23:01:08.569029,108600,25972
2026-03-10 23:01:08.569029,582660,24229
2026-03-10 23:01:08.569029,489830,24140
2026-03-10 23:01:08.569029,892970,22986
2026-03-10 23:01:08.569029,2399830,22941
2026-03-10 23:01:08.569029,289070,22794
2026-03-10 23:01:08.569029,1174180,22619
2026-03-10 23:01:08.569029,294100,22549
2026-03-10 23:01:08.569029,1245620,22057
2026-03-10 23:01:08.569029,227300,21760
2026-03-10 23:01:08.569029,4025700,21370
2026-03-10 23:01:08.569029,1623730,21236
2026-03-10 23:01:08.569029,2923300,20758
2026-03-10 23:01:08.569029,377160,20725
2026-03-10 23:01:08.569029,550,20424
2026-03-10 23:01:08.569029,3564740,20363
2026-03-10 23:01:08.569029,526870,20059
2026-03-10 23:01:08.569029,1091500,20058
2026-03-10 23:01:08.569029,2300320,19855
2026-03-10 23:01:08.569029,2073620,19557
2026-03-10 23:01:08.569029,2221490,19135
2026-03-10 23:01:08.569029,4000,19021
2026-03-10 23:01:08.569029,3241660,18923
2026-03-10 23:01:08.569029,39210,18774
2026-03-10 23:01:08.569029,284160,18738
2026-03-10 23:01:08.569029,1158310,18714
2026-03-10 23:01:08.569029,1142710,18680
2026-03-10 23:01:08.569029,2246340,18606
2026-03-10 23:01:08.569029,2050650,18550
2026-03-10 23:01:08.569029,251570,18371
2026-03-10 23:01:08.569029,1151340,17359
2026-03-10 23:01:08.569029,261550,16975
2026-03-10 23:01:08.569029,250900,16879
2026-03-10 23:01:08.569029,646570,16388
2026-03-10 23:01:08.569029,1771300,16283
2026-03-10 23:01:08.569029,813780,16238
2026-03-10 23:01:08.569029,427520,15925
2026-03-10 23:01:08.569029,218620,15716
2026-03-10 23:01:08.569029,3164500,15695
2026-03-10 23:01:08.569029,346110,15054
2026-03-10 23:01:08.569029,1149460,14566
2026-03-10 23:01:08.569029,2252570,14423
2026-03-10 23:01:08.569029,1476970,14290
2026-03-10 23:01:08.569029,1874880,13773
2026-03-10 23:01:08.569029,3472040,13708
2026-03-10 23:01:08.569029,2183900,13609
2026-03-10 23:01:08.569029,1905180,13545
2026-03-10 23:01:08.569029,739630,13511
2026-03-10 23:01:08.569029,4465480,13331
2026-03-10 23:01:08.569029,8930,13316
2026-03-10 23:01:08.569029,1665460,12887
2026-03-10 23:01:08.569029,1449850,12189
2026-03-10 23:01:08.569029,629520,12143
2026-03-10 23:01:08.569029,1203620,12013
2026-03-10 23:01:08.569029,3527290,11874
2026-03-10 23:01:08.569029,306130,11869
2026-03-10 23:01:08.569029,291550,11762
2026-03-10 23:01:08.569029,2073850,11132
2026-03-10 23:37:34.342142,730,691325
2026-03-10 23:37:34.342142,570,292985
2026-03-10 23:37:34.342142,2868840,214822
2026-03-10 23:37:34.342142,2676230,154094
2026-03-10 23:37:34.342142,1808500,153063
2026-03-10 23:37:34.342142,359550,99527
2026-03-10 23:37:34.342142,238960,92278
2026-03-10 23:37:34.342142,252490,89956
2026-03-10 23:37:34.342142,1422450,89760
2026-03-10 23:37:34.342142,578080,89358
2026-03-10 23:37:34.342142,3419430,87377
2026-03-10 23:37:34.342142,2357570,84019
2026-03-10 23:37:34.342142,2767030,74433
2026-03-10 23:37:34.342142,3764200,69392
2026-03-10 23:37:34.342142,322170,63270
2026-03-10 23:37:34.342142,1172470,60933
2026-03-10 23:37:34.342142,3065800,54736
2026-03-10 23:37:34.342142,413150,51091
2026-03-10 23:37:34.342142,440,48847
2026-03-10 23:37:34.342142,271590,46354
2026-03-10 23:37:34.342142,553850,45836
2026-03-10 23:37:34.342142,1086940,45827
2026-03-10 23:37:34.342142,431960,45601
2026-03-10 23:37:34.342142,105600,45335
2026-03-10 23:37:34.342142,3405690,43778
2026-03-10 23:37:34.342142,230410,40743
2026-03-10 23:37:34.342142,236390,40540
2026-03-10 23:37:34.342142,1366800,40092
2026-03-10 23:37:34.342142,381210,39138
2026-03-10 23:37:34.342142,686060,37182
2026-03-10 23:37:34.342142,2807960,36880
2026-03-10 23:37:34.342142,1938090,35260
2026-03-10 23:37:34.342142,221100,34788
2026-03-10 23:37:34.342142,2507950,32456
2026-03-10 23:37:34.342142,438100,31630
2026-03-10 23:37:34.342142,3240220,30460
2026-03-10 23:37:34.342142,552990,26518
2026-03-10 23:37:34.342142,1973530,26471
2026-03-10 23:37:34.342142,3551340,26027
2026-03-10 23:37:34.342142,108600,25851
2026-03-10 23:37:34.342142,1222670,25802
2026-03-10 23:37:34.342142,394360,25578
2026-03-10 23:37:34.342142,252950,24227
2026-03-10 23:37:34.342142,582660,23518
2026-03-10 23:37:34.342142,489830,23402
2026-03-10 23:37:34.342142,2923300,23145
2026-03-10 23:37:34.342142,2399830,22392
2026-03-10 23:37:34.342142,4025700,22117
2026-03-10 23:37:34.342142,1245620,21812
2026-03-10 23:37:34.342142,892970,21766
2026-03-10 23:37:34.342142,294100,21721
2026-03-10 23:37:34.342142,289070,21458
2026-03-10 23:37:34.342142,550,21302
2026-03-10 23:37:34.342142,1174180,21108
2026-03-10 23:37:34.342142,1623730,21060
2026-03-10 23:37:34.342142,377160,19962
2026-03-10 23:37:34.342142,3564740,19635
2026-03-10 23:37:34.342142,1091500,19379
2026-03-10 23:37:34.342142,227300,19245
2026-03-10 23:37:34.342142,39210,19169
2026-03-10 23:37:34.342142,2246340,19062
2026-03-10 23:37:34.342142,2221490,19025
2026-03-10 23:37:34.342142,3241660,18779
2026-03-10 23:37:34.342142,526870,18566
2026-03-10 23:37:34.342142,2073620,18408
2026-03-10 23:37:34.342142,2050650,18374
2026-03-10 23:37:34.342142,4000,18362
2026-03-10 23:37:34.342142,284160,18328
2026-03-10 23:37:34.342142,251570,17858
2026-03-10 23:37:34.342142,2300320,17779
2026-03-10 23:37:34.342142,1158310,17575
2026-03-10 23:37:34.342142,1142710,17177
2026-03-10 23:37:34.342142,1151340,16945
2026-03-10 23:37:34.342142,250900,16531
2026-03-10 23:37:34.342142,218620,16519
2026-03-10 23:37:34.342142,261550,15964
2026-03-10 23:37:34.342142,646570,15926
2026-03-10 23:37:34.342142,3164500,15820
2026-03-10 23:37:34.342142,813780,15466
2026-03-10 23:37:34.342142,427520,14943
2026-03-10 23:37:34.342142,1771300,14745
2026-03-10 23:37:34.342142,346110,14415
2026-03-10 23:37:34.342142,1149460,14056
2026-03-10 23:37:34.342142,3472040,13841
2026-03-10 23:37:34.342142,2183900,13821
2026-03-10 23:37:34.342142,1281930,13792
2026-03-10 23:37:34.342142,1476970,13643
2026-03-10 23:37:34.342142,739630,13354
2026-03-10 23:37:34.342142,1874880,13172
2026-03-10 23:37:34.342142,1665460,12780
2026-03-10 23:37:34.342142,8930,12722
2026-03-10 23:37:34.342142,1905180,12541
2026-03-10 23:37:34.342142,2252570,12531
2026-03-10 23:37:34.342142,1449850,12306
2026-03-10 23:37:34.342142,4465480,11970
2026-03-10 23:37:34.342142,3527290,11795
2026-03-10 23:37:34.342142,291550,11620
2026-03-10 23:37:34.342142,306130,11305
2026-03-10 23:37:34.342142,629520,11267
2026-03-10 23:37:34.342142,1203620,11090
2026-03-10 23:57:53.442042,730,677689
2026-03-10 23:57:53.442042,570,292507
2026-03-10 23:57:53.442042,2868840,218054
2026-03-10 23:57:53.442042,1808500,154021
2026-03-10 23:57:53.442042,2676230,152722
2026-03-10 23:57:53.442042,359550,101434
2026-03-10 23:57:53.442042,1422450,91920
2026-03-10 23:57:53.442042,238960,90072
2026-03-10 23:57:53.442042,252490,88482
2026-03-10 23:57:53.442042,3419430,87372
2026-03-10 23:57:53.442042,2357570,85593
2026-03-10 23:57:53.442042,578080,85073
2026-03-10 23:57:53.442042,2767030,76952
2026-03-10 23:57:53.442042,3764200,69910
2026-03-10 23:57:53.442042,322170,63259
2026-03-10 23:57:53.442042,1172470,62281
2026-03-10 23:57:53.442042,3065800,55979
2026-03-10 23:57:53.442042,413150,52280
2026-03-10 23:57:53.442042,440,49676
2026-03-10 23:57:53.442042,553850,46826
2026-03-10 23:57:53.442042,1086940,46356
2026-03-10 23:57:53.442042,431960,45408
2026-03-10 23:57:53.442042,271590,44901
2026-03-10 23:57:53.442042,105600,44336
2026-03-10 23:57:53.442042,3405690,42874
2026-03-10 23:57:53.442042,230410,40996
2026-03-10 23:57:53.442042,236390,39744
2026-03-10 23:57:53.442042,381210,39698
2026-03-10 23:57:53.442042,1366800,39033
2026-03-10 23:57:53.442042,2807960,37011
2026-03-10 23:57:53.442042,686060,36997
2026-03-10 23:57:53.442042,1938090,36407
2026-03-10 23:57:53.442042,221100,34130
2026-03-10 23:57:53.442042,438100,33007
2026-03-10 23:57:53.442042,2507950,32484
2026-03-10 23:57:53.442042,3240220,30365
2026-03-10 23:57:53.442042,252950,27178
2026-03-10 23:57:53.442042,552990,26611
2026-03-10 23:57:53.442042,1973530,26525
2026-03-10 23:57:53.442042,108600,25874
2026-03-10 23:57:53.442042,1222670,25486
2026-03-10 23:57:53.442042,394360,24762
2026-03-10 23:57:53.442042,3551340,24458
2026-03-10 23:57:53.442042,489830,23376
2026-03-10 23:57:53.442042,582660,23324
2026-03-10 23:57:53.442042,2399830,22382
2026-03-10 23:57:53.442042,1245620,22014
2026-03-10 23:57:53.442042,4025700,21967
2026-03-10 23:57:53.442042,550,21872
2026-03-10 23:57:53.442042,2923300,21837
2026-03-10 23:57:53.442042,892970,21587
2026-03-10 23:57:53.442042,294100,21514
2026-03-10 23:57:53.442042,1623730,21289
2026-03-10 23:57:53.442042,289070,21175
2026-03-10 23:57:53.442042,1174180,20751
2026-03-10 23:57:53.442042,377160,20009
2026-03-10 23:57:53.442042,39210,19537
2026-03-10 23:57:53.442042,3564740,19515
2026-03-10 23:57:53.442042,3241660,19436
2026-03-10 23:57:53.442042,2246340,19390
2026-03-10 23:57:53.442042,1091500,19247
2026-03-10 23:57:53.442042,2221490,19088
2026-03-10 23:57:53.442042,227300,18452
2026-03-10 23:57:53.442042,2050650,18345
2026-03-10 23:57:53.442042,284160,18333
2026-03-10 23:57:53.442042,526870,18291
2026-03-10 23:57:53.442042,4000,18138
2026-03-10 23:57:53.442042,2073620,17989
2026-03-10 23:57:53.442042,251570,17826
2026-03-10 23:57:53.442042,1158310,17231
2026-03-10 23:57:53.442042,2300320,17218
2026-03-10 23:57:53.442042,1151340,17184
2026-03-10 23:57:53.442042,1142710,16734
2026-03-10 23:57:53.442042,250900,16533
2026-03-10 23:57:53.442042,218620,16328
2026-03-10 23:57:53.442042,3164500,15946
2026-03-10 23:57:53.442042,646570,15777
2026-03-10 23:57:53.442042,261550,15748
2026-03-10 23:57:53.442042,1281930,15430
2026-03-10 23:57:53.442042,813780,15348
2026-03-10 23:57:53.442042,427520,14692
2026-03-10 23:57:53.442042,1771300,14273
2026-03-10 23:57:53.442042,346110,14235
2026-03-10 23:57:53.442042,3472040,14185
2026-03-10 23:57:53.442042,1149460,13965
2026-03-10 23:57:53.442042,2183900,13832
2026-03-10 23:57:53.442042,739630,13533
2026-03-10 23:57:53.442042,1476970,13452
2026-03-10 23:57:53.442042,1874880,13242
2026-03-10 23:57:53.442042,1665460,12762
2026-03-10 23:57:53.442042,1449850,12630
2026-03-10 23:57:53.442042,8930,12600
2026-03-10 23:57:53.442042,1905180,12391
2026-03-10 23:57:53.442042,3527290,12145
2026-03-10 23:57:53.442042,291550,11999
2026-03-10 23:57:53.442042,2252570,11961
2026-03-10 23:57:53.442042,4465480,11601
2026-03-10 23:57:53.442042,306130,11159
2026-03-10 23:57:53.442042,2073850,11051
2026-03-10 23:57:53.442042,629520,11032
2026-03-11 02:45:48.903732,730,612312
2026-03-11 02:45:48.903732,570,295418
2026-03-11 02:45:48.903732,2868840,286479
2026-03-11 02:45:48.903732,1808500,152078
2026-03-11 02:45:48.903732,2676230,121191
2026-03-11 02:45:48.903732,359550,98836
2026-03-11 02:45:48.903732,3419430,96600
2026-03-11 02:45:48.903732,1422450,94239
2026-03-11 02:45:48.903732,2357570,87215
2026-03-11 02:45:48.903732,1172470,84942
2026-03-11 02:45:48.903732,2767030,84796
2026-03-11 02:45:48.903732,252490,72674
2026-03-11 02:45:48.903732,3764200,69477
2026-03-11 02:45:48.903732,238960,68238
2026-03-11 02:45:48.903732,3065800,61312
2026-03-11 02:45:48.903732,431960,57547
2026-03-11 02:45:48.903732,413150,55942
2026-03-11 02:45:48.903732,553850,51149
2026-03-11 02:45:48.903732,322170,51008
2026-03-11 02:45:48.903732,1086940,46846
2026-03-11 02:45:48.903732,440,45928
2026-03-11 02:45:48.903732,2507950,45393
2026-03-11 02:45:48.903732,230410,42847
2026-03-11 02:45:48.903732,438100,41660
2026-03-11 02:45:48.903732,105600,40564
2026-03-11 02:45:48.903732,2807960,37264
2026-03-11 02:45:48.903732,381210,37059
2026-03-11 02:45:48.903732,236390,36095
2026-03-11 02:45:48.903732,1938090,35727
2026-03-11 02:45:48.903732,271590,34973
2026-03-11 02:45:48.903732,686060,33736
2026-03-11 02:45:48.903732,1366800,33513
2026-03-11 02:45:48.903732,3405690,32872
2026-03-11 02:45:48.903732,1973530,32067
2026-03-11 02:45:48.903732,3240220,31846
2026-03-11 02:45:48.903732,221100,26680
2026-03-11 02:45:48.903732,252950,26637
2026-03-11 02:45:48.903732,550,26178
2026-03-11 02:45:48.903732,552990,25103
2026-03-11 02:45:48.903732,108600,24071
2026-03-11 02:45:48.903732,1222670,23434
2026-03-11 02:45:48.903732,4025700,22849
2026-03-11 02:45:48.903732,3241660,22616
2026-03-11 02:45:48.903732,2246340,22528
2026-03-11 02:45:48.903732,289070,22369
2026-03-11 02:45:48.903732,1623730,22337
2026-03-11 02:45:48.903732,1281930,22028
2026-03-11 02:45:48.903732,294100,21897
2026-03-11 02:45:48.903732,1245620,21839
2026-03-11 02:45:48.903732,2923300,21435
2026-03-11 02:45:48.903732,582660,21416
2026-03-11 02:45:48.903732,489830,21338
2026-03-11 02:45:48.903732,646570,21233
2026-03-11 02:45:48.903732,394360,21209
2026-03-11 02:45:48.903732,2399830,21169
2026-03-11 02:45:48.903732,3564740,20154
2026-03-11 02:45:48.903732,1174180,19452
2026-03-11 02:45:48.903732,892970,19323
2026-03-11 02:45:48.903732,39210,19304
2026-03-11 02:45:48.903732,1091500,18663
2026-03-11 02:45:48.903732,377160,18425
2026-03-11 02:45:48.903732,2221490,17895
2026-03-11 02:45:48.903732,2050650,17756
2026-03-11 02:45:48.903732,251570,17472
2026-03-11 02:45:48.903732,3472040,16355
2026-03-11 02:45:48.903732,218620,16242
2026-03-11 02:45:48.903732,578080,15663
2026-03-11 02:45:48.903732,1151340,15483
2026-03-11 02:45:48.903732,1449850,15441
2026-03-11 02:45:48.903732,526870,15396
2026-03-11 02:45:48.903732,3551340,15182
2026-03-11 02:45:48.903732,284160,15117
2026-03-11 02:45:48.903732,813780,15093
2026-03-11 02:45:48.903732,739630,14992
2026-03-11 02:45:48.903732,1158310,14958
2026-03-11 02:45:48.903732,3164500,14934
2026-03-11 02:45:48.903732,261550,14642
2026-03-11 02:45:48.903732,1142710,14585
2026-03-11 02:45:48.903732,4000,14506
2026-03-11 02:45:48.903732,2622380,14276
2026-03-11 02:45:48.903732,250900,14178
2026-03-11 02:45:48.903732,2073620,14092
2026-03-11 02:45:48.903732,2183900,13775
2026-03-11 02:45:48.903732,240,13590
2026-03-11 02:45:48.903732,346110,13548
2026-03-11 02:45:48.903732,3527290,13510
2026-03-11 02:45:48.903732,427520,12912
2026-03-11 02:45:48.903732,1771300,12700
2026-03-11 02:45:48.903732,1203220,12478
2026-03-11 02:45:48.903732,2300320,12415
2026-03-11 02:45:48.903732,1149460,12257
2026-03-11 02:45:48.903732,1476970,12099
2026-03-11 02:45:48.903732,1905180,12089
2026-03-11 02:45:48.903732,227300,11731
2026-03-11 02:45:48.903732,255710,11540
2026-03-11 02:45:48.903732,8930,11418
2026-03-11 02:45:48.903732,1874880,11197
2026-03-11 02:45:48.903732,2073850,11171
2026-03-11 02:45:48.903732,1665460,11112
2026-03-11 02:45:48.903732,1623660,10938
2026-03-11 04:24:22.852598,730,637646
2026-03-11 04:24:22.852598,2868840,300682
2026-03-11 04:24:22.852598,570,290258
2026-03-11 04:24:22.852598,1808500,120303
2026-03-11 04:24:22.852598,3419430,102517
2026-03-11 04:24:22.852598,1172470,95395
2026-03-11 04:24:22.852598,2676230,94711
2026-03-11 04:24:22.852598,1422450,81687
2026-03-11 04:24:22.852598,359550,77794
2026-03-11 04:24:22.852598,2357570,74556
2026-03-11 04:24:22.852598,2767030,72575
2026-03-11 04:24:22.852598,252490,66118
2026-03-11 04:24:22.852598,431960,63830
2026-03-11 04:24:22.852598,3764200,60948
2026-03-11 04:24:22.852598,238960,57089
2026-03-11 04:24:22.852598,2507950,55789
2026-03-11 04:24:22.852598,3065800,51810
2026-03-11 04:24:22.852598,413150,50036
2026-03-11 04:24:22.852598,440,45012
2026-03-11 04:24:22.852598,438100,43073
2026-03-11 04:24:22.852598,553850,41744
2026-03-11 04:24:22.852598,230410,40700
2026-03-11 04:24:22.852598,322170,39225
2026-03-11 04:24:22.852598,1086940,37467
2026-03-11 04:24:22.852598,1973530,37325
2026-03-11 04:24:22.852598,105600,36181
2026-03-11 04:24:22.852598,236390,33366
2026-03-11 04:24:22.852598,271590,33235
2026-03-11 04:24:22.852598,381210,32754
2026-03-11 04:24:22.852598,3240220,32238
2026-03-11 04:24:22.852598,1366800,29669
2026-03-11 04:24:22.852598,2807960,29088
2026-03-11 04:24:22.852598,686060,28768
2026-03-11 04:24:22.852598,1938090,27871
2026-03-11 04:24:22.852598,3405690,26589
2026-03-11 04:24:22.852598,552990,24524
2026-03-11 04:24:22.852598,550,24322
2026-03-11 04:24:22.852598,646570,23220
2026-03-11 04:24:22.852598,1281930,22688
2026-03-11 04:24:22.852598,4025700,22537
2026-03-11 04:24:22.852598,221100,22365
2026-03-11 04:24:22.852598,2923300,22154
2026-03-11 04:24:22.852598,1623730,21989
2026-03-11 04:24:22.852598,289070,21642
2026-03-11 04:24:22.852598,294100,21385
2026-03-11 04:24:22.852598,2246340,21381
2026-03-11 04:24:22.852598,252950,21239
2026-03-11 04:24:22.852598,108600,20599
2026-03-11 04:24:22.852598,582660,20187
2026-03-11 04:24:22.852598,394360,20096
2026-03-11 04:24:22.852598,1222670,20067
2026-03-11 04:24:22.852598,3241660,19804
2026-03-11 04:24:22.852598,1245620,19688
2026-03-11 04:24:22.852598,2399830,19050
2026-03-11 04:24:22.852598,3564740,18906
2026-03-11 04:24:22.852598,578080,18739
2026-03-11 04:24:22.852598,1203220,18537
2026-03-11 04:24:22.852598,489830,18252
2026-03-11 04:24:22.852598,1174180,17909
2026-03-11 04:24:22.852598,1091500,17523
2026-03-11 04:24:22.852598,3472040,16925
2026-03-11 04:24:22.852598,218620,16878
2026-03-11 04:24:22.852598,2050650,16615
2026-03-11 04:24:22.852598,1449850,15862
2026-03-11 04:24:22.852598,377160,15276
2026-03-11 04:24:22.852598,892970,15187
2026-03-11 04:24:22.852598,251570,15108
2026-03-11 04:24:22.852598,2221490,14852
2026-03-11 04:24:22.852598,2622380,14548
2026-03-11 04:24:22.852598,39210,14546
2026-03-11 04:24:22.852598,261550,14516
2026-03-11 04:24:22.852598,322330,13632
2026-03-11 04:24:22.852598,3551340,13579
2026-03-11 04:24:22.852598,1151340,13538
2026-03-11 04:24:22.852598,346110,13363
2026-03-11 04:24:22.852598,1158310,13170
2026-03-11 04:24:22.852598,1142710,13039
2026-03-11 04:24:22.852598,526870,12777
2026-03-11 04:24:22.852598,255710,12776
2026-03-11 04:24:22.852598,813780,12700
2026-03-11 04:24:22.852598,250900,12584
2026-03-11 04:24:22.852598,2183900,12281
2026-03-11 04:24:22.852598,3527290,12267
2026-03-11 04:24:22.852598,3164500,12238
2026-03-11 04:24:22.852598,4000,12067
2026-03-11 04:24:22.852598,284160,11990
2026-03-11 04:24:22.852598,1905180,11893
2026-03-11 04:24:22.852598,240,11779
2026-03-11 04:24:22.852598,2073620,11753
2026-03-11 04:24:22.852598,739630,11737
2026-03-11 04:24:22.852598,1476970,11440
2026-03-11 04:24:22.852598,1771300,11406
2026-03-11 04:24:22.852598,1364780,11395
2026-03-11 04:24:22.852598,427520,11272
2026-03-11 04:24:22.852598,1623660,10909
2026-03-11 04:24:22.852598,227300,10027
2026-03-11 04:24:22.852598,8930,9951
2026-03-11 04:24:22.852598,1149460,9645
2026-03-11 04:24:22.852598,2300320,9465
2026-03-11 04:24:22.852598,2073850,9426
2026-03-11 05:30:25.877316,730,698339
2026-03-11 05:30:25.877316,2868840,310831
2026-03-11 05:30:25.877316,570,288901
2026-03-11 05:30:25.877316,1172470,107224
2026-03-11 05:30:25.877316,3419430,106678
2026-03-11 05:30:25.877316,1808500,94218
2026-03-11 05:30:25.877316,2676230,80234
2026-03-11 05:30:25.877316,431960,70154
2026-03-11 05:30:25.877316,2507950,66152
2026-03-11 05:30:25.877316,252490,63593
2026-03-11 05:30:25.877316,1422450,62296
2026-03-11 05:30:25.877316,2357570,62022
2026-03-11 05:30:25.877316,359550,60824
2026-03-11 05:30:25.877316,2767030,58785
2026-03-11 05:30:25.877316,3764200,54661
2026-03-11 05:30:25.877316,238960,51385
2026-03-11 05:30:25.877316,413150,47634
2026-03-11 05:30:25.877316,440,43841
2026-03-11 05:30:25.877316,438100,42097
2026-03-11 05:30:25.877316,3065800,41569
2026-03-11 05:30:25.877316,230410,39869
2026-03-11 05:30:25.877316,1973530,38562
2026-03-11 05:30:25.877316,271590,35987
2026-03-11 05:30:25.877316,105600,35513
2026-03-11 05:30:25.877316,3240220,34658
2026-03-11 05:30:25.877316,553850,34452
2026-03-11 05:30:25.877316,236390,34400
2026-03-11 05:30:25.877316,322170,32566
2026-03-11 05:30:25.877316,1086940,30713
2026-03-11 05:30:25.877316,381210,28845
2026-03-11 05:30:25.877316,1366800,27377
2026-03-11 05:30:25.877316,240,26971
2026-03-11 05:30:25.877316,646570,25689
2026-03-11 05:30:25.877316,686060,25129
2026-03-11 05:30:25.877316,1203220,24985
2026-03-11 05:30:25.877316,552990,24629
2026-03-11 05:30:25.877316,2807960,23853
2026-03-11 05:30:25.877316,1281930,23809
2026-03-11 05:30:25.877316,2923300,22587
2026-03-11 05:30:25.877316,4025700,22541
2026-03-11 05:30:25.877316,1623730,22328
2026-03-11 05:30:25.877316,3405690,21960
2026-03-11 05:30:25.877316,289070,21801
2026-03-11 05:30:25.877316,1938090,21711
2026-03-11 05:30:25.877316,578080,21324
2026-03-11 05:30:25.877316,294100,21106
2026-03-11 05:30:25.877316,2246340,21070
2026-03-11 05:30:25.877316,221100,20689
2026-03-11 05:30:25.877316,394360,20476
2026-03-11 05:30:25.877316,582660,19603
2026-03-11 05:30:25.877316,550,19037
2026-03-11 05:30:25.877316,1245620,18728
2026-03-11 05:30:25.877316,3241660,18073
2026-03-11 05:30:25.877316,2399830,18056
2026-03-11 05:30:25.877316,108600,17944
2026-03-11 05:30:25.877316,1174180,17899
2026-03-11 05:30:25.877316,3564740,17863
2026-03-11 05:30:25.877316,1222670,17600
2026-03-11 05:30:25.877316,1091500,17262
2026-03-11 05:30:25.877316,3472040,17240
2026-03-11 05:30:25.877316,218620,17082
2026-03-11 05:30:25.877316,322330,16761
2026-03-11 05:30:25.877316,1449850,16125
2026-03-11 05:30:25.877316,2050650,16109
2026-03-11 05:30:25.877316,2622380,15949
2026-03-11 05:30:25.877316,489830,15812
2026-03-11 05:30:25.877316,252950,15493
2026-03-11 05:30:25.877316,2744880,15321
2026-03-11 05:30:25.877316,255710,14977
2026-03-11 05:30:25.877316,261550,14362
2026-03-11 05:30:25.877316,251570,14002
2026-03-11 05:30:25.877316,346110,13939
2026-03-11 05:30:25.877316,377160,13025
2026-03-11 05:30:25.877316,3551340,13008
2026-03-11 05:30:25.877316,2221490,12564
2026-03-11 05:30:25.877316,1364780,12382
2026-03-11 05:30:25.877316,1905180,12209
2026-03-11 05:30:25.877316,892970,12162
2026-03-11 05:30:25.877316,1158310,12133
2026-03-11 05:30:25.877316,1142710,12016
2026-03-11 05:30:25.877316,250900,11894
2026-03-11 05:30:25.877316,4000,11238
2026-03-11 05:30:25.877316,2183900,11192
2026-03-11 05:30:25.877316,1476970,11135
2026-03-11 05:30:25.877316,3527290,11133
2026-03-11 05:30:25.877316,526870,11089
2026-03-11 05:30:25.877316,1771300,10963
2026-03-11 05:30:25.877316,813780,10958
2026-03-11 05:30:25.877316,1623660,10914
2026-03-11 05:30:25.877316,2073620,10791
2026-03-11 05:30:25.877316,1151340,10668
2026-03-11 05:30:25.877316,227300,10629
2026-03-11 05:30:25.877316,39210,10461
2026-03-11 05:30:25.877316,284160,10385
2026-03-11 05:30:25.877316,2358720,10193
2026-03-11 05:30:25.877316,427520,10124
2026-03-11 05:30:25.877316,3164500,9947
2026-03-11 05:30:25.877316,753,9520
2026-03-11 05:30:25.877316,739630,9090
2026-03-11 05:30:25.877316,8930,8986
2026-03-11 06:09:47.866553,730,700035
2026-03-11 06:09:47.866553,570,290133
2026-03-11 06:09:47.866553,2868840,287759
2026-03-11 06:09:47.866553,3419430,109328
2026-03-11 06:09:47.866553,1172470,103884
2026-03-11 06:09:47.866553,1808500,83576
2026-03-11 06:09:47.866553,2676230,75211
2026-03-11 06:09:47.866553,431960,70046
2026-03-11 06:09:47.866553,2507950,66607
2026-03-11 06:09:47.866553,252490,64084
2026-03-11 06:09:47.866553,1422450,59917
2026-03-11 06:09:47.866553,2357570,56677
2026-03-11 06:09:47.866553,359550,53493
2026-03-11 06:09:47.866553,2767030,52045
2026-03-11 06:09:47.866553,3764200,50446
2026-03-11 06:09:47.866553,238960,50360
2026-03-11 06:09:47.866553,413150,45273
2026-03-11 06:09:47.866553,440,43353
2026-03-11 06:09:47.866553,438100,41104
2026-03-11 06:09:47.866553,230410,37455
2026-03-11 06:09:47.866553,271590,36957
2026-03-11 06:09:47.866553,3065800,36822
2026-03-11 06:09:47.866553,1973530,35646
2026-03-11 06:09:47.866553,3240220,33593
2026-03-11 06:09:47.866553,105600,33528
2026-03-11 06:09:47.866553,236390,32716
2026-03-11 06:09:47.866553,322170,31242
2026-03-11 06:09:47.866553,553850,30764
2026-03-11 06:09:47.866553,240,28997
2026-03-11 06:09:47.866553,1086940,27909
2026-03-11 06:09:47.866553,381210,26748
2026-03-11 06:09:47.866553,1366800,26288
2026-03-11 06:09:47.866553,1203220,24845
2026-03-11 06:09:47.866553,552990,24395
2026-03-11 06:09:47.866553,646570,23741
2026-03-11 06:09:47.866553,1281930,23091
2026-03-11 06:09:47.866553,686060,23044
2026-03-11 06:09:47.866553,578080,22674
2026-03-11 06:09:47.866553,2923300,22602
2026-03-11 06:09:47.866553,4025700,22333
2026-03-11 06:09:47.866553,1623730,21673
2026-03-11 06:09:47.866553,2807960,21364
2026-03-11 06:09:47.866553,289070,21109
2026-03-11 06:09:47.866553,294100,20459
2026-03-11 06:09:47.866553,2246340,20404
2026-03-11 06:09:47.866553,221100,20389
2026-03-11 06:09:47.866553,3405690,19870
2026-03-11 06:09:47.866553,394360,19817
2026-03-11 06:09:47.866553,582660,19384
2026-03-11 06:09:47.866553,1938090,19317
2026-03-11 06:09:47.866553,218620,17629
2026-03-11 06:09:47.866553,3564740,17626
2026-03-11 06:09:47.866553,2399830,17420
2026-03-11 06:09:47.866553,1245620,17342
2026-03-11 06:09:47.866553,1174180,17165
2026-03-11 06:09:47.866553,322330,17090
2026-03-11 06:09:47.866553,108600,16997
2026-03-11 06:09:47.866553,1222670,16673
2026-03-11 06:09:47.866553,3241660,16519
2026-03-11 06:09:47.866553,1091500,16444
2026-03-11 06:09:47.866553,550,16132
2026-03-11 06:09:47.866553,3472040,16073
2026-03-11 06:09:47.866553,2622380,15646
2026-03-11 06:09:47.866553,1449850,15264
2026-03-11 06:09:47.866553,2050650,15006
2026-03-11 06:09:47.866553,489830,14895
2026-03-11 06:09:47.866553,255710,13964
2026-03-11 06:09:47.866553,261550,13888
2026-03-11 06:09:47.866553,3551340,13855
2026-03-11 06:09:47.866553,251570,13475
2026-03-11 06:09:47.866553,346110,13466
2026-03-11 06:09:47.866553,252950,13159
2026-03-11 06:09:47.866553,1905180,12535
2026-03-11 06:09:47.866553,1364780,12154
2026-03-11 06:09:47.866553,2744880,12135
2026-03-11 06:09:47.866553,377160,12033
2026-03-11 06:09:47.866553,2221490,11645
2026-03-11 06:09:47.866553,1158310,11528
2026-03-11 06:09:47.866553,1142710,11499
2026-03-11 06:09:47.866553,892970,11150
2026-03-11 06:09:47.866553,1476970,11024
2026-03-11 06:09:47.866553,1623660,10889
2026-03-11 06:09:47.866553,250900,10866
2026-03-11 06:09:47.866553,227300,10725
2026-03-11 06:09:47.866553,4000,10681
2026-03-11 06:09:47.866553,2183900,10573
2026-03-11 06:09:47.866553,526870,10557
2026-03-11 06:09:47.866553,1771300,10343
2026-03-11 06:09:47.866553,813780,10264
2026-03-11 06:09:47.866553,3527290,10226
2026-03-11 06:09:47.866553,2073620,10226
2026-03-11 06:09:47.866553,1151340,10208
2026-03-11 06:09:47.866553,284160,9841
2026-03-11 06:09:47.866553,427520,9700
2026-03-11 06:09:47.866553,753,9579
2026-03-11 06:09:47.866553,2358720,9555
2026-03-11 06:09:47.866553,766570,9287
2026-03-11 06:09:47.866553,3164500,8985
2026-03-11 06:09:47.866553,2252570,8893
2026-03-11 06:09:47.866553,1325860,8825
2026-03-11 07:12:06.979968,730,739463
2026-03-11 07:12:06.979968,570,303166
2026-03-11 07:12:06.979968,2868840,270346
2026-03-11 07:12:06.979968,3419430,115369
2026-03-11 07:12:06.979968,1172470,105149
2026-03-11 07:12:06.979968,431960,72954
2026-03-11 07:12:06.979968,2507950,72296
2026-03-11 07:12:06.979968,1808500,68032
2026-03-11 07:12:06.979968,2676230,66469
2026-03-11 07:12:06.979968,252490,66417
2026-03-11 07:12:06.979968,238960,51776
2026-03-11 07:12:06.979968,1422450,49322
2026-03-11 07:12:06.979968,2357570,47247
2026-03-11 07:12:06.979968,3764200,45006
2026-03-11 07:12:06.979968,359550,42843
2026-03-11 07:12:06.979968,413150,42585
2026-03-11 07:12:06.979968,271590,42096
2026-03-11 07:12:06.979968,2767030,40606
2026-03-11 07:12:06.979968,440,39496
2026-03-11 07:12:06.979968,438100,38566
2026-03-11 07:12:06.979968,230410,35337
2026-03-11 07:12:06.979968,1973530,34661
2026-03-11 07:12:06.979968,3240220,33751
2026-03-11 07:12:06.979968,236390,33380
2026-03-11 07:12:06.979968,105600,32791
2026-03-11 07:12:06.979968,322170,30642
2026-03-11 07:12:06.979968,240,29802
2026-03-11 07:12:06.979968,578080,29229
2026-03-11 07:12:06.979968,3065800,28747
2026-03-11 07:12:06.979968,1203220,27012
2026-03-11 07:12:06.979968,1366800,26055
2026-03-11 07:12:06.979968,553850,25619
2026-03-11 07:12:06.979968,2923300,24736
2026-03-11 07:12:06.979968,552990,24494
2026-03-11 07:12:06.979968,381210,24120
2026-03-11 07:12:06.979968,1086940,24100
2026-03-11 07:12:06.979968,646570,22981
2026-03-11 07:12:06.979968,1281930,22818
2026-03-11 07:12:06.979968,4025700,22324
2026-03-11 07:12:06.979968,1623730,21664
2026-03-11 07:12:06.979968,289070,21082
2026-03-11 07:12:06.979968,221100,20856
2026-03-11 07:12:06.979968,686060,20533
2026-03-11 07:12:06.979968,294100,20226
2026-03-11 07:12:06.979968,394360,19944
2026-03-11 07:12:06.979968,2246340,19766
2026-03-11 07:12:06.979968,582660,19348
2026-03-11 07:12:06.979968,218620,18756
2026-03-11 07:12:06.979968,2807960,18003
2026-03-11 07:12:06.979968,322330,17917
2026-03-11 07:12:06.979968,3405690,17864
2026-03-11 07:12:06.979968,3564740,17446
2026-03-11 07:12:06.979968,2399830,16700
2026-03-11 07:12:06.979968,1174180,16591
2026-03-11 07:12:06.979968,2622380,15825
2026-03-11 07:12:06.979968,1938090,15812
2026-03-11 07:12:06.979968,1245620,15775
2026-03-11 07:12:06.979968,1091500,15619
2026-03-11 07:12:06.979968,1222670,15545
2026-03-11 07:12:06.979968,108600,15341
2026-03-11 07:12:06.979968,3472040,14640
2026-03-11 07:12:06.979968,3241660,14583
2026-03-11 07:12:06.979968,1449850,14515
2026-03-11 07:12:06.979968,3551340,14369
2026-03-11 07:12:06.979968,261550,13793
2026-03-11 07:12:06.979968,2050650,13786
2026-03-11 07:12:06.979968,489830,13532
2026-03-11 07:12:06.979968,1905180,13413
2026-03-11 07:12:06.979968,346110,13380
2026-03-11 07:12:06.979968,255710,13359
2026-03-11 07:12:06.979968,251570,13282
2026-03-11 07:12:06.979968,1364780,12782
2026-03-11 07:12:06.979968,227300,12249
2026-03-11 07:12:06.979968,550,11917
2026-03-11 07:12:06.979968,1142710,11191
2026-03-11 07:12:06.979968,4465480,11113
2026-03-11 07:12:06.979968,2744880,11084
2026-03-11 07:12:06.979968,1476970,11024
2026-03-11 07:12:06.979968,1623660,10865
2026-03-11 07:12:06.979968,377160,10841
2026-03-11 07:12:06.979968,1158310,10753
2026-03-11 07:12:06.979968,4000,10541
2026-03-11 07:12:06.979968,766570,10519
2026-03-11 07:12:06.979968,2221490,10372
2026-03-11 07:12:06.979968,1771300,10298
2026-03-11 07:12:06.979968,252950,10259
2026-03-11 07:12:06.979968,250900,10249
2026-03-11 07:12:06.979968,526870,9951
2026-03-11 07:12:06.979968,2183900,9947
2026-03-11 07:12:06.979968,753,9905
2026-03-11 07:12:06.979968,892970,9840
2026-03-11 07:12:06.979968,284160,9818
2026-03-11 07:12:06.979968,2073620,9700
2026-03-11 07:12:06.979968,427520,9481
2026-03-11 07:12:06.979968,2358720,9451
2026-03-11 07:12:06.979968,813780,9428
2026-03-11 07:12:06.979968,2252570,9288
2026-03-11 07:12:06.979968,2300320,9170
2026-03-11 07:12:06.979968,3527290,9145
2026-03-11 07:12:06.979968,1325860,9117
2026-03-11 07:55:26.202590,730,784896
2026-03-11 07:55:26.202590,570,317744
2026-03-11 07:55:26.202590,2868840,273585
2026-03-11 07:55:26.202590,578080,134217
2026-03-11 07:55:26.202590,3419430,119843
2026-03-11 07:55:26.202590,1172470,108714
2026-03-11 07:55:26.202590,2507950,76779
2026-03-11 07:55:26.202590,431960,74905
2026-03-11 07:55:26.202590,252490,69484
2026-03-11 07:55:26.202590,2676230,63422
2026-03-11 07:55:26.202590,1808500,59586
2026-03-11 07:55:26.202590,238960,55106
2026-03-11 07:55:26.202590,271590,45835
2026-03-11 07:55:26.202590,3764200,43108
2026-03-11 07:55:26.202590,413150,42987
2026-03-11 07:55:26.202590,2357570,42761
2026-03-11 07:55:26.202590,1422450,42480
2026-03-11 07:55:26.202590,440,41122
2026-03-11 07:55:26.202590,359550,38152
2026-03-11 07:55:26.202590,236390,35775
2026-03-11 07:55:26.202590,1973530,35384
2026-03-11 07:55:26.202590,3240220,35270
2026-03-11 07:55:26.202590,230410,35061
2026-03-11 07:55:26.202590,2767030,34442
2026-03-11 07:55:26.202590,105600,33028
2026-03-11 07:55:26.202590,438100,32843
2026-03-11 07:55:26.202590,322170,32029
2026-03-11 07:55:26.202590,1203220,29461
2026-03-11 07:55:26.202590,240,28636
2026-03-11 07:55:26.202590,1366800,26109
2026-03-11 07:55:26.202590,552990,24816
2026-03-11 07:55:26.202590,553850,23847
2026-03-11 07:55:26.202590,646570,23812
2026-03-11 07:55:26.202590,381210,23168
2026-03-11 07:55:26.202590,3065800,23111
2026-03-11 07:55:26.202590,2923300,23029
2026-03-11 07:55:26.202590,1086940,22871
2026-03-11 07:55:26.202590,4025700,22579
2026-03-11 07:55:26.202590,1623730,22192
2026-03-11 07:55:26.202590,1281930,22067
2026-03-11 07:55:26.202590,289070,22003
2026-03-11 07:55:26.202590,221100,21843
2026-03-11 07:55:26.202590,394360,21193
2026-03-11 07:55:26.202590,294100,20893
2026-03-11 07:55:26.202590,686060,19737
2026-03-11 07:55:26.202590,2246340,19660
2026-03-11 07:55:26.202590,582660,19494
2026-03-11 07:55:26.202590,322330,19250
2026-03-11 07:55:26.202590,218620,18721
2026-03-11 07:55:26.202590,3405690,17997
2026-03-11 07:55:26.202590,3564740,17739
2026-03-11 07:55:26.202590,2807960,17529
2026-03-11 07:55:26.202590,1174180,17264
2026-03-11 07:55:26.202590,2399830,16843
2026-03-11 07:55:26.202590,2622380,16360
2026-03-11 07:55:26.202590,3551340,16010
2026-03-11 07:55:26.202590,1091500,15712
2026-03-11 07:55:26.202590,1245620,15597
2026-03-11 07:55:26.202590,1222670,15519
2026-03-11 07:55:26.202590,108600,14800
2026-03-11 07:55:26.202590,3472040,14726
2026-03-11 07:55:26.202590,1449850,14694
2026-03-11 07:55:26.202590,261550,14462
2026-03-11 07:55:26.202590,3241660,14325
2026-03-11 07:55:26.202590,1938090,14316
2026-03-11 07:55:26.202590,1905180,13932
2026-03-11 07:55:26.202590,2050650,13908
2026-03-11 07:55:26.202590,255710,13877
2026-03-11 07:55:26.202590,227300,13746
2026-03-11 07:55:26.202590,346110,13728
2026-03-11 07:55:26.202590,1364780,13586
2026-03-11 07:55:26.202590,251570,13391
2026-03-11 07:55:26.202590,489830,13212
2026-03-11 07:55:26.202590,2744880,12651
2026-03-11 07:55:26.202590,4465480,12067
2026-03-11 07:55:26.202590,1142710,11615
2026-03-11 07:55:26.202590,766570,11343
2026-03-11 07:55:26.202590,1476970,11141
2026-03-11 07:55:26.202590,4000,10904
2026-03-11 07:55:26.202590,1623660,10847
2026-03-11 07:55:26.202590,1771300,10838
2026-03-11 07:55:26.202590,1158310,10823
2026-03-11 07:55:26.202590,377160,10678
2026-03-11 07:55:26.202590,250900,10540
2026-03-11 07:55:26.202590,550,10439
2026-03-11 07:55:26.202590,2300320,10251
2026-03-11 07:55:26.202590,526870,10205
2026-03-11 07:55:26.202590,2358720,10165
2026-03-11 07:55:26.202590,2252570,10078
2026-03-11 07:55:26.202590,284160,10054
2026-03-11 07:55:26.202590,2073620,10044
2026-03-11 07:55:26.202590,2221490,9941
2026-03-11 07:55:26.202590,427520,9784
2026-03-11 07:55:26.202590,2183900,9779
2026-03-11 07:55:26.202590,892970,9636
2026-03-11 07:55:26.202590,365670,9621
2026-03-11 07:55:26.202590,594650,9601
2026-03-11 07:55:26.202590,813780,9573
2026-03-11 07:55:26.202590,1325860,9261
2026-03-11 07:55:26.202590,3527290,8933
2026-03-11 08:35:58.366517,730,856919
2026-03-11 08:35:58.366517,570,326656
2026-03-11 08:35:58.366517,578080,286199
2026-03-11 08:35:58.366517,2868840,283750
2026-03-11 08:35:58.366517,3419430,123898
2026-03-11 08:35:58.366517,1172470,114355
2026-03-11 08:35:58.366517,2507950,81563
2026-03-11 08:35:58.366517,431960,78010
2026-03-11 08:35:58.366517,252490,72331
2026-03-11 08:35:58.366517,2676230,61803
2026-03-11 08:35:58.366517,238960,58210
2026-03-11 08:35:58.366517,1808500,56869
2026-03-11 08:35:58.366517,271590,49085
2026-03-11 08:35:58.366517,413150,44825
2026-03-11 08:35:58.366517,3764200,42955
2026-03-11 08:35:58.366517,440,42257
2026-03-11 08:35:58.366517,2357570,40049
2026-03-11 08:35:58.366517,1422450,38714
2026-03-11 08:35:58.366517,236390,38650
2026-03-11 08:35:58.366517,3240220,37482
2026-03-11 08:35:58.366517,1973530,36513
2026-03-11 08:35:58.366517,230410,35996
2026-03-11 08:35:58.366517,359550,35281
2026-03-11 08:35:58.366517,240,34810
2026-03-11 08:35:58.366517,105600,33921
2026-03-11 08:35:58.366517,322170,32812
2026-03-11 08:35:58.366517,1203220,32703
2026-03-11 08:35:58.366517,438100,30308
2026-03-11 08:35:58.366517,2767030,30103
2026-03-11 08:35:58.366517,1366800,26350
2026-03-11 08:35:58.366517,646570,25524
2026-03-11 08:35:58.366517,552990,25111
2026-03-11 08:35:58.366517,2923300,24150
2026-03-11 08:35:58.366517,1281930,23413
2026-03-11 08:35:58.366517,553850,23345
2026-03-11 08:35:58.366517,381210,23097
2026-03-11 08:35:58.366517,1623730,23000
2026-03-11 08:35:58.366517,289070,22948
2026-03-11 08:35:58.366517,4025700,22815
2026-03-11 08:35:58.366517,221100,22800
2026-03-11 08:35:58.366517,394360,22737
2026-03-11 08:35:58.366517,1086940,22720
2026-03-11 08:35:58.366517,294100,21448
2026-03-11 08:35:58.366517,322330,20346
2026-03-11 08:35:58.366517,2246340,20115
2026-03-11 08:35:58.366517,686060,19968
2026-03-11 08:35:58.366517,582660,19869
2026-03-11 08:35:58.366517,3405690,18980
2026-03-11 08:35:58.366517,218620,18514
2026-03-11 08:35:58.366517,1174180,18250
2026-03-11 08:35:58.366517,3564740,18153
2026-03-11 08:35:58.366517,2807960,18055
2026-03-11 08:35:58.366517,3551340,17739
2026-03-11 08:35:58.366517,2399830,17407
2026-03-11 08:35:58.366517,2622380,17363
2026-03-11 08:35:58.366517,1091500,16254
2026-03-11 08:35:58.366517,1245620,15854
2026-03-11 08:35:58.366517,1222670,15782
2026-03-11 08:35:58.366517,3472040,15581
2026-03-11 08:35:58.366517,3241660,15354
2026-03-11 08:35:58.366517,227300,15318
2026-03-11 08:35:58.366517,2744880,15262
2026-03-11 08:35:58.366517,1449850,15209
2026-03-11 08:35:58.366517,261550,15205
2026-03-11 08:35:58.366517,255710,15036
2026-03-11 08:35:58.366517,108600,14868
2026-03-11 08:35:58.366517,1905180,14611
2026-03-11 08:35:58.366517,1364780,14518
2026-03-11 08:35:58.366517,346110,14454
2026-03-11 08:35:58.366517,2050650,14453
2026-03-11 08:35:58.366517,251570,13696
2026-03-11 08:35:58.366517,1938090,13677
2026-03-11 08:35:58.366517,489830,13300
2026-03-11 08:35:58.366517,1142710,12139
2026-03-11 08:35:58.366517,766570,11835
2026-03-11 08:35:58.366517,4465480,11670
2026-03-11 08:35:58.366517,1771300,11641
2026-03-11 08:35:58.366517,1476970,11409
2026-03-11 08:35:58.366517,2300320,11280
2026-03-11 08:35:58.366517,250900,11180
2026-03-11 08:35:58.366517,1158310,11155
2026-03-11 08:35:58.366517,4000,11120
2026-03-11 08:35:58.366517,2358720,11107
2026-03-11 08:35:58.366517,1623660,10854
2026-03-11 08:35:58.366517,2252570,10781
2026-03-11 08:35:58.366517,377160,10694
2026-03-11 08:35:58.366517,594650,10662
2026-03-11 08:35:58.366517,2073620,10578
2026-03-11 08:35:58.366517,526870,10547
2026-03-11 08:35:58.366517,284160,10378
2026-03-11 08:35:58.366517,365670,10244
2026-03-11 08:35:58.366517,2183900,10100
2026-03-11 08:35:58.366517,427520,10040
2026-03-11 08:35:58.366517,813780,10012
2026-03-11 08:35:58.366517,2221490,9947
2026-03-11 08:35:58.366517,550,9881
2026-03-11 08:35:58.366517,892970,9868
2026-03-11 08:35:58.366517,1325860,9487
2026-03-11 08:35:58.366517,3932890,9101
2026-03-11 08:35:58.366517,3527290,9032
2026-03-11 09:25:08.135522,730,911310
2026-03-11 09:25:08.135522,578080,389998
2026-03-11 09:25:08.135522,570,343722
2026-03-11 09:25:08.135522,2868840,290173
2026-03-11 09:25:08.135522,3419430,126391
2026-03-11 09:25:08.135522,1172470,115632
2026-03-11 09:25:08.135522,2507950,85922
2026-03-11 09:25:08.135522,431960,80387
2026-03-11 09:25:08.135522,252490,76775
2026-03-11 09:25:08.135522,238960,62629
2026-03-11 09:25:08.135522,2676230,60698
2026-03-11 09:25:08.135522,1808500,56886
2026-03-11 09:25:08.135522,271590,53251
2026-03-11 09:25:08.135522,413150,45748
2026-03-11 09:25:08.135522,3764200,43868
2026-03-11 09:25:08.135522,236390,41887
2026-03-11 09:25:08.135522,440,40483
2026-03-11 09:25:08.135522,3240220,39437
2026-03-11 09:25:08.135522,2357570,39067
2026-03-11 09:25:08.135522,1973530,38196
2026-03-11 09:25:08.135522,230410,37129
2026-03-11 09:25:08.135522,1422450,36487
2026-03-11 09:25:08.135522,240,35409
2026-03-11 09:25:08.135522,1203220,34365
2026-03-11 09:25:08.135522,105600,34266
2026-03-11 09:25:08.135522,322170,33988
2026-03-11 09:25:08.135522,359550,33898
2026-03-11 09:25:08.135522,438100,29727
2026-03-11 09:25:08.135522,2767030,27927
2026-03-11 09:25:08.135522,646570,26802
2026-03-11 09:25:08.135522,1366800,26488
2026-03-11 09:25:08.135522,1281930,25248
2026-03-11 09:25:08.135522,552990,25014
2026-03-11 09:25:08.135522,394360,24777
2026-03-11 09:25:08.135522,221100,24248
2026-03-11 09:25:08.135522,2923300,24033
2026-03-11 09:25:08.135522,1623730,23973
2026-03-11 09:25:08.135522,289070,23846
2026-03-11 09:25:08.135522,381210,23806
2026-03-11 09:25:08.135522,4025700,23763
2026-03-11 09:25:08.135522,553850,23557
2026-03-11 09:25:08.135522,1086940,23411
2026-03-11 09:25:08.135522,294100,22190
2026-03-11 09:25:08.135522,322330,21204
2026-03-11 09:25:08.135522,686060,20839
2026-03-11 09:25:08.135522,3551340,20707
2026-03-11 09:25:08.135522,2246340,20577
2026-03-11 09:25:08.135522,3405690,20557
2026-03-11 09:25:08.135522,582660,20224
2026-03-11 09:25:08.135522,3564740,19287
2026-03-11 09:25:08.135522,218620,19240
2026-03-11 09:25:08.135522,1174180,19179
2026-03-11 09:25:08.135522,2807960,18720
2026-03-11 09:25:08.135522,2399830,18089
2026-03-11 09:25:08.135522,227300,17495
2026-03-11 09:25:08.135522,2622380,17363
2026-03-11 09:25:08.135522,1091500,17158
2026-03-11 09:25:08.135522,2744880,16998
2026-03-11 09:25:08.135522,1245620,16557
2026-03-11 09:25:08.135522,3472040,16541
2026-03-11 09:25:08.135522,255710,16259
2026-03-11 09:25:08.135522,1222670,16160
2026-03-11 09:25:08.135522,261550,16077
2026-03-11 09:25:08.135522,1449850,16002
2026-03-11 09:25:08.135522,3241660,15749
2026-03-11 09:25:08.135522,346110,15483
2026-03-11 09:25:08.135522,1905180,15468
2026-03-11 09:25:08.135522,1364780,15276
2026-03-11 09:25:08.135522,108600,15205
2026-03-11 09:25:08.135522,2050650,15083
2026-03-11 09:25:08.135522,251570,14303
2026-03-11 09:25:08.135522,1938090,13949
2026-03-11 09:25:08.135522,489830,13523
2026-03-11 09:25:08.135522,4465480,13364
2026-03-11 09:25:08.135522,1142710,13133
2026-03-11 09:25:08.135522,2300320,12812
2026-03-11 09:25:08.135522,1771300,12486
2026-03-11 09:25:08.135522,766570,12307
2026-03-11 09:25:08.135522,2358720,12012
2026-03-11 09:25:08.135522,1158310,11974
2026-03-11 09:25:08.135522,250900,11915
2026-03-11 09:25:08.135522,2252570,11879
2026-03-11 09:25:08.135522,4000,11640
2026-03-11 09:25:08.135522,1476970,11626
2026-03-11 09:25:08.135522,2073620,11412
2026-03-11 09:25:08.135522,526870,11348
2026-03-11 09:25:08.135522,594650,11258
2026-03-11 09:25:08.135522,377160,10952
2026-03-11 09:25:08.135522,284160,10895
2026-03-11 09:25:08.135522,1623660,10840
2026-03-11 09:25:08.135522,365670,10757
2026-03-11 09:25:08.135522,813780,10627
2026-03-11 09:25:08.135522,427520,10504
2026-03-11 09:25:08.135522,2183900,10449
2026-03-11 09:25:08.135522,892970,10372
2026-03-11 09:25:08.135522,2221490,10302
2026-03-11 09:25:08.135522,3932890,9715
2026-03-11 09:25:08.135522,1325860,9698
2026-03-11 09:25:08.135522,550,9545
2026-03-11 09:25:08.135522,8930,9508
2026-03-11 10:06:06.949465,730,933092
2026-03-11 10:06:06.949465,578080,509763
2026-03-11 10:06:06.949465,570,360816
2026-03-11 10:06:06.949465,2868840,299234
2026-03-11 10:06:06.949465,3419430,126590
2026-03-11 10:06:06.949465,1172470,116027
2026-03-11 10:06:06.949465,2507950,87766
2026-03-11 10:06:06.949465,431960,84430
2026-03-11 10:06:06.949465,252490,81280
2026-03-11 10:06:06.949465,238960,66294
2026-03-11 10:06:06.949465,2676230,61392
2026-03-11 10:06:06.949465,1808500,58689
2026-03-11 10:06:06.949465,271590,56774
2026-03-11 10:06:06.949465,413150,46105
2026-03-11 10:06:06.949465,3764200,45590
2026-03-11 10:06:06.949465,236390,44174
2026-03-11 10:06:06.949465,440,43147
2026-03-11 10:06:06.949465,1973530,40815
2026-03-11 10:06:06.949465,3240220,40706
2026-03-11 10:06:06.949465,2357570,39972
2026-03-11 10:06:06.949465,230410,38452
2026-03-11 10:06:06.949465,240,37609
2026-03-11 10:06:06.949465,1422450,35941
2026-03-11 10:06:06.949465,1203220,35288
2026-03-11 10:06:06.949465,322170,35112
2026-03-11 10:06:06.949465,105600,34456
2026-03-11 10:06:06.949465,359550,34074
2026-03-11 10:06:06.949465,438100,29588
2026-03-11 10:06:06.949465,646570,28034
2026-03-11 10:06:06.949465,1366800,27053
2026-03-11 10:06:06.949465,2767030,26995
2026-03-11 10:06:06.949465,394360,26388
2026-03-11 10:06:06.949465,1281930,26147
2026-03-11 10:06:06.949465,221100,25599
2026-03-11 10:06:06.949465,552990,25292
2026-03-11 10:06:06.949465,289070,24869
2026-03-11 10:06:06.949465,4025700,24758
2026-03-11 10:06:06.949465,1623730,24719
2026-03-11 10:06:06.949465,381210,24490
2026-03-11 10:06:06.949465,553850,24272
2026-03-11 10:06:06.949465,1086940,24244
2026-03-11 10:06:06.949465,2923300,23704
2026-03-11 10:06:06.949465,294100,23110
2026-03-11 10:06:06.949465,3551340,22835
2026-03-11 10:06:06.949465,3405690,22696
2026-03-11 10:06:06.949465,2246340,21658
2026-03-11 10:06:06.949465,686060,21589
2026-03-11 10:06:06.949465,322330,21051
2026-03-11 10:06:06.949465,3564740,20601
2026-03-11 10:06:06.949465,582660,20476
2026-03-11 10:06:06.949465,1174180,19884
2026-03-11 10:06:06.949465,2807960,19840
2026-03-11 10:06:06.949465,218620,19642
2026-03-11 10:06:06.949465,227300,19583
2026-03-11 10:06:06.949465,2399830,18780
2026-03-11 10:06:06.949465,2744880,18230
2026-03-11 10:06:06.949465,1091500,17730
2026-03-11 10:06:06.949465,3472040,17418
2026-03-11 10:06:06.949465,1449850,17273
2026-03-11 10:06:06.949465,2622380,17195
2026-03-11 10:06:06.949465,1245620,17036
2026-03-11 10:06:06.949465,255710,16993
2026-03-11 10:06:06.949465,261550,16979
2026-03-11 10:06:06.949465,1364780,16657
2026-03-11 10:06:06.949465,1222670,16528
2026-03-11 10:06:06.949465,346110,16190
2026-03-11 10:06:06.949465,1905180,16107
2026-03-11 10:06:06.949465,108600,15888
2026-03-11 10:06:06.949465,2050650,15710
2026-03-11 10:06:06.949465,3241660,15539
2026-03-11 10:06:06.949465,251570,14882
2026-03-11 10:06:06.949465,4465480,14609
2026-03-11 10:06:06.949465,1938090,14234
2026-03-11 10:06:06.949465,1142710,13997
2026-03-11 10:06:06.949465,2300320,13972
2026-03-11 10:06:06.949465,489830,13919
2026-03-11 10:06:06.949465,1771300,13199
2026-03-11 10:06:06.949465,766570,12863
2026-03-11 10:06:06.949465,250900,12822
2026-03-11 10:06:06.949465,2252570,12721
2026-03-11 10:06:06.949465,1158310,12534
2026-03-11 10:06:06.949465,2358720,12391
2026-03-11 10:06:06.949465,2073620,12252
2026-03-11 10:06:06.949465,4000,12160
2026-03-11 10:06:06.949465,526870,12115
2026-03-11 10:06:06.949465,1476970,11718
2026-03-11 10:06:06.949465,284160,11522
2026-03-11 10:06:06.949465,594650,11316
2026-03-11 10:06:06.949465,377160,11272
2026-03-11 10:06:06.949465,813780,11245
2026-03-11 10:06:06.949465,427520,11133
2026-03-11 10:06:06.949465,365670,11053
2026-03-11 10:06:06.949465,892970,10923
2026-03-11 10:06:06.949465,1623660,10913
2026-03-11 10:06:06.949465,2183900,10838
2026-03-11 10:06:06.949465,2221490,10643
2026-03-11 10:06:06.949465,1325860,10283
2026-03-11 10:06:06.949465,3932890,10251
2026-03-11 10:06:06.949465,393380,10061
2026-03-11 10:06:06.949465,8930,9993
2026-03-11 10:57:50.334699,730,999555
2026-03-11 10:57:50.334699,578080,513931
2026-03-11 10:57:50.334699,570,390389
2026-03-11 10:57:50.334699,2868840,337142
2026-03-11 10:57:50.334699,1172470,130604
2026-03-11 10:57:50.334699,3419430,126414
2026-03-11 10:57:50.334699,2507950,94773
2026-03-11 10:57:50.334699,431960,90997
2026-03-11 10:57:50.334699,252490,88189
2026-03-11 10:57:50.334699,238960,70798
2026-03-11 10:57:50.334699,271590,61583
2026-03-11 10:57:50.334699,2676230,60996
2026-03-11 10:57:50.334699,1808500,60870
2026-03-11 10:57:50.334699,3764200,50062
2026-03-11 10:57:50.334699,413150,49139
2026-03-11 10:57:50.334699,236390,48350
2026-03-11 10:57:50.334699,440,45277
2026-03-11 10:57:50.334699,1973530,44094
2026-03-11 10:57:50.334699,3240220,43083
2026-03-11 10:57:50.334699,2357570,42170
2026-03-11 10:57:50.334699,230410,41513
2026-03-11 10:57:50.334699,1203220,39953
2026-03-11 10:57:50.334699,240,37315
2026-03-11 10:57:50.334699,1422450,36823
2026-03-11 10:57:50.334699,105600,36762
2026-03-11 10:57:50.334699,322170,35593
2026-03-11 10:57:50.334699,359550,35190
2026-03-11 10:57:50.334699,646570,30118
2026-03-11 10:57:50.334699,438100,28891
2026-03-11 10:57:50.334699,394360,28781
2026-03-11 10:57:50.334699,1366800,28334
2026-03-11 10:57:50.334699,221100,27516
2026-03-11 10:57:50.334699,1281930,27098
2026-03-11 10:57:50.334699,381210,26934
2026-03-11 10:57:50.334699,4025700,26801
2026-03-11 10:57:50.334699,289070,26726
2026-03-11 10:57:50.334699,1623730,26655
2026-03-11 10:57:50.334699,553850,26403
2026-03-11 10:57:50.334699,2767030,26392
2026-03-11 10:57:50.334699,1086940,25988
2026-03-11 10:57:50.334699,552990,25714
2026-03-11 10:57:50.334699,3405690,25536
2026-03-11 10:57:50.334699,3551340,25161
2026-03-11 10:57:50.334699,294100,24887
2026-03-11 10:57:50.334699,2246340,24779
2026-03-11 10:57:50.334699,2923300,24562
2026-03-11 10:57:50.334699,3564740,23285
2026-03-11 10:57:50.334699,686060,22769
2026-03-11 10:57:50.334699,322330,22395
2026-03-11 10:57:50.334699,2807960,21634
2026-03-11 10:57:50.334699,227300,21571
2026-03-11 10:57:50.334699,1174180,21392
2026-03-11 10:57:50.334699,582660,20955
2026-03-11 10:57:50.334699,2399830,20222
2026-03-11 10:57:50.334699,218620,19491
2026-03-11 10:57:50.334699,2744880,19340
2026-03-11 10:57:50.334699,1449850,19269
2026-03-11 10:57:50.334699,3472040,19161
2026-03-11 10:57:50.334699,1091500,18974
2026-03-11 10:57:50.334699,2622380,18881
2026-03-11 10:57:50.334699,1364780,18789
2026-03-11 10:57:50.334699,261550,18476
2026-03-11 10:57:50.334699,1245620,18301
2026-03-11 10:57:50.334699,255710,17572
2026-03-11 10:57:50.334699,1222670,17551
2026-03-11 10:57:50.334699,1905180,17456
2026-03-11 10:57:50.334699,346110,17246
2026-03-11 10:57:50.334699,108600,17128
2026-03-11 10:57:50.334699,2050650,16758
2026-03-11 10:57:50.334699,3241660,16195
2026-03-11 10:57:50.334699,251570,16188
2026-03-11 10:57:50.334699,4465480,15980
2026-03-11 10:57:50.334699,1938090,15420
2026-03-11 10:57:50.334699,1142710,15239
2026-03-11 10:57:50.334699,2300320,14740
2026-03-11 10:57:50.334699,489830,14548
2026-03-11 10:57:50.334699,1771300,14422
2026-03-11 10:57:50.334699,766570,14301
2026-03-11 10:57:50.334699,250900,14130
2026-03-11 10:57:50.334699,2252570,13705
2026-03-11 10:57:50.334699,1818450,13531
2026-03-11 10:57:50.334699,3065800,13395
2026-03-11 10:57:50.334699,1158310,13376
2026-03-11 10:57:50.334699,2073620,13341
2026-03-11 10:57:50.334699,2358720,13317
2026-03-11 10:57:50.334699,4000,13273
2026-03-11 10:57:50.334699,526870,12913
2026-03-11 10:57:50.334699,284160,12494
2026-03-11 10:57:50.334699,594650,12248
2026-03-11 10:57:50.334699,813780,12056
2026-03-11 10:57:50.334699,1476970,11908
2026-03-11 10:57:50.334699,427520,11891
2026-03-11 10:57:50.334699,892970,11867
2026-03-11 10:57:50.334699,377160,11840
2026-03-11 10:57:50.334699,2183900,11651
2026-03-11 10:57:50.334699,393380,11604
2026-03-11 10:57:50.334699,1325860,11420
2026-03-11 10:57:50.334699,365670,11306
2026-03-11 10:57:50.334699,2221490,11301
2026-03-11 10:57:50.334699,3932890,11210
2026-03-11 11:42:39.036402,730,1119899
2026-03-11 11:42:39.036402,578080,611432
2026-03-11 11:42:39.036402,570,431749
2026-03-11 11:42:39.036402,2868840,392709
2026-03-11 11:42:39.036402,1172470,164147
2026-03-11 11:42:39.036402,3419430,128351
2026-03-11 11:42:39.036402,2507950,109049
2026-03-11 11:42:39.036402,431960,97340
2026-03-11 11:42:39.036402,252490,95259
2026-03-11 11:42:39.036402,238960,75221
2026-03-11 11:42:39.036402,271590,66232
2026-03-11 11:42:39.036402,2676230,65431
2026-03-11 11:42:39.036402,1808500,63259
2026-03-11 11:42:39.036402,413150,55946
2026-03-11 11:42:39.036402,3764200,55812
2026-03-11 11:42:39.036402,236390,53929
2026-03-11 11:42:39.036402,1203220,49920
2026-03-11 11:42:39.036402,3240220,46956
2026-03-11 11:42:39.036402,2357570,46566
2026-03-11 11:42:39.036402,1973530,45809
2026-03-11 11:42:39.036402,440,45283
2026-03-11 11:42:39.036402,230410,45062
2026-03-11 11:42:39.036402,105600,40292
2026-03-11 11:42:39.036402,1422450,38828
2026-03-11 11:42:39.036402,322170,38041
2026-03-11 11:42:39.036402,359550,37572
2026-03-11 11:42:39.036402,240,37537
2026-03-11 11:42:39.036402,646570,32452
2026-03-11 11:42:39.036402,438100,32242
2026-03-11 11:42:39.036402,394360,31323
2026-03-11 11:42:39.036402,1281930,30735
2026-03-11 11:42:39.036402,381210,30497
2026-03-11 11:42:39.036402,553850,29628
2026-03-11 11:42:39.036402,1623730,29547
2026-03-11 11:42:39.036402,2246340,29531
2026-03-11 11:42:39.036402,4025700,29411
2026-03-11 11:42:39.036402,221100,29252
2026-03-11 11:42:39.036402,289070,29206
2026-03-11 11:42:39.036402,1366800,28891
2026-03-11 11:42:39.036402,1086940,28533
2026-03-11 11:42:39.036402,3405690,28095
2026-03-11 11:42:39.036402,3564740,27337
2026-03-11 11:42:39.036402,3551340,27085
2026-03-11 11:42:39.036402,2767030,26784
2026-03-11 11:42:39.036402,552990,26414
2026-03-11 11:42:39.036402,294100,26396
2026-03-11 11:42:39.036402,2923300,25990
2026-03-11 11:42:39.036402,322330,25829
2026-03-11 11:42:39.036402,686060,24362
2026-03-11 11:42:39.036402,2622380,24180
2026-03-11 11:42:39.036402,227300,23932
2026-03-11 11:42:39.036402,2807960,23550
2026-03-11 11:42:39.036402,1174180,23458
2026-03-11 11:42:39.036402,4465480,22254
2026-03-11 11:42:39.036402,2399830,22077
2026-03-11 11:42:39.036402,3065800,22064
2026-03-11 11:42:39.036402,2744880,21940
2026-03-11 11:42:39.036402,1364780,21533
2026-03-11 11:42:39.036402,582660,21510
2026-03-11 11:42:39.036402,1449850,21266
2026-03-11 11:42:39.036402,3241660,21062
2026-03-11 11:42:39.036402,3472040,20899
2026-03-11 11:42:39.036402,1091500,20649
2026-03-11 11:42:39.036402,1245620,20402
2026-03-11 11:42:39.036402,261550,20270
2026-03-11 11:42:39.036402,1905180,20002
2026-03-11 11:42:39.036402,218620,19392
2026-03-11 11:42:39.036402,346110,18883
2026-03-11 11:42:39.036402,108600,18880
2026-03-11 11:42:39.036402,255710,18770
2026-03-11 11:42:39.036402,1222670,18599
2026-03-11 11:42:39.036402,2050650,18521
2026-03-11 11:42:39.036402,251570,18252
2026-03-11 11:42:39.036402,1938090,17081
2026-03-11 11:42:39.036402,1142710,16482
2026-03-11 11:42:39.036402,1818450,16391
2026-03-11 11:42:39.036402,1771300,15826
2026-03-11 11:42:39.036402,766570,15695
2026-03-11 11:42:39.036402,594650,15681
2026-03-11 11:42:39.036402,2300320,15446
2026-03-11 11:42:39.036402,489830,15327
2026-03-11 11:42:39.036402,250900,15283
2026-03-11 11:42:39.036402,2358720,15276
2026-03-11 11:42:39.036402,4000,14717
2026-03-11 11:42:39.036402,2073620,14682
2026-03-11 11:42:39.036402,2252570,14629
2026-03-11 11:42:39.036402,1158310,14527
2026-03-11 11:42:39.036402,526870,13922
2026-03-11 11:42:39.036402,284160,13331
2026-03-11 11:42:39.036402,1325860,13296
2026-03-11 11:42:39.036402,393380,13291
2026-03-11 11:42:39.036402,1049590,13284
2026-03-11 11:42:39.036402,892970,13167
2026-03-11 11:42:39.036402,813780,13029
2026-03-11 11:42:39.036402,2183900,12948
2026-03-11 11:42:39.036402,377160,12606
2026-03-11 11:42:39.036402,427520,12442
2026-03-11 11:42:39.036402,3932890,12433
2026-03-11 11:42:39.036402,2221490,12253
2026-03-11 11:42:39.036402,2584990,12237
2026-03-11 12:02:16.634739,730,1185703
2026-03-11 12:02:16.634739,578080,662782
2026-03-11 12:02:16.634739,570,454801
2026-03-11 12:02:16.634739,2868840,419589
2026-03-11 12:02:16.634739,1172470,183304
2026-03-11 12:02:16.634739,3419430,129759
2026-03-11 12:02:16.634739,2507950,118131
2026-03-11 12:02:16.634739,431960,100551
2026-03-11 12:02:16.634739,252490,98999
2026-03-11 12:02:16.634739,238960,77397
2026-03-11 12:02:16.634739,2676230,70613
2026-03-11 12:02:16.634739,271590,68799
2026-03-11 12:02:16.634739,1808500,64929
2026-03-11 12:02:16.634739,413150,59901
2026-03-11 12:02:16.634739,3764200,59103
2026-03-11 12:02:16.634739,1203220,55258
2026-03-11 12:02:16.634739,236390,54225
2026-03-11 12:02:16.634739,2357570,49628
2026-03-11 12:02:16.634739,3240220,49577
2026-03-11 12:02:16.634739,230410,46895
2026-03-11 12:02:16.634739,1973530,46497
2026-03-11 12:02:16.634739,440,45708
2026-03-11 12:02:16.634739,105600,42316
2026-03-11 12:02:16.634739,240,40382
2026-03-11 12:02:16.634739,1422450,39781
2026-03-11 12:02:16.634739,322170,39595
2026-03-11 12:02:16.634739,359550,39561
2026-03-11 12:02:16.634739,438100,34142
2026-03-11 12:02:16.634739,646570,33534
2026-03-11 12:02:16.634739,394360,32745
2026-03-11 12:02:16.634739,1281930,32711
2026-03-11 12:02:16.634739,381210,32367
2026-03-11 12:02:16.634739,2246340,32336
2026-03-11 12:02:16.634739,553850,31546
2026-03-11 12:02:16.634739,1623730,31043
2026-03-11 12:02:16.634739,4025700,30739
2026-03-11 12:02:16.634739,289070,30492
2026-03-11 12:02:16.634739,221100,30026
2026-03-11 12:02:16.634739,1086940,29893
2026-03-11 12:02:16.634739,3405690,29833
2026-03-11 12:02:16.634739,3564740,29723
2026-03-11 12:02:16.634739,1366800,29543
2026-03-11 12:02:16.634739,3551340,28076
2026-03-11 12:02:16.634739,322330,27747
2026-03-11 12:02:16.634739,2767030,27483
2026-03-11 12:02:16.634739,294100,27134
2026-03-11 12:02:16.634739,2622380,27082
2026-03-11 12:02:16.634739,552990,27054
2026-03-11 12:02:16.634739,4465480,26094
2026-03-11 12:02:16.634739,2807960,25355
2026-03-11 12:02:16.634739,686060,25312
2026-03-11 12:02:16.634739,227300,25240
2026-03-11 12:02:16.634739,3241660,24662
2026-03-11 12:02:16.634739,1174180,24545
2026-03-11 12:02:16.634739,3065800,24139
2026-03-11 12:02:16.634739,2923300,24120
2026-03-11 12:02:16.634739,1364780,24012
2026-03-11 12:02:16.634739,2744880,23431
2026-03-11 12:02:16.634739,2399830,23175
2026-03-11 12:02:16.634739,1449850,22089
2026-03-11 12:02:16.634739,3472040,22036
2026-03-11 12:02:16.634739,582660,21707
2026-03-11 12:02:16.634739,1091500,21636
2026-03-11 12:02:16.634739,1245620,21573
2026-03-11 12:02:16.634739,261550,21193
2026-03-11 12:02:16.634739,1905180,20941
2026-03-11 12:02:16.634739,108600,19859
2026-03-11 12:02:16.634739,346110,19825
2026-03-11 12:02:16.634739,2050650,19540
2026-03-11 12:02:16.634739,255710,19465
2026-03-11 12:02:16.634739,218620,19462
2026-03-11 12:02:16.634739,1222670,19376
2026-03-11 12:02:16.634739,251570,19308
2026-03-11 12:02:16.634739,1938090,18048
2026-03-11 12:02:16.634739,594650,17606
2026-03-11 12:02:16.634739,1818450,17272
2026-03-11 12:02:16.634739,1142710,17224
2026-03-11 12:02:16.634739,1771300,16591
2026-03-11 12:02:16.634739,2358720,16359
2026-03-11 12:02:16.634739,766570,16265
2026-03-11 12:02:16.634739,2300320,15985
2026-03-11 12:02:16.634739,489830,15953
2026-03-11 12:02:16.634739,250900,15901
2026-03-11 12:02:16.634739,2073620,15419
2026-03-11 12:02:16.634739,4000,15329
2026-03-11 12:02:16.634739,2252570,15136
2026-03-11 12:02:16.634739,1158310,15002
2026-03-11 12:02:16.634739,1325860,14718
2026-03-11 12:02:16.634739,1049590,14330
2026-03-11 12:02:16.634739,526870,14330
2026-03-11 12:02:16.634739,393380,14070
2026-03-11 12:02:16.634739,892970,13969
2026-03-11 12:02:16.634739,284160,13912
2026-03-11 12:02:16.634739,2183900,13829
2026-03-11 12:02:16.634739,813780,13482
2026-03-11 12:02:16.634739,3527290,13109
2026-03-11 12:02:16.634739,1329410,13074
2026-03-11 12:02:16.634739,3932890,13013
2026-03-11 12:02:16.634739,377160,12926
2026-03-11 12:02:16.634739,2584990,12824
2026-03-11 13:22:59.344852,730,1461342
2026-03-11 13:22:59.344852,578080,851064
2026-03-11 13:22:59.344852,570,539493
2026-03-11 13:22:59.344852,2868840,524923
2026-03-11 13:22:59.344852,1172470,256938
2026-03-11 13:22:59.344852,2507950,150863
2026-03-11 13:22:59.344852,3419430,135346
2026-03-11 13:22:59.344852,252490,113056
2026-03-11 13:22:59.344852,431960,111934
2026-03-11 13:22:59.344852,2676230,95032
2026-03-11 13:22:59.344852,238960,86172
2026-03-11 13:22:59.344852,271590,79816
2026-03-11 13:22:59.344852,413150,77209
2026-03-11 13:22:59.344852,1808500,76676
2026-03-11 13:22:59.344852,1203220,75582
2026-03-11 13:22:59.344852,3764200,73125
2026-03-11 13:22:59.344852,236390,70710
2026-03-11 13:22:59.344852,2357570,65081
2026-03-11 13:22:59.344852,3240220,61917
2026-03-11 13:22:59.344852,230410,53599
2026-03-11 13:22:59.344852,105600,52935
2026-03-11 13:22:59.344852,359550,51282
2026-03-11 13:22:59.344852,440,50287
2026-03-11 13:22:59.344852,1973530,49116
2026-03-11 13:22:59.344852,322170,48847
2026-03-11 13:22:59.344852,1422450,47427
2026-03-11 13:22:59.344852,438100,44929
2026-03-11 13:22:59.344852,3241660,44419
2026-03-11 13:22:59.344852,2246340,42874
2026-03-11 13:22:59.344852,553850,41931
2026-03-11 13:22:59.344852,381210,41011
2026-03-11 13:22:59.344852,1281930,40477
2026-03-11 13:22:59.344852,2622380,39024
2026-03-11 13:22:59.344852,394360,38776
2026-03-11 13:22:59.344852,646570,38770
2026-03-11 13:22:59.344852,3405690,38701
2026-03-11 13:22:59.344852,3564740,38632
2026-03-11 13:22:59.344852,1623730,37231
2026-03-11 13:22:59.344852,1086940,36240
2026-03-11 13:22:59.344852,322330,35904
2026-03-11 13:22:59.344852,4025700,35615
2026-03-11 13:22:59.344852,240,35060
2026-03-11 13:22:59.344852,289070,34964
2026-03-11 13:22:59.344852,221100,33904
2026-03-11 13:22:59.344852,1366800,33403
2026-03-11 13:22:59.344852,2744880,32892
2026-03-11 13:22:59.344852,2807960,32527
2026-03-11 13:22:59.344852,2767030,31986
2026-03-11 13:22:59.344852,3551340,31193
2026-03-11 13:22:59.344852,227300,31150
2026-03-11 13:22:59.344852,1174180,30186
2026-03-11 13:22:59.344852,294100,30035
2026-03-11 13:22:59.344852,3065800,29874
2026-03-11 13:22:59.344852,4465480,29581
2026-03-11 13:22:59.344852,686060,29106
2026-03-11 13:22:59.344852,1364780,28705
2026-03-11 13:22:59.344852,552990,28426
2026-03-11 13:22:59.344852,2399830,27331
2026-03-11 13:22:59.344852,1245620,26872
2026-03-11 13:22:59.344852,3472040,26825
2026-03-11 13:22:59.344852,1091500,25940
2026-03-11 13:22:59.344852,2923300,25331
2026-03-11 13:22:59.344852,1905180,25157
2026-03-11 13:22:59.344852,594650,25004
2026-03-11 13:22:59.344852,261550,24779
2026-03-11 13:22:59.344852,1449850,24683
2026-03-11 13:22:59.344852,108600,24446
2026-03-11 13:22:59.344852,2050650,24337
2026-03-11 13:22:59.344852,346110,24330
2026-03-11 13:22:59.344852,251570,23503
2026-03-11 13:22:59.344852,255710,23383
2026-03-11 13:22:59.344852,1222670,22826
2026-03-11 13:22:59.344852,1938090,22686
2026-03-11 13:22:59.344852,582660,22653
2026-03-11 13:22:59.344852,2358720,20629
2026-03-11 13:22:59.344852,1142710,20185
2026-03-11 13:22:59.344852,218620,20084
2026-03-11 13:22:59.344852,3527290,19693
2026-03-11 13:22:59.344852,1771300,19662
2026-03-11 13:22:59.344852,1818450,19259
2026-03-11 13:22:59.344852,4000,18747
2026-03-11 13:22:59.344852,550,18577
2026-03-11 13:22:59.344852,2073620,18577
2026-03-11 13:22:59.344852,2300320,18547
2026-03-11 13:22:59.344852,1426210,18418
2026-03-11 13:22:59.344852,1325860,18352
2026-03-11 13:22:59.344852,489830,18302
2026-03-11 13:22:59.344852,250900,18235
2026-03-11 13:22:59.344852,766570,18198
2026-03-11 13:22:59.344852,1049590,17455
2026-03-11 13:22:59.344852,1158310,17347
2026-03-11 13:22:59.344852,892970,17272
2026-03-11 13:22:59.344852,2183900,17130
2026-03-11 13:22:59.344852,526870,16998
2026-03-11 13:22:59.344852,284160,16967
2026-03-11 13:22:59.344852,582010,16858
2026-03-11 13:22:59.344852,2252570,16571
2026-03-11 13:22:59.344852,393380,16539
2026-03-11 13:22:59.344852,813780,16192
2026-03-11 13:22:59.344852,2221490,15506
2026-03-11 14:14:36.878461,730,1542359
2026-03-11 14:14:36.878461,578080,874197
2026-03-11 14:14:36.878461,570,581668
2026-03-11 14:14:36.878461,2868840,563802
2026-03-11 14:14:36.878461,1172470,268390
2026-03-11 14:14:36.878461,2507950,157931
2026-03-11 14:14:36.878461,3419430,136603
2026-03-11 14:14:36.878461,252490,120240
2026-03-11 14:14:36.878461,431960,115857
2026-03-11 14:14:36.878461,2676230,110431
2026-03-11 14:14:36.878461,238960,92461
2026-03-11 14:14:36.878461,1808500,85983
2026-03-11 14:14:36.878461,271590,85021
2026-03-11 14:14:36.878461,413150,84202
2026-03-11 14:14:36.878461,3764200,78492
2026-03-11 14:14:36.878461,1203220,78034
2026-03-11 14:14:36.878461,236390,75813
2026-03-11 14:14:36.878461,2357570,72894
2026-03-11 14:14:36.878461,3240220,66304
2026-03-11 14:14:36.878461,359550,57885
2026-03-11 14:14:36.878461,105600,56766
2026-03-11 14:14:36.878461,230410,56303
2026-03-11 14:14:36.878461,322170,55451
2026-03-11 14:14:36.878461,3241660,53797
2026-03-11 14:14:36.878461,1422450,53080
2026-03-11 14:14:36.878461,440,50598
2026-03-11 14:14:36.878461,438100,50219
2026-03-11 14:14:36.878461,1973530,49495
2026-03-11 14:14:36.878461,553850,45670
2026-03-11 14:14:36.878461,381210,44966
2026-03-11 14:14:36.878461,2246340,44829
2026-03-11 14:14:36.878461,3405690,44503
2026-03-11 14:14:36.878461,1281930,44053
2026-03-11 14:14:36.878461,394360,41990
2026-03-11 14:14:36.878461,2622380,41453
2026-03-11 14:14:36.878461,3564740,41262
2026-03-11 14:14:36.878461,646570,40882
2026-03-11 14:14:36.878461,1086940,39675
2026-03-11 14:14:36.878461,1623730,39209
2026-03-11 14:14:36.878461,240,37927
2026-03-11 14:14:36.878461,322330,37882
2026-03-11 14:14:36.878461,4025700,37338
2026-03-11 14:14:36.878461,289070,36663
2026-03-11 14:14:36.878461,221100,36627
2026-03-11 14:14:36.878461,2744880,35739
2026-03-11 14:14:36.878461,2767030,35547
2026-03-11 14:14:36.878461,1366800,35510
2026-03-11 14:14:36.878461,2807960,35059
2026-03-11 14:14:36.878461,227300,34710
2026-03-11 14:14:36.878461,4465480,33994
2026-03-11 14:14:36.878461,3551340,32842
2026-03-11 14:14:36.878461,1174180,32420
2026-03-11 14:14:36.878461,3065800,32396
2026-03-11 14:14:36.878461,686060,31740
2026-03-11 14:14:36.878461,294100,31331
2026-03-11 14:14:36.878461,1364780,30863
2026-03-11 14:14:36.878461,1245620,29366
2026-03-11 14:14:36.878461,2399830,29090
2026-03-11 14:14:36.878461,3472040,28787
2026-03-11 14:14:36.878461,552990,28456
2026-03-11 14:14:36.878461,1091500,28040
2026-03-11 14:14:36.878461,594650,26614
2026-03-11 14:14:36.878461,108600,26471
2026-03-11 14:14:36.878461,2050650,26407
2026-03-11 14:14:36.878461,1905180,26386
2026-03-11 14:14:36.878461,261550,26300
2026-03-11 14:14:36.878461,2923300,26053
2026-03-11 14:14:36.878461,346110,25817
2026-03-11 14:14:36.878461,251570,25073
2026-03-11 14:14:36.878461,255710,25048
2026-03-11 14:14:36.878461,1222670,24966
2026-03-11 14:14:36.878461,1449850,24849
2026-03-11 14:14:36.878461,1938090,24663
2026-03-11 14:14:36.878461,582660,23308
2026-03-11 14:14:36.878461,3527290,22545
2026-03-11 14:14:36.878461,2358720,21721
2026-03-11 14:14:36.878461,1142710,21478
2026-03-11 14:14:36.878461,1426210,21456
2026-03-11 14:14:36.878461,1771300,21372
2026-03-11 14:14:36.878461,550,21048
2026-03-11 14:14:36.878461,218620,20746
2026-03-11 14:14:36.878461,2300320,20660
2026-03-11 14:14:36.878461,4000,20488
2026-03-11 14:14:36.878461,1818450,20382
2026-03-11 14:14:36.878461,2073620,20318
2026-03-11 14:14:36.878461,250900,19768
2026-03-11 14:14:36.878461,489830,19749
2026-03-11 14:14:36.878461,892970,19406
2026-03-11 14:14:36.878461,1325860,18906
2026-03-11 14:14:36.878461,284160,18834
2026-03-11 14:14:36.878461,2183900,18591
2026-03-11 14:14:36.878461,766570,18526
2026-03-11 14:14:36.878461,526870,18511
2026-03-11 14:14:36.878461,1158310,18500
2026-03-11 14:14:36.878461,582010,18195
2026-03-11 14:14:36.878461,813780,17611
2026-03-11 14:14:36.878461,1049590,17487
2026-03-11 14:14:36.878461,2252570,17364
2026-03-11 14:14:36.878461,2221490,16951
2026-03-11 14:14:36.878461,393380,16822
2026-03-11 15:07:33.934066,730,1483264
2026-03-11 15:07:33.934066,578080,767102
2026-03-11 15:07:33.934066,570,595217
2026-03-11 15:07:33.934066,2868840,548778
2026-03-11 15:07:33.934066,1172470,234452
2026-03-11 15:07:33.934066,2507950,143909
2026-03-11 15:07:33.934066,3419430,136046
2026-03-11 15:07:33.934066,252490,126617
2026-03-11 15:07:33.934066,2676230,120833
2026-03-11 15:07:33.934066,431960,113438
2026-03-11 15:07:33.934066,238960,99467
2026-03-11 15:07:33.934066,1808500,95099
2026-03-11 15:07:33.934066,271590,88287
2026-03-11 15:07:33.934066,413150,80986
2026-03-11 15:07:33.934066,3764200,78978
2026-03-11 15:07:33.934066,236390,77607
2026-03-11 15:07:33.934066,2357570,76687
2026-03-11 15:07:33.934066,3240220,64792
2026-03-11 15:07:33.934066,1203220,64251
2026-03-11 15:07:33.934066,322170,61342
2026-03-11 15:07:33.934066,359550,59086
2026-03-11 15:07:33.934066,105600,56366
2026-03-11 15:07:33.934066,230410,56074
2026-03-11 15:07:33.934066,1422450,54735
2026-03-11 15:07:33.934066,438100,52433
2026-03-11 15:07:33.934066,3241660,50210
2026-03-11 15:07:33.934066,3405690,48632
2026-03-11 15:07:33.934066,440,48279
2026-03-11 15:07:33.934066,1973530,46511
2026-03-11 15:07:33.934066,553850,45536
2026-03-11 15:07:33.934066,381210,45519
2026-03-11 15:07:33.934066,1281930,43702
2026-03-11 15:07:33.934066,394360,43257
2026-03-11 15:07:33.934066,2246340,42074
2026-03-11 15:07:33.934066,1086940,41444
2026-03-11 15:07:33.934066,646570,40562
2026-03-11 15:07:33.934066,3564740,40102
2026-03-11 15:07:33.934066,240,40086
2026-03-11 15:07:33.934066,221100,39743
2026-03-11 15:07:33.934066,2767030,39017
2026-03-11 15:07:33.934066,1623730,38363
2026-03-11 15:07:33.934066,1366800,37771
2026-03-11 15:07:33.934066,4025700,37478
2026-03-11 15:07:33.934066,227300,36656
2026-03-11 15:07:33.934066,289070,36516
2026-03-11 15:07:33.934066,2622380,36382
2026-03-11 15:07:33.934066,4465480,36351
2026-03-11 15:07:33.934066,2807960,35431
2026-03-11 15:07:33.934066,322330,34635
2026-03-11 15:07:33.934066,686060,34124
2026-03-11 15:07:33.934066,3551340,33802
2026-03-11 15:07:33.934066,3065800,33783
2026-03-11 15:07:33.934066,1174180,31921
2026-03-11 15:07:33.934066,294100,31364
2026-03-11 15:07:33.934066,2399830,29652
2026-03-11 15:07:33.934066,2744880,29618
2026-03-11 15:07:33.934066,1245620,29504
2026-03-11 15:07:33.934066,1364780,29169
2026-03-11 15:07:33.934066,3472040,28446
2026-03-11 15:07:33.934066,1091500,28283
2026-03-11 15:07:33.934066,108600,27944
2026-03-11 15:07:33.934066,261550,26742
2026-03-11 15:07:33.934066,1222670,26610
2026-03-11 15:07:33.934066,552990,26497
2026-03-11 15:07:33.934066,2050650,26255
2026-03-11 15:07:33.934066,1905180,26192
2026-03-11 15:07:33.934066,346110,25731
2026-03-11 15:07:33.934066,1938090,25558
2026-03-11 15:07:33.934066,251570,25112
2026-03-11 15:07:33.934066,2923300,25004
2026-03-11 15:07:33.934066,255710,24587
2026-03-11 15:07:33.934066,594650,24084
2026-03-11 15:07:33.934066,582660,23973
2026-03-11 15:07:33.934066,1449850,23607
2026-03-11 15:07:33.934066,2300320,23139
2026-03-11 15:07:33.934066,1142710,22212
2026-03-11 15:07:33.934066,1771300,22011
2026-03-11 15:07:33.934066,1818450,21688
2026-03-11 15:07:33.934066,218620,21641
2026-03-11 15:07:33.934066,4000,21625
2026-03-11 15:07:33.934066,2073620,21125
2026-03-11 15:07:33.934066,3527290,21077
2026-03-11 15:07:33.934066,892970,20992
2026-03-11 15:07:33.934066,489830,20982
2026-03-11 15:07:33.934066,550,20703
2026-03-11 15:07:33.934066,250900,20547
2026-03-11 15:07:33.934066,284160,20322
2026-03-11 15:07:33.934066,2358720,19976
2026-03-11 15:07:33.934066,526870,19736
2026-03-11 15:07:33.934066,1158310,19268
2026-03-11 15:07:33.934066,2183900,18681
2026-03-11 15:07:33.934066,766570,18270
2026-03-11 15:07:33.934066,813780,18118
2026-03-11 15:07:33.934066,1426210,18083
2026-03-11 15:07:33.934066,1325860,17574
2026-03-11 15:07:33.934066,377160,17508
2026-03-11 15:07:33.934066,2252570,17480
2026-03-11 15:07:33.934066,582010,17350
2026-03-11 15:07:33.934066,2221490,17344
2026-03-11 15:07:33.934066,252950,16480
2026-03-11 16:03:10.768613,730,1357655
2026-03-11 16:03:10.768613,570,585546
2026-03-11 16:03:10.768613,578080,561308
2026-03-11 16:03:10.768613,2868840,446143
2026-03-11 16:03:10.768613,1172470,166558
2026-03-11 16:03:10.768613,2676230,132534
2026-03-11 16:03:10.768613,252490,131880
2026-03-11 16:03:10.768613,3419430,130987
2026-03-11 16:03:10.768613,2507950,107326
2026-03-11 16:03:10.768613,238960,106492
2026-03-11 16:03:10.768613,1808500,104145
2026-03-11 16:03:10.768613,431960,98950
2026-03-11 16:03:10.768613,271590,88869
2026-03-11 16:03:10.768613,2357570,76902
2026-03-11 16:03:10.768613,236390,74427
2026-03-11 16:03:10.768613,3764200,73743
2026-03-11 16:03:10.768613,322170,66807
2026-03-11 16:03:10.768613,413150,66512
2026-03-11 16:03:10.768613,359550,63378
2026-03-11 16:03:10.768613,1422450,63243
2026-03-11 16:03:10.768613,3240220,56708
2026-03-11 16:03:10.768613,230410,52520
2026-03-11 16:03:10.768613,438100,50196
2026-03-11 16:03:10.768613,105600,50173
2026-03-11 16:03:10.768613,3405690,49997
2026-03-11 16:03:10.768613,440,49925
2026-03-11 16:03:10.768613,381210,44385
2026-03-11 16:03:10.768613,221100,44099
2026-03-11 16:03:10.768613,553850,42720
2026-03-11 16:03:10.768613,2767030,42505
2026-03-11 16:03:10.768613,394360,42013
2026-03-11 16:03:10.768613,1086940,41362
2026-03-11 16:03:10.768613,1203220,40470
2026-03-11 16:03:10.768613,240,40401
2026-03-11 16:03:10.768613,1366800,39364
2026-03-11 16:03:10.768613,4465480,39274
2026-03-11 16:03:10.768613,1973530,38520
2026-03-11 16:03:10.768613,1281930,37542
2026-03-11 16:03:10.768613,227300,36722
2026-03-11 16:03:10.768613,3564740,36293
2026-03-11 16:03:10.768613,4025700,36161
2026-03-11 16:03:10.768613,3241660,35693
2026-03-11 16:03:10.768613,686060,35583
2026-03-11 16:03:10.768613,3065800,34573
2026-03-11 16:03:10.768613,646570,34470
2026-03-11 16:03:10.768613,2246340,34148
2026-03-11 16:03:10.768613,2807960,34114
2026-03-11 16:03:10.768613,3551340,34068
2026-03-11 16:03:10.768613,1623730,33519
2026-03-11 16:03:10.768613,289070,33260
2026-03-11 16:03:10.768613,294100,30029
2026-03-11 16:03:10.768613,1174180,28819
2026-03-11 16:03:10.768613,2399830,28577
2026-03-11 16:03:10.768613,108600,28047
2026-03-11 16:03:10.768613,1222670,27421
2026-03-11 16:03:10.768613,1245620,26735
2026-03-11 16:03:10.768613,1938090,26589
2026-03-11 16:03:10.768613,2300320,26345
2026-03-11 16:03:10.768613,552990,26156
2026-03-11 16:03:10.768613,322330,26149
2026-03-11 16:03:10.768613,1091500,25950
2026-03-11 16:03:10.768613,2622380,25924
2026-03-11 16:03:10.768613,261550,25103
2026-03-11 16:03:10.768613,2923300,24918
2026-03-11 16:03:10.768613,1905180,24768
2026-03-11 16:03:10.768613,3472040,24679
2026-03-11 16:03:10.768613,582660,24482
2026-03-11 16:03:10.768613,2050650,23834
2026-03-11 16:03:10.768613,346110,23654
2026-03-11 16:03:10.768613,251570,23406
2026-03-11 16:03:10.768613,4000,23001
2026-03-11 16:03:10.768613,1818450,22738
2026-03-11 16:03:10.768613,1364780,22510
2026-03-11 16:03:10.768613,892970,22367
2026-03-11 16:03:10.768613,284160,22304
2026-03-11 16:03:10.768613,489830,22015
2026-03-11 16:03:10.768613,1142710,21958
2026-03-11 16:03:10.768613,2073620,21622
2026-03-11 16:03:10.768613,1771300,21315
2026-03-11 16:03:10.768613,526870,20932
2026-03-11 16:03:10.768613,255710,20736
2026-03-11 16:03:10.768613,218620,20543
2026-03-11 16:03:10.768613,250900,20172
2026-03-11 16:03:10.768613,1449850,19914
2026-03-11 16:03:10.768613,1158310,19474
2026-03-11 16:03:10.768613,594650,18797
2026-03-11 16:03:10.768613,550,18658
2026-03-11 16:03:10.768613,377160,18629
2026-03-11 16:03:10.768613,2221490,18139
2026-03-11 16:03:10.768613,813780,17816
2026-03-11 16:03:10.768613,2183900,17738
2026-03-11 16:03:10.768613,2252570,17105
2026-03-11 16:03:10.768613,766570,16979
2026-03-11 16:03:10.768613,427520,16476
2026-03-11 16:03:10.768613,3527290,16438
2026-03-11 16:03:10.768613,252950,16189
2026-03-11 16:03:10.768613,629520,16137
2026-03-11 16:03:10.768613,2744880,14894
2026-03-11 16:03:10.768613,1665460,14875
2026-03-11 16:03:10.768613,1325860,14858
2026-03-11 17:05:09.323831,730,1352613
2026-03-11 17:05:09.323831,570,567051
2026-03-11 17:05:09.323831,578080,394659
2026-03-11 17:05:09.323831,2868840,329393
2026-03-11 17:05:09.323831,2676230,145016
2026-03-11 17:05:09.323831,252490,135458
2026-03-11 17:05:09.323831,3419430,127173
2026-03-11 17:05:09.323831,1808500,118200
2026-03-11 17:05:09.323831,1172470,117912
2026-03-11 17:05:09.323831,238960,111838
2026-03-11 17:05:09.323831,271590,88706
2026-03-11 17:05:09.323831,431960,79936
2026-03-11 17:05:09.323831,2507950,78810
2026-03-11 17:05:09.323831,2357570,78453
2026-03-11 17:05:09.323831,236390,73679
2026-03-11 17:05:09.323831,322170,72175
2026-03-11 17:05:09.323831,1422450,70858
2026-03-11 17:05:09.323831,3764200,69523
2026-03-11 17:05:09.323831,359550,68233
2026-03-11 17:05:09.323831,413150,56393
2026-03-11 17:05:09.323831,440,51868
2026-03-11 17:05:09.323831,3405690,51622
2026-03-11 17:05:09.323831,3240220,49953
2026-03-11 17:05:09.323831,230410,49580
2026-03-11 17:05:09.323831,2767030,47939
2026-03-11 17:05:09.323831,221100,47580
2026-03-11 17:05:09.323831,438100,46244
2026-03-11 17:05:09.323831,381210,44862
2026-03-11 17:05:09.323831,105600,44794
2026-03-11 17:05:09.323831,553850,43517
2026-03-11 17:05:09.323831,1086940,42569
2026-03-11 17:05:09.323831,394360,41230
2026-03-11 17:05:09.323831,1366800,41057
2026-03-11 17:05:09.323831,4465480,40652
2026-03-11 17:05:09.323831,240,38604
2026-03-11 17:05:09.323831,227300,38151
2026-03-11 17:05:09.323831,3065800,37027
2026-03-11 17:05:09.323831,686060,36848
2026-03-11 17:05:09.323831,2807960,35358
2026-03-11 17:05:09.323831,3551340,34900
2026-03-11 17:05:09.323831,4025700,32861
2026-03-11 17:05:09.323831,1281930,32486
2026-03-11 17:05:09.323831,3564740,31509
2026-03-11 17:05:09.323831,1973530,31083
2026-03-11 17:05:09.323831,2300320,29957
2026-03-11 17:05:09.323831,289070,29742
2026-03-11 17:05:09.323831,3241660,29040
2026-03-11 17:05:09.323831,1623730,28852
2026-03-11 17:05:09.323831,252950,28763
2026-03-11 17:05:09.323831,1222670,28315
2026-03-11 17:05:09.323831,294100,28312
2026-03-11 17:05:09.323831,108600,28181
2026-03-11 17:05:09.323831,2399830,27958
2026-03-11 17:05:09.323831,2246340,27593
2026-03-11 17:05:09.323831,1174180,26309
2026-03-11 17:05:09.323831,646570,26296
2026-03-11 17:05:09.323831,552990,25841
2026-03-11 17:05:09.323831,582660,25357
2026-03-11 17:05:09.323831,2923300,25184
2026-03-11 17:05:09.323831,1245620,25023
2026-03-11 17:05:09.323831,284160,24504
2026-03-11 17:05:09.323831,1203220,24229
2026-03-11 17:05:09.323831,4000,24212
2026-03-11 17:05:09.323831,1091500,24148
2026-03-11 17:05:09.323831,892970,23982
2026-03-11 17:05:09.323831,1818450,23264
2026-03-11 17:05:09.323831,261550,23205
2026-03-11 17:05:09.323831,489830,23150
2026-03-11 17:05:09.323831,1905180,23014
2026-03-11 17:05:09.323831,2073620,22545
2026-03-11 17:05:09.323831,251570,22493
2026-03-11 17:05:09.323831,526870,22396
2026-03-11 17:05:09.323831,346110,21881
2026-03-11 17:05:09.323831,1142710,21703
2026-03-11 17:05:09.323831,2050650,21678
2026-03-11 17:05:09.323831,218620,20755
2026-03-11 17:05:09.323831,1771300,20525
2026-03-11 17:05:09.323831,1938090,20186
2026-03-11 17:05:09.323831,3472040,19857
2026-03-11 17:05:09.323831,377160,19841
2026-03-11 17:05:09.323831,250900,19758
2026-03-11 17:05:09.323831,1158310,19696
2026-03-11 17:05:09.323831,2221490,18830
2026-03-11 17:05:09.323831,2622380,18581
2026-03-11 17:05:09.323831,322330,18355
2026-03-11 17:05:09.323831,2183900,17606
2026-03-11 17:05:09.323831,813780,17565
2026-03-11 17:05:09.323831,550,17469
2026-03-11 17:05:09.323831,427520,17290
2026-03-11 17:05:09.323831,255710,17257
2026-03-11 17:05:09.323831,2252570,16654
2026-03-11 17:05:09.323831,629520,16306
2026-03-11 17:05:09.323831,1151340,16191
2026-03-11 17:05:09.323831,1149460,16004
2026-03-11 17:05:09.323831,1449850,15925
2026-03-11 17:05:09.323831,594650,15785
2026-03-11 17:05:09.323831,766570,15627
2026-03-11 17:05:09.323831,1364780,15238
2026-03-11 17:05:09.323831,1665460,15190
2026-03-11 17:05:09.323831,8930,14922
2026-03-11 17:58:19.048614,730,1398742
2026-03-11 17:58:19.048614,570,558981
2026-03-11 17:58:19.048614,578080,312819
2026-03-11 17:58:19.048614,2868840,266888
2026-03-11 17:58:19.048614,2676230,154366
2026-03-11 17:58:19.048614,252490,137251
2026-03-11 17:58:19.048614,1808500,133054
2026-03-11 17:58:19.048614,3419430,123955
2026-03-11 17:58:19.048614,238960,117173
2026-03-11 17:58:19.048614,1172470,94365
2026-03-11 17:58:19.048614,271590,88337
2026-03-11 17:58:19.048614,2357570,80599
2026-03-11 17:58:19.048614,1422450,78584
2026-03-11 17:58:19.048614,322170,77471
2026-03-11 17:58:19.048614,359550,77266
2026-03-11 17:58:19.048614,236390,75515
2026-03-11 17:58:19.048614,3764200,68392
2026-03-11 17:58:19.048614,431960,66890
2026-03-11 17:58:19.048614,2507950,61550
2026-03-11 17:58:19.048614,440,54739
2026-03-11 17:58:19.048614,413150,54015
2026-03-11 17:58:19.048614,2767030,53335
2026-03-11 17:58:19.048614,3405690,52625
2026-03-11 17:58:19.048614,221100,50593
2026-03-11 17:58:19.048614,230410,47710
2026-03-11 17:58:19.048614,553850,47600
2026-03-11 17:58:19.048614,381210,47192
2026-03-11 17:58:19.048614,3240220,47072
2026-03-11 17:58:19.048614,1086940,45301
2026-03-11 17:58:19.048614,105600,43589
2026-03-11 17:58:19.048614,438100,43172
2026-03-11 17:58:19.048614,1366800,42525
2026-03-11 17:58:19.048614,394360,41647
2026-03-11 17:58:19.048614,4465480,41636
2026-03-11 17:58:19.048614,227300,40872
2026-03-11 17:58:19.048614,3065800,40554
2026-03-11 17:58:19.048614,2807960,39157
2026-03-11 17:58:19.048614,686060,38494
2026-03-11 17:58:19.048614,3551340,35961
2026-03-11 17:58:19.048614,2300320,34313
2026-03-11 17:58:19.048614,240,33924
2026-03-11 17:58:19.048614,252950,32882
2026-03-11 17:58:19.048614,1281930,30561
2026-03-11 17:58:19.048614,1222670,29290
2026-03-11 17:58:19.048614,4025700,29140
2026-03-11 17:58:19.048614,108600,28819
2026-03-11 17:58:19.048614,289070,28098
2026-03-11 17:58:19.048614,3241660,28050
2026-03-11 17:58:19.048614,2399830,28002
2026-03-11 17:58:19.048614,3564740,27782
2026-03-11 17:58:19.048614,294100,27167
2026-03-11 17:58:19.048614,892970,26805
2026-03-11 17:58:19.048614,1973530,26414
2026-03-11 17:58:19.048614,284160,26151
2026-03-11 17:58:19.048614,1623730,26070
2026-03-11 17:58:19.048614,4000,25985
2026-03-11 17:58:19.048614,1174180,25710
2026-03-11 17:58:19.048614,552990,25688
2026-03-11 17:58:19.048614,582660,25570
2026-03-11 17:58:19.048614,1245620,25033
2026-03-11 17:58:19.048614,2923300,24700
2026-03-11 17:58:19.048614,1938090,24470
2026-03-11 17:58:19.048614,489830,24281
2026-03-11 17:58:19.048614,526870,24016
2026-03-11 17:58:19.048614,2073620,23987
2026-03-11 17:58:19.048614,1818450,23928
2026-03-11 17:58:19.048614,2246340,23782
2026-03-11 17:58:19.048614,1091500,23719
2026-03-11 17:58:19.048614,251570,22613
2026-03-11 17:58:19.048614,261550,22484
2026-03-11 17:58:19.048614,646570,22111
2026-03-11 17:58:19.048614,1142710,22103
2026-03-11 17:58:19.048614,1905180,21760
2026-03-11 17:58:19.048614,346110,21122
2026-03-11 17:58:19.048614,377160,20935
2026-03-11 17:58:19.048614,2050650,20914
2026-03-11 17:58:19.048614,1771300,20792
2026-03-11 17:58:19.048614,2221490,20174
2026-03-11 17:58:19.048614,250900,20116
2026-03-11 17:58:19.048614,1158310,19995
2026-03-11 17:58:19.048614,218620,19925
2026-03-11 17:58:19.048614,427520,18483
2026-03-11 17:58:19.048614,2183900,18342
2026-03-11 17:58:19.048614,813780,18283
2026-03-11 17:58:19.048614,1149460,17384
2026-03-11 17:58:19.048614,3472040,17206
2026-03-11 17:58:19.048614,1151340,17165
2026-03-11 17:58:19.048614,550,17155
2026-03-11 17:58:19.048614,629520,16990
2026-03-11 17:58:19.048614,2252570,16657
2026-03-11 17:58:19.048614,255710,15890
2026-03-11 17:58:19.048614,1203220,15686
2026-03-11 17:58:19.048614,594650,15407
2026-03-11 17:58:19.048614,8930,15281
2026-03-11 17:58:19.048614,322330,15136
2026-03-11 17:58:19.048614,2622380,15026
2026-03-11 17:58:19.048614,3164500,14935
2026-03-11 17:58:19.048614,1665460,14884
2026-03-11 17:58:19.048614,292030,14693
2026-03-11 17:58:19.048614,739630,14608
2026-03-11 19:06:00.015521,730,1421222
2026-03-11 19:06:00.015521,570,548296
2026-03-11 19:06:00.015521,578080,264109
2026-03-11 19:06:00.015521,2868840,238357
2026-03-11 19:06:00.015521,2676230,166025
2026-03-11 19:06:00.015521,1808500,148920
2026-03-11 19:06:00.015521,252490,134437
2026-03-11 19:06:00.015521,3419430,121969
2026-03-11 19:06:00.015521,238960,119755
2026-03-11 19:06:00.015521,359550,87910
2026-03-11 19:06:00.015521,1422450,87069
2026-03-11 19:06:00.015521,271590,86010
2026-03-11 19:06:00.015521,2357570,84751
2026-03-11 19:06:00.015521,1172470,83123
2026-03-11 19:06:00.015521,322170,81413
2026-03-11 19:06:00.015521,236390,76437
2026-03-11 19:06:00.015521,3764200,69072
2026-03-11 19:06:00.015521,2767030,59413
2026-03-11 19:06:00.015521,431960,57995
2026-03-11 19:06:00.015521,3405690,57201
2026-03-11 19:06:00.015521,413150,55039
2026-03-11 19:06:00.015521,440,54777
2026-03-11 19:06:00.015521,221100,51722
2026-03-11 19:06:00.015521,2507950,50934
2026-03-11 19:06:00.015521,553850,50718
2026-03-11 19:06:00.015521,381210,49807
2026-03-11 19:06:00.015521,1086940,49493
2026-03-11 19:06:00.015521,230410,46951
2026-03-11 19:06:00.015521,3240220,45035
2026-03-11 19:06:00.015521,2807960,44624
2026-03-11 19:06:00.015521,3065800,44594
2026-03-11 19:06:00.015521,105600,44591
2026-03-11 19:06:00.015521,1366800,44211
2026-03-11 19:06:00.015521,4465480,43360
2026-03-11 19:06:00.015521,227300,41942
2026-03-11 19:06:00.015521,394360,41836
2026-03-11 19:06:00.015521,438100,41230
2026-03-11 19:06:00.015521,686060,39718
2026-03-11 19:06:00.015521,3551340,38609
2026-03-11 19:06:00.015521,240,37347
2026-03-11 19:06:00.015521,2300320,36711
2026-03-11 19:06:00.015521,252950,36504
2026-03-11 19:06:00.015521,1938090,29945
2026-03-11 19:06:00.015521,1222670,29695
2026-03-11 19:06:00.015521,3241660,29353
2026-03-11 19:06:00.015521,108600,29347
2026-03-11 19:06:00.015521,892970,29088
2026-03-11 19:06:00.015521,2399830,28615
2026-03-11 19:06:00.015521,1281930,27983
2026-03-11 19:06:00.015521,289070,27785
2026-03-11 19:06:00.015521,284160,26758
2026-03-11 19:06:00.015521,4000,26586
2026-03-11 19:06:00.015521,294100,26405
2026-03-11 19:06:00.015521,1174180,25927
2026-03-11 19:06:00.015521,4025700,25868
2026-03-11 19:06:00.015521,3564740,25824
2026-03-11 19:06:00.015521,582660,25573
2026-03-11 19:06:00.015521,1245620,25483
2026-03-11 19:06:00.015521,552990,25337
2026-03-11 19:06:00.015521,526870,25333
2026-03-11 19:06:00.015521,489830,25241
2026-03-11 19:06:00.015521,2073620,24869
2026-03-11 19:06:00.015521,1623730,24677
2026-03-11 19:06:00.015521,2923300,24513
2026-03-11 19:06:00.015521,1091500,23984
2026-03-11 19:06:00.015521,1973530,23236
2026-03-11 19:06:00.015521,251570,23079
2026-03-11 19:06:00.015521,1142710,22816
2026-03-11 19:06:00.015521,261550,22245
2026-03-11 19:06:00.015521,377160,21872
2026-03-11 19:06:00.015521,2246340,21450
2026-03-11 19:06:00.015521,1771300,21368
2026-03-11 19:06:00.015521,2050650,21035
2026-03-11 19:06:00.015521,2221490,20922
2026-03-11 19:06:00.015521,1158310,20599
2026-03-11 19:06:00.015521,250900,20591
2026-03-11 19:06:00.015521,1905180,20543
2026-03-11 19:06:00.015521,346110,20268
2026-03-11 19:06:00.015521,646570,20243
2026-03-11 19:06:00.015521,1818450,20084
2026-03-11 19:06:00.015521,218620,20024
2026-03-11 19:06:00.015521,427520,19674
2026-03-11 19:06:00.015521,813780,19272
2026-03-11 19:06:00.015521,2183900,19123
2026-03-11 19:06:00.015521,1149460,18310
2026-03-11 19:06:00.015521,1151340,17839
2026-03-11 19:06:00.015521,739630,17405
2026-03-11 19:06:00.015521,550,17343
2026-03-11 19:06:00.015521,2252570,17256
2026-03-11 19:06:00.015521,629520,17130
2026-03-11 19:06:00.015521,3164500,16751
2026-03-11 19:06:00.015521,594650,16343
2026-03-11 19:06:00.015521,8930,15863
2026-03-11 19:06:00.015521,3472040,15791
2026-03-11 19:06:00.015521,2344520,15670
2026-03-11 19:06:00.015521,255710,15381
2026-03-11 19:06:00.015521,39210,15372
2026-03-11 19:06:00.015521,3527290,15359
2026-03-11 19:06:00.015521,1874880,15313
2026-03-11 19:06:00.015521,292030,15106
2026-03-11 19:48:17.132295,730,1393252
2026-03-11 19:48:17.132295,570,528113
2026-03-11 19:48:17.132295,578080,239931
2026-03-11 19:48:17.132295,2868840,232172
2026-03-11 19:48:17.132295,2676230,171782
2026-03-11 19:48:17.132295,1808500,155891
2026-03-11 19:48:17.132295,252490,128667
2026-03-11 19:48:17.132295,238960,120098
2026-03-11 19:48:17.132295,3419430,119694
2026-03-11 19:48:17.132295,359550,94891
2026-03-11 19:48:17.132295,1422450,91348
2026-03-11 19:48:17.132295,2357570,88503
2026-03-11 19:48:17.132295,322170,82784
2026-03-11 19:48:17.132295,271590,81461
2026-03-11 19:48:17.132295,1172470,77923
2026-03-11 19:48:17.132295,236390,74400
2026-03-11 19:48:17.132295,3764200,69560
2026-03-11 19:48:17.132295,2767030,62961
2026-03-11 19:48:17.132295,3405690,57085
2026-03-11 19:48:17.132295,413150,56141
2026-03-11 19:48:17.132295,431960,54348
2026-03-11 19:48:17.132295,553850,53133
2026-03-11 19:48:17.132295,1086940,52778
2026-03-11 19:48:17.132295,381210,50862
2026-03-11 19:48:17.132295,221100,50836
2026-03-11 19:48:17.132295,440,49522
2026-03-11 19:48:17.132295,2807960,47454
2026-03-11 19:48:17.132295,3065800,47333
2026-03-11 19:48:17.132295,230410,46593
2026-03-11 19:48:17.132295,2507950,46475
2026-03-11 19:48:17.132295,1366800,44142
2026-03-11 19:48:17.132295,105600,43911
2026-03-11 19:48:17.132295,3240220,43535
2026-03-11 19:48:17.132295,4465480,42077
2026-03-11 19:48:17.132295,394360,41453
2026-03-11 19:48:17.132295,438100,41328
2026-03-11 19:48:17.132295,227300,41175
2026-03-11 19:48:17.132295,686060,40747
2026-03-11 19:48:17.132295,3551340,40018
2026-03-11 19:48:17.132295,252950,38708
2026-03-11 19:48:17.132295,2300320,36658
2026-03-11 19:48:17.132295,240,35309
2026-03-11 19:48:17.132295,1938090,32651
2026-03-11 19:48:17.132295,892970,30386
2026-03-11 19:48:17.132295,1222670,30103
2026-03-11 19:48:17.132295,108600,29505
2026-03-11 19:48:17.132295,2399830,28710
2026-03-11 19:48:17.132295,289070,27795
2026-03-11 19:48:17.132295,1281930,27582
2026-03-11 19:48:17.132295,3241660,26814
2026-03-11 19:48:17.132295,284160,26469
2026-03-11 19:48:17.132295,2923300,26435
2026-03-11 19:48:17.132295,1245620,26272
2026-03-11 19:48:17.132295,294100,26193
2026-03-11 19:48:17.132295,489830,25921
2026-03-11 19:48:17.132295,526870,25919
2026-03-11 19:48:17.132295,4000,25740
2026-03-11 19:48:17.132295,1174180,25531
2026-03-11 19:48:17.132295,2073620,25193
2026-03-11 19:48:17.132295,582660,25147
2026-03-11 19:48:17.132295,3564740,24552
2026-03-11 19:48:17.132295,552990,24507
2026-03-11 19:48:17.132295,4025700,24181
2026-03-11 19:48:17.132295,1091500,24133
2026-03-11 19:48:17.132295,1623730,24034
2026-03-11 19:48:17.132295,251570,23385
2026-03-11 19:48:17.132295,1142710,23373
2026-03-11 19:48:17.132295,377160,22426
2026-03-11 19:48:17.132295,1973530,22293
2026-03-11 19:48:17.132295,261550,22138
2026-03-11 19:48:17.132295,1771300,21707
2026-03-11 19:48:17.132295,2221490,21457
2026-03-11 19:48:17.132295,2246340,21108
2026-03-11 19:48:17.132295,1158310,21044
2026-03-11 19:48:17.132295,2050650,20843
2026-03-11 19:48:17.132295,250900,20782
2026-03-11 19:48:17.132295,427520,20373
2026-03-11 19:48:17.132295,218620,20318
2026-03-11 19:48:17.132295,813780,20076
2026-03-11 19:48:17.132295,2183900,19711
2026-03-11 19:48:17.132295,646570,19687
2026-03-11 19:48:17.132295,346110,19569
2026-03-11 19:48:17.132295,1905180,19170
2026-03-11 19:48:17.132295,739630,18678
2026-03-11 19:48:17.132295,1149460,18473
2026-03-11 19:48:17.132295,2344520,18377
2026-03-11 19:48:17.132295,550,17981
2026-03-11 19:48:17.132295,2252570,17954
2026-03-11 19:48:17.132295,3164500,17719
2026-03-11 19:48:17.132295,1151340,16921
2026-03-11 19:48:17.132295,629520,16617
2026-03-11 19:48:17.132295,594650,16594
2026-03-11 19:48:17.132295,1818450,16518
2026-03-11 19:48:17.132295,39210,16071
2026-03-11 19:48:17.132295,8930,16030
2026-03-11 19:48:17.132295,1874880,16004
2026-03-11 19:48:17.132295,1203620,15773
2026-03-11 19:48:17.132295,3527290,15429
2026-03-11 19:48:17.132295,3472040,15337
2026-03-11 19:48:17.132295,255710,15156
2026-03-11 20:20:54.928707,730,1312534
2026-03-11 20:20:54.928707,570,496573
2026-03-11 20:20:54.928707,2868840,229866
2026-03-11 20:20:54.928707,578080,216983
2026-03-11 20:20:54.928707,2676230,171826
2026-03-11 20:20:54.928707,1808500,158630
2026-03-11 20:20:54.928707,252490,121091
2026-03-11 20:20:54.928707,238960,118440
2026-03-11 20:20:54.928707,3419430,117609
2026-03-11 20:20:54.928707,359550,97862
2026-03-11 20:20:54.928707,1422450,93715
2026-03-11 20:20:54.928707,2357570,89707
2026-03-11 20:20:54.928707,322170,81364
2026-03-11 20:20:54.928707,271590,76201
2026-03-11 20:20:54.928707,1172470,74162
2026-03-11 20:20:54.928707,236390,69660
2026-03-11 20:20:54.928707,3764200,68744
2026-03-11 20:20:54.928707,2767030,64798
2026-03-11 20:20:54.928707,413150,56254
2026-03-11 20:20:54.928707,553850,54730
2026-03-11 20:20:54.928707,1086940,54066
2026-03-11 20:20:54.928707,431960,51859
2026-03-11 20:20:54.928707,440,50481
2026-03-11 20:20:54.928707,381210,50425
2026-03-11 20:20:54.928707,3405690,50300
2026-03-11 20:20:54.928707,3065800,49080
2026-03-11 20:20:54.928707,221100,48800
2026-03-11 20:20:54.928707,2807960,47456
2026-03-11 20:20:54.928707,230410,46069
2026-03-11 20:20:54.928707,1366800,44149
2026-03-11 20:20:54.928707,105600,43474
2026-03-11 20:20:54.928707,2507950,43381
2026-03-11 20:20:54.928707,4465480,41847
2026-03-11 20:20:54.928707,3240220,41552
2026-03-11 20:20:54.928707,438100,41311
2026-03-11 20:20:54.928707,686060,40676
2026-03-11 20:20:54.928707,394360,40186
2026-03-11 20:20:54.928707,3551340,40161
2026-03-11 20:20:54.928707,252950,38747
2026-03-11 20:20:54.928707,227300,38051
2026-03-11 20:20:54.928707,2300320,35198
2026-03-11 20:20:54.928707,1938090,33210
2026-03-11 20:20:54.928707,240,32798
2026-03-11 20:20:54.928707,892970,30342
2026-03-11 20:20:54.928707,1222670,29793
2026-03-11 20:20:54.928707,108600,29252
2026-03-11 20:20:54.928707,2399830,28429
2026-03-11 20:20:54.928707,3241660,28177
2026-03-11 20:20:54.928707,289070,27735
2026-03-11 20:20:54.928707,2923300,26804
2026-03-11 20:20:54.928707,1281930,26761
2026-03-11 20:20:54.928707,1245620,26113
2026-03-11 20:20:54.928707,489830,26007
2026-03-11 20:20:54.928707,526870,25951
2026-03-11 20:20:54.928707,294100,25781
2026-03-11 20:20:54.928707,284160,25072
2026-03-11 20:20:54.928707,552990,25033
2026-03-11 20:20:54.928707,4000,24922
2026-03-11 20:20:54.928707,582660,24815
2026-03-11 20:20:54.928707,1174180,24763
2026-03-11 20:20:54.928707,2073620,24544
2026-03-11 20:20:54.928707,1091500,23966
2026-03-11 20:20:54.928707,1142710,23502
2026-03-11 20:20:54.928707,1623730,23465
2026-03-11 20:20:54.928707,3564740,23322
2026-03-11 20:20:54.928707,4025700,23148
2026-03-11 20:20:54.928707,251570,22956
2026-03-11 20:20:54.928707,377160,22585
2026-03-11 20:20:54.928707,261550,21752
2026-03-11 20:20:54.928707,2221490,21691
2026-03-11 20:20:54.928707,1973530,21550
2026-03-11 20:20:54.928707,1771300,21504
2026-03-11 20:20:54.928707,1158310,21111
2026-03-11 20:20:54.928707,2246340,20999
2026-03-11 20:20:54.928707,250900,20641
2026-03-11 20:20:54.928707,2050650,20389
2026-03-11 20:20:54.928707,427520,20352
2026-03-11 20:20:54.928707,218620,20005
2026-03-11 20:20:54.928707,813780,19995
2026-03-11 20:20:54.928707,2183900,19646
2026-03-11 20:20:54.928707,646570,19180
2026-03-11 20:20:54.928707,739630,19110
2026-03-11 20:20:54.928707,346110,18891
2026-03-11 20:20:54.928707,2344520,18408
2026-03-11 20:20:54.928707,1149460,18328
2026-03-11 20:20:54.928707,550,18318
2026-03-11 20:20:54.928707,2252570,18217
2026-03-11 20:20:54.928707,1905180,17934
2026-03-11 20:20:54.928707,3164500,17849
2026-03-11 20:20:54.928707,1151340,17819
2026-03-11 20:20:54.928707,39210,16392
2026-03-11 20:20:54.928707,594650,16161
2026-03-11 20:20:54.928707,1874880,16152
2026-03-11 20:20:54.928707,1203620,16032
2026-03-11 20:20:54.928707,8930,16013
2026-03-11 20:20:54.928707,629520,15984
2026-03-11 20:20:54.928707,3527290,15327
2026-03-11 20:20:54.928707,3472040,14683
2026-03-11 20:20:54.928707,255710,14605
2026-03-11 20:20:54.928707,292030,14561
2026-03-11 20:54:09.236268,730,1225670
2026-03-11 20:54:09.236268,570,463797
2026-03-11 20:54:09.236268,2868840,229393
2026-03-11 20:54:09.236268,578080,194439
2026-03-11 20:54:09.236268,2676230,171151
2026-03-11 20:54:09.236268,1808500,161501
2026-03-11 20:54:09.236268,238960,116133
2026-03-11 20:54:09.236268,3419430,114814
2026-03-11 20:54:09.236268,252490,114647
2026-03-11 20:54:09.236268,359550,99612
2026-03-11 20:54:09.236268,1422450,94911
2026-03-11 20:54:09.236268,2357570,91286
2026-03-11 20:54:09.236268,322170,78492
2026-03-11 20:54:09.236268,1172470,70774
2026-03-11 20:54:09.236268,271590,69601
2026-03-11 20:54:09.236268,3764200,68253
2026-03-11 20:54:09.236268,2767030,67197
2026-03-11 20:54:09.236268,236390,63920
2026-03-11 20:54:09.236268,413150,55709
2026-03-11 20:54:09.236268,553850,55193
2026-03-11 20:54:09.236268,1086940,54535
2026-03-11 20:54:09.236268,440,51173
2026-03-11 20:54:09.236268,3065800,50792
2026-03-11 20:54:09.236268,431960,49413
2026-03-11 20:54:09.236268,381210,49382
2026-03-11 20:54:09.236268,3405690,47510
2026-03-11 20:54:09.236268,221100,46775
2026-03-11 20:54:09.236268,2807960,46554
2026-03-11 20:54:09.236268,230410,44990
2026-03-11 20:54:09.236268,1366800,42865
2026-03-11 20:54:09.236268,105600,42315
2026-03-11 20:54:09.236268,438100,41666
2026-03-11 20:54:09.236268,686060,40887
2026-03-11 20:54:09.236268,2507950,40870
2026-03-11 20:54:09.236268,3551340,40862
2026-03-11 20:54:09.236268,252950,40030
2026-03-11 20:54:09.236268,3240220,39471
2026-03-11 20:54:09.236268,4465480,38914
2026-03-11 20:54:09.236268,394360,38162
2026-03-11 20:54:09.236268,227300,34456
2026-03-11 20:54:09.236268,1938090,33685
2026-03-11 20:54:09.236268,240,32174
2026-03-11 20:54:09.236268,2300320,32009
2026-03-11 20:54:09.236268,892970,29741
2026-03-11 20:54:09.236268,1222670,29590
2026-03-11 20:54:09.236268,108600,28954
2026-03-11 20:54:09.236268,3241660,28368
2026-03-11 20:54:09.236268,2399830,28021
2026-03-11 20:54:09.236268,289070,27431
2026-03-11 20:54:09.236268,1281930,26212
2026-03-11 20:54:09.236268,1245620,25980
2026-03-11 20:54:09.236268,2923300,25845
2026-03-11 20:54:09.236268,489830,25731
2026-03-11 20:54:09.236268,526870,25545
2026-03-11 20:54:09.236268,294100,25235
2026-03-11 20:54:09.236268,552990,24752
2026-03-11 20:54:09.236268,582660,24337
2026-03-11 20:54:09.236268,4000,24122
2026-03-11 20:54:09.236268,284160,24002
2026-03-11 20:54:09.236268,1091500,23660
2026-03-11 20:54:09.236268,1174180,23620
2026-03-11 20:54:09.236268,2073620,23540
2026-03-11 20:54:09.236268,1142710,23162
2026-03-11 20:54:09.236268,1623730,23066
2026-03-11 20:54:09.236268,377160,22782
2026-03-11 20:54:09.236268,251570,22539
2026-03-11 20:54:09.236268,3564740,22456
2026-03-11 20:54:09.236268,4025700,22323
2026-03-11 20:54:09.236268,2221490,21548
2026-03-11 20:54:09.236268,1158310,21130
2026-03-11 20:54:09.236268,2246340,21041
2026-03-11 20:54:09.236268,1771300,20962
2026-03-11 20:54:09.236268,261550,20718
2026-03-11 20:54:09.236268,1973530,20708
2026-03-11 20:54:09.236268,250900,20202
2026-03-11 20:54:09.236268,218620,20131
2026-03-11 20:54:09.236268,2050650,20000
2026-03-11 20:54:09.236268,427520,19958
2026-03-11 20:54:09.236268,813780,19808
2026-03-11 20:54:09.236268,2183900,19347
2026-03-11 20:54:09.236268,550,19133
2026-03-11 20:54:09.236268,646570,18947
2026-03-11 20:54:09.236268,739630,18753
2026-03-11 20:54:09.236268,2252570,18532
2026-03-11 20:54:09.236268,346110,18152
2026-03-11 20:54:09.236268,1149460,17827
2026-03-11 20:54:09.236268,2344520,17781
2026-03-11 20:54:09.236268,3164500,17754
2026-03-11 20:54:09.236268,1905180,16803
2026-03-11 20:54:09.236268,1151340,16558
2026-03-11 20:54:09.236268,39210,16384
2026-03-11 20:54:09.236268,1874880,15989
2026-03-11 20:54:09.236268,1203620,15964
2026-03-11 20:54:09.236268,8930,15817
2026-03-11 20:54:09.236268,594650,15346
2026-03-11 20:54:09.236268,629520,15136
2026-03-11 20:54:09.236268,3527290,15026
2026-03-11 20:54:09.236268,3472040,14592
2026-03-11 20:54:09.236268,255710,14052
2026-03-11 20:54:09.236268,1476970,13848
2026-03-11 21:25:30.721481,730,1139680
2026-03-11 21:25:30.721481,570,430270
2026-03-11 21:25:30.721481,2868840,226009
2026-03-11 21:25:30.721481,578080,175853
2026-03-11 21:25:30.721481,2676230,166439
2026-03-11 21:25:30.721481,1808500,160463
2026-03-11 21:25:30.721481,3419430,112494
2026-03-11 21:25:30.721481,238960,112062
2026-03-11 21:25:30.721481,252490,107902
2026-03-11 21:25:30.721481,359550,98632
2026-03-11 21:25:30.721481,1422450,93877
2026-03-11 21:25:30.721481,2357570,90465
2026-03-11 21:25:30.721481,322170,74303
2026-03-11 21:25:30.721481,2767030,68335
2026-03-11 21:25:30.721481,1172470,67667
2026-03-11 21:25:30.721481,3764200,67262
2026-03-11 21:25:30.721481,271590,64164
2026-03-11 21:25:30.721481,236390,57851
2026-03-11 21:25:30.721481,413150,54410
2026-03-11 21:25:30.721481,553850,53288
2026-03-11 21:25:30.721481,1086940,53101
2026-03-11 21:25:30.721481,3065800,51384
2026-03-11 21:25:30.721481,440,50539
2026-03-11 21:25:30.721481,431960,47679
2026-03-11 21:25:30.721481,381210,47086
2026-03-11 21:25:30.721481,3405690,47055
2026-03-11 21:25:30.721481,230410,44006
2026-03-11 21:25:30.721481,2807960,43962
2026-03-11 21:25:30.721481,221100,43378
2026-03-11 21:25:30.721481,438100,41727
2026-03-11 21:25:30.721481,1366800,41174
2026-03-11 21:25:30.721481,105600,40890
2026-03-11 21:25:30.721481,686060,40380
2026-03-11 21:25:30.721481,3551340,40346
2026-03-11 21:25:30.721481,252950,39986
2026-03-11 21:25:30.721481,2507950,39137
2026-03-11 21:25:30.721481,3240220,37245
2026-03-11 21:25:30.721481,394360,35730
2026-03-11 21:25:30.721481,4465480,35221
2026-03-11 21:25:30.721481,1938090,33662
2026-03-11 21:25:30.721481,227300,30634
2026-03-11 21:25:30.721481,1222670,28820
2026-03-11 21:25:30.721481,240,28685
2026-03-11 21:25:30.721481,2300320,28473
2026-03-11 21:25:30.721481,108600,28465
2026-03-11 21:25:30.721481,892970,28255
2026-03-11 21:25:30.721481,2399830,27478
2026-03-11 21:25:30.721481,2923300,27242
2026-03-11 21:25:30.721481,289070,26623
2026-03-11 21:25:30.721481,3241660,26466
2026-03-11 21:25:30.721481,1245620,25412
2026-03-11 21:25:30.721481,489830,25266
2026-03-11 21:25:30.721481,1281930,25109
2026-03-11 21:25:30.721481,552990,24572
2026-03-11 21:25:30.721481,526870,24532
2026-03-11 21:25:30.721481,294100,24498
2026-03-11 21:25:30.721481,582660,24030
2026-03-11 21:25:30.721481,1973530,23581
2026-03-11 21:25:30.721481,1091500,23002
2026-03-11 21:25:30.721481,4000,22743
2026-03-11 21:25:30.721481,1623730,22722
2026-03-11 21:25:30.721481,1174180,22578
2026-03-11 21:25:30.721481,3564740,22414
2026-03-11 21:25:30.721481,1142710,22392
2026-03-11 21:25:30.721481,2073620,22336
2026-03-11 21:25:30.721481,377160,22292
2026-03-11 21:25:30.721481,284160,22288
2026-03-11 21:25:30.721481,4025700,22127
2026-03-11 21:25:30.721481,251570,21467
2026-03-11 21:25:30.721481,2221490,21069
2026-03-11 21:25:30.721481,2246340,20760
2026-03-11 21:25:30.721481,1158310,20653
2026-03-11 21:25:30.721481,261550,19972
2026-03-11 21:25:30.721481,218620,19949
2026-03-11 21:25:30.721481,1771300,19930
2026-03-11 21:25:30.721481,2050650,19643
2026-03-11 21:25:30.721481,250900,19433
2026-03-11 21:25:30.721481,550,19356
2026-03-11 21:25:30.721481,427520,19244
2026-03-11 21:25:30.721481,813780,19091
2026-03-11 21:25:30.721481,646570,18647
2026-03-11 21:25:30.721481,2252570,18431
2026-03-11 21:25:30.721481,2183900,18239
2026-03-11 21:25:30.721481,739630,17541
2026-03-11 21:25:30.721481,346110,17293
2026-03-11 21:25:30.721481,3164500,17209
2026-03-11 21:25:30.721481,1149460,17024
2026-03-11 21:25:30.721481,2344520,16717
2026-03-11 21:25:30.721481,1151340,16573
2026-03-11 21:25:30.721481,39210,16204
2026-03-11 21:25:30.721481,1905180,15735
2026-03-11 21:25:30.721481,1874880,15671
2026-03-11 21:25:30.721481,8930,15355
2026-03-11 21:25:30.721481,1203620,15130
2026-03-11 21:25:30.721481,3472040,14622
2026-03-11 21:25:30.721481,3527290,14453
2026-03-11 21:25:30.721481,629520,14195
2026-03-11 21:25:30.721481,594650,13881
2026-03-11 21:25:30.721481,1476970,13625
2026-03-11 21:25:30.721481,255710,13430
2026-03-11 21:54:27.932715,730,1065750
2026-03-11 21:54:27.932715,570,395226
2026-03-11 21:54:27.932715,2868840,222768
2026-03-11 21:54:27.932715,2676230,164142
2026-03-11 21:54:27.932715,1808500,158433
2026-03-11 21:54:27.932715,578080,158135
2026-03-11 21:54:27.932715,3419430,110229
2026-03-11 21:54:27.932715,238960,107826
2026-03-11 21:54:27.932715,252490,101744
2026-03-11 21:54:27.932715,359550,97392
2026-03-11 21:54:27.932715,1422450,92670
2026-03-11 21:54:27.932715,2357570,89180
2026-03-11 21:54:27.932715,322170,70989
2026-03-11 21:54:27.932715,2767030,69143
2026-03-11 21:54:27.932715,3764200,66012
2026-03-11 21:54:27.932715,1172470,64660
2026-03-11 21:54:27.932715,271590,58585
2026-03-11 21:54:27.932715,413150,53534
2026-03-11 21:54:27.932715,236390,52388
2026-03-11 21:54:27.932715,3065800,52093
2026-03-11 21:54:27.932715,1086940,51207
2026-03-11 21:54:27.932715,553850,51164
2026-03-11 21:54:27.932715,440,48945
2026-03-11 21:54:27.932715,431960,46066
2026-03-11 21:54:27.932715,381210,44848
2026-03-11 21:54:27.932715,3405690,44574
2026-03-11 21:54:27.932715,230410,43399
2026-03-11 21:54:27.932715,221100,41344
2026-03-11 21:54:27.932715,438100,41297
2026-03-11 21:54:27.932715,2807960,41068
2026-03-11 21:54:27.932715,1366800,39764
2026-03-11 21:54:27.932715,686060,39553
2026-03-11 21:54:27.932715,105600,39183
2026-03-11 21:54:27.932715,252950,38907
2026-03-11 21:54:27.932715,3551340,38216
2026-03-11 21:54:27.932715,2507950,37817
2026-03-11 21:54:27.932715,3240220,35396
2026-03-11 21:54:27.932715,4465480,34079
2026-03-11 21:54:27.932715,1938090,33501
2026-03-11 21:54:27.932715,394360,33229
2026-03-11 21:54:27.932715,240,29786
2026-03-11 21:54:27.932715,1222670,27980
2026-03-11 21:54:27.932715,108600,27906
2026-03-11 21:54:27.932715,227300,27209
2026-03-11 21:54:27.932715,892970,26768
2026-03-11 21:54:27.932715,2399830,26629
2026-03-11 21:54:27.932715,289070,25545
2026-03-11 21:54:27.932715,2300320,25110
2026-03-11 21:54:27.932715,2923300,25004
2026-03-11 21:54:27.932715,489830,24930
2026-03-11 21:54:27.932715,1245620,24789
2026-03-11 21:54:27.932715,1281930,24486
2026-03-11 21:54:27.932715,3241660,24378
2026-03-11 21:54:27.932715,552990,24039
2026-03-11 21:54:27.932715,294100,23913
2026-03-11 21:54:27.932715,582660,23486
2026-03-11 21:54:27.932715,526870,23010
2026-03-11 21:54:27.932715,1623730,22224
2026-03-11 21:54:27.932715,1091500,22148
2026-03-11 21:54:27.932715,3564740,21787
2026-03-11 21:54:27.932715,377160,21763
2026-03-11 21:54:27.932715,4025700,21745
2026-03-11 21:54:27.932715,4000,21530
2026-03-11 21:54:27.932715,1174180,21445
2026-03-11 21:54:27.932715,1142710,21168
2026-03-11 21:54:27.932715,1973530,21103
2026-03-11 21:54:27.932715,2073620,20979
2026-03-11 21:54:27.932715,284160,20875
2026-03-11 21:54:27.932715,2221490,20551
2026-03-11 21:54:27.932715,251570,20406
2026-03-11 21:54:27.932715,2246340,20372
2026-03-11 21:54:27.932715,218620,20363
2026-03-11 21:54:27.932715,1158310,20150
2026-03-11 21:54:27.932715,550,19674
2026-03-11 21:54:27.932715,2050650,19141
2026-03-11 21:54:27.932715,261550,19095
2026-03-11 21:54:27.932715,250900,19054
2026-03-11 21:54:27.932715,1771300,18832
2026-03-11 21:54:27.932715,427520,18225
2026-03-11 21:54:27.932715,646570,17972
2026-03-11 21:54:27.932715,813780,17945
2026-03-11 21:54:27.932715,2252570,17712
2026-03-11 21:54:27.932715,2183900,17305
2026-03-11 21:54:27.932715,3164500,16605
2026-03-11 21:54:27.932715,346110,16433
2026-03-11 21:54:27.932715,1149460,16334
2026-03-11 21:54:27.932715,39210,16332
2026-03-11 21:54:27.932715,739630,16111
2026-03-11 21:54:27.932715,1151340,16012
2026-03-11 21:54:27.932715,2344520,15927
2026-03-11 21:54:27.932715,1874880,15176
2026-03-11 21:54:27.932715,1905180,14781
2026-03-11 21:54:27.932715,8930,14765
2026-03-11 21:54:27.932715,3472040,14390
2026-03-11 21:54:27.932715,1203620,14115
2026-03-11 21:54:27.932715,3527290,13654
2026-03-11 21:54:27.932715,1476970,13410
2026-03-11 21:54:27.932715,629520,13192
2026-03-11 21:54:27.932715,291550,13085
2026-03-11 21:54:27.932715,255710,12804
2026-03-11 22:21:15.285392,730,1016456
2026-03-11 22:21:15.285392,570,356968
2026-03-11 22:21:15.285392,2868840,219379
2026-03-11 22:21:15.285392,2676230,160395
2026-03-11 22:21:15.285392,1808500,157471
2026-03-11 22:21:15.285392,578080,145066
2026-03-11 22:21:15.285392,3419430,107566
2026-03-11 22:21:15.285392,238960,103796
2026-03-11 22:21:15.285392,359550,96758
2026-03-11 22:21:15.285392,252490,96734
2026-03-11 22:21:15.285392,1422450,90896
2026-03-11 22:21:15.285392,2357570,88078
2026-03-11 22:21:15.285392,2767030,70068
2026-03-11 22:21:15.285392,322170,67995
2026-03-11 22:21:15.285392,3764200,65143
2026-03-11 22:21:15.285392,1172470,62879
2026-03-11 22:21:15.285392,271590,54549
2026-03-11 22:21:15.285392,3065800,52666
2026-03-11 22:21:15.285392,413150,52111
2026-03-11 22:21:15.285392,440,50029
2026-03-11 22:21:15.285392,553850,49128
2026-03-11 22:21:15.285392,1086940,49102
2026-03-11 22:21:15.285392,236390,48207
2026-03-11 22:21:15.285392,3405690,47295
2026-03-11 22:21:15.285392,431960,44934
2026-03-11 22:21:15.285392,381210,43367
2026-03-11 22:21:15.285392,230410,42678
2026-03-11 22:21:15.285392,438100,40918
2026-03-11 22:21:15.285392,221100,39340
2026-03-11 22:21:15.285392,2807960,39136
2026-03-11 22:21:15.285392,1366800,38838
2026-03-11 22:21:15.285392,686060,38744
2026-03-11 22:21:15.285392,252950,38694
2026-03-11 22:21:15.285392,105600,38081
2026-03-11 22:21:15.285392,2507950,36766
2026-03-11 22:21:15.285392,3551340,34771
2026-03-11 22:21:15.285392,3240220,33984
2026-03-11 22:21:15.285392,1938090,33572
2026-03-11 22:21:15.285392,4465480,32589
2026-03-11 22:21:15.285392,394360,31107
2026-03-11 22:21:15.285392,240,29475
2026-03-11 22:21:15.285392,108600,27262
2026-03-11 22:21:15.285392,1222670,27240
2026-03-11 22:21:15.285392,2399830,26108
2026-03-11 22:21:15.285392,892970,25215
2026-03-11 22:21:15.285392,227300,24659
2026-03-11 22:21:15.285392,489830,24411
2026-03-11 22:21:15.285392,289070,24382
2026-03-11 22:21:15.285392,1245620,24040
2026-03-11 22:21:15.285392,1281930,23816
2026-03-11 22:21:15.285392,294100,23273
2026-03-11 22:21:15.285392,582660,22945
2026-03-11 22:21:15.285392,2300320,22730
2026-03-11 22:21:15.285392,3241660,22472
2026-03-11 22:21:15.285392,1623730,21880
2026-03-11 22:21:15.285392,526870,21821
2026-03-11 22:21:15.285392,4025700,21460
2026-03-11 22:21:15.285392,1091500,21223
2026-03-11 22:21:15.285392,377160,21191
2026-03-11 22:21:15.285392,3564740,20958
2026-03-11 22:21:15.285392,1174180,20782
2026-03-11 22:21:15.285392,4000,20568
2026-03-11 22:21:15.285392,550,20155
2026-03-11 22:21:15.285392,2221490,20084
2026-03-11 22:21:15.285392,1973530,20060
2026-03-11 22:21:15.285392,284160,20009
2026-03-11 22:21:15.285392,218620,20008
2026-03-11 22:21:15.285392,1142710,19998
2026-03-11 22:21:15.285392,2073620,19970
2026-03-11 22:21:15.285392,2246340,19919
2026-03-11 22:21:15.285392,1158310,19512
2026-03-11 22:21:15.285392,251570,19468
2026-03-11 22:21:15.285392,2050650,18883
2026-03-11 22:21:15.285392,250900,18436
2026-03-11 22:21:15.285392,261550,18237
2026-03-11 22:21:15.285392,1771300,17636
2026-03-11 22:21:15.285392,646570,17501
2026-03-11 22:21:15.285392,427520,17435
2026-03-11 22:21:15.285392,813780,17158
2026-03-11 22:21:15.285392,39210,16833
2026-03-11 22:21:15.285392,1151340,16780
2026-03-11 22:21:15.285392,2252570,16385
2026-03-11 22:21:15.285392,2183900,16352
2026-03-11 22:21:15.285392,3164500,16258
2026-03-11 22:21:15.285392,346110,15770
2026-03-11 22:21:15.285392,1149460,15770
2026-03-11 22:21:15.285392,2344520,14948
2026-03-11 22:21:15.285392,739630,14943
2026-03-11 22:21:15.285392,1874880,14553
2026-03-11 22:21:15.285392,3472040,14526
2026-03-11 22:21:15.285392,1905180,14092
2026-03-11 22:21:15.285392,8930,14089
2026-03-11 22:21:15.285392,1476970,13279
2026-03-11 22:21:15.285392,3527290,13113
2026-03-11 22:21:15.285392,1203620,13046
2026-03-11 22:21:15.285392,291550,12818
2026-03-11 22:21:15.285392,1665460,12674
2026-03-11 22:21:15.285392,629520,12443
2026-03-11 22:21:15.285392,2923300,12281
2026-03-11 22:21:15.285392,255710,12176
2026-03-11 22:46:09.982507,730,972627
2026-03-11 22:46:09.982507,570,336256
2026-03-11 22:46:09.982507,2868840,216302
2026-03-11 22:46:09.982507,2676230,158675
2026-03-11 22:46:09.982507,1808500,156009
2026-03-11 22:46:09.982507,578080,133066
2026-03-11 22:46:09.982507,3419430,104728
2026-03-11 22:46:09.982507,238960,99478
2026-03-11 22:46:09.982507,359550,96164
2026-03-11 22:46:09.982507,252490,92859
2026-03-11 22:46:09.982507,1422450,90512
2026-03-11 22:46:09.982507,2357570,86831
2026-03-11 22:46:09.982507,2767030,71243
2026-03-11 22:46:09.982507,322170,66559
2026-03-11 22:46:09.982507,3764200,64673
2026-03-11 22:46:09.982507,1172470,61369
2026-03-11 22:46:09.982507,3065800,53261
2026-03-11 22:46:09.982507,413150,51331
2026-03-11 22:46:09.982507,271590,50832
2026-03-11 22:46:09.982507,440,48962
2026-03-11 22:46:09.982507,553850,47586
2026-03-11 22:46:09.982507,1086940,47304
2026-03-11 22:46:09.982507,3405690,47270
2026-03-11 22:46:09.982507,236390,45166
2026-03-11 22:46:09.982507,431960,43724
2026-03-11 22:46:09.982507,381210,42126
2026-03-11 22:46:09.982507,230410,41974
2026-03-11 22:46:09.982507,438100,40519
2026-03-11 22:46:09.982507,252950,38202
2026-03-11 22:46:09.982507,686060,37909
2026-03-11 22:46:09.982507,2807960,37737
2026-03-11 22:46:09.982507,221100,37732
2026-03-11 22:46:09.982507,1366800,37593
2026-03-11 22:46:09.982507,105600,37377
2026-03-11 22:46:09.982507,2507950,35802
2026-03-11 22:46:09.982507,1938090,34172
2026-03-11 22:46:09.982507,3240220,33012
2026-03-11 22:46:09.982507,3551340,32099
2026-03-11 22:46:09.982507,4465480,31498
2026-03-11 22:46:09.982507,240,29663
2026-03-11 22:46:09.982507,394360,29168
2026-03-11 22:46:09.982507,108600,26874
2026-03-11 22:46:09.982507,1222670,26501
2026-03-11 22:46:09.982507,2399830,25744
2026-03-11 22:46:09.982507,489830,24133
2026-03-11 22:46:09.982507,892970,23882
2026-03-11 22:46:09.982507,1245620,23446
2026-03-11 22:46:09.982507,289070,23362
2026-03-11 22:46:09.982507,1281930,23167
2026-03-11 22:46:09.982507,294100,22747
2026-03-11 22:46:09.982507,227300,22693
2026-03-11 22:46:09.982507,582660,22470
2026-03-11 22:46:09.982507,1623730,21476
2026-03-11 22:46:09.982507,4025700,21092
2026-03-11 22:46:09.982507,3241660,20844
2026-03-11 22:46:09.982507,526870,20825
2026-03-11 22:46:09.982507,2300320,20819
2026-03-11 22:46:09.982507,377160,20669
2026-03-11 22:46:09.982507,1091500,20582
2026-03-11 22:46:09.982507,550,20523
2026-03-11 22:46:09.982507,3564740,20375
2026-03-11 22:46:09.982507,1174180,20121
2026-03-11 22:46:09.982507,218620,20040
2026-03-11 22:46:09.982507,4000,19986
2026-03-11 22:46:09.982507,2221490,19833
2026-03-11 22:46:09.982507,2246340,19605
2026-03-11 22:46:09.982507,284160,19355
2026-03-11 22:46:09.982507,2073620,19042
2026-03-11 22:46:09.982507,1973530,19031
2026-03-11 22:46:09.982507,1142710,18828
2026-03-11 22:46:09.982507,251570,18823
2026-03-11 22:46:09.982507,1158310,18821
2026-03-11 22:46:09.982507,2050650,18712
2026-03-11 22:46:09.982507,250900,18124
2026-03-11 22:46:09.982507,261550,17314
2026-03-11 22:46:09.982507,39210,17162
2026-03-11 22:46:09.982507,646570,17102
2026-03-11 22:46:09.982507,427520,16590
2026-03-11 22:46:09.982507,1771300,16548
2026-03-11 22:46:09.982507,813780,16502
2026-03-11 22:46:09.982507,3164500,15950
2026-03-11 22:46:09.982507,1151340,15583
2026-03-11 22:46:09.982507,2183900,15472
2026-03-11 22:46:09.982507,1149460,15343
2026-03-11 22:46:09.982507,346110,15299
2026-03-11 22:46:09.982507,2252570,15222
2026-03-11 22:46:09.982507,3472040,14692
2026-03-11 22:46:09.982507,2344520,14401
2026-03-11 22:46:09.982507,1874880,14153
2026-03-11 22:46:09.982507,739630,13872
2026-03-11 22:46:09.982507,8930,13768
2026-03-11 22:46:09.982507,1905180,13571
2026-03-11 22:46:09.982507,1665460,13046
2026-03-11 22:46:09.982507,1476970,13023
2026-03-11 22:46:09.982507,2923300,12947
2026-03-11 22:46:09.982507,291550,12722
2026-03-11 22:46:09.982507,3527290,12509
2026-03-11 22:46:09.982507,1203620,12187
2026-03-11 22:46:09.982507,1449850,11998
2026-03-11 22:46:09.982507,629520,11883
2026-03-11 23:00:25.119970,730,948486
2026-03-11 23:00:25.119970,570,332101
2026-03-11 23:00:25.119970,2868840,214725
2026-03-11 23:00:25.119970,2676230,157289
2026-03-11 23:00:25.119970,1808500,154824
2026-03-11 23:00:25.119970,578080,126145
2026-03-11 23:00:25.119970,3419430,104381
2026-03-11 23:00:25.119970,238960,96675
2026-03-11 23:00:25.119970,359550,96072
2026-03-11 23:00:25.119970,252490,91325
2026-03-11 23:00:25.119970,1422450,90140
2026-03-11 23:00:25.119970,2357570,86299
2026-03-11 23:00:25.119970,2767030,71719
2026-03-11 23:00:25.119970,322170,66090
2026-03-11 23:00:25.119970,3764200,64388
2026-03-11 23:00:25.119970,1172470,60652
2026-03-11 23:00:25.119970,3065800,53378
2026-03-11 23:00:25.119970,413150,51100
2026-03-11 23:00:25.119970,440,49215
2026-03-11 23:00:25.119970,271590,48851
2026-03-11 23:00:25.119970,553850,46879
2026-03-11 23:00:25.119970,1086940,46718
2026-03-11 23:00:25.119970,3405690,46665
2026-03-11 23:00:25.119970,236390,43588
2026-03-11 23:00:25.119970,431960,43125
2026-03-11 23:00:25.119970,381210,41905
2026-03-11 23:00:25.119970,230410,41422
2026-03-11 23:00:25.119970,438100,40360
2026-03-11 23:00:25.119970,686060,37580
2026-03-11 23:00:25.119970,252950,37289
2026-03-11 23:00:25.119970,1366800,37081
2026-03-11 23:00:25.119970,2807960,36969
2026-03-11 23:00:25.119970,105600,36938
2026-03-11 23:00:25.119970,221100,36753
2026-03-11 23:00:25.119970,2507950,35327
2026-03-11 23:00:25.119970,1938090,34329
2026-03-11 23:00:25.119970,3240220,32680
2026-03-11 23:00:25.119970,4465480,30823
2026-03-11 23:00:25.119970,3551340,30390
2026-03-11 23:00:25.119970,240,29107
2026-03-11 23:00:25.119970,394360,28111
2026-03-11 23:00:25.119970,108600,26563
2026-03-11 23:00:25.119970,1222670,26322
2026-03-11 23:00:25.119970,2399830,25454
2026-03-11 23:00:25.119970,489830,23894
2026-03-11 23:00:25.119970,892970,23211
2026-03-11 23:00:25.119970,1245620,23088
2026-03-11 23:00:25.119970,1281930,22947
2026-03-11 23:00:25.119970,289070,22742
2026-03-11 23:00:25.119970,294100,22377
2026-03-11 23:00:25.119970,582660,22202
2026-03-11 23:00:25.119970,227300,21617
2026-03-11 23:00:25.119970,1623730,21380
2026-03-11 23:00:25.119970,4025700,21035
2026-03-11 23:00:25.119970,550,20784
2026-03-11 23:00:25.119970,377160,20484
2026-03-11 23:00:25.119970,526870,20225
2026-03-11 23:00:25.119970,218620,20099
2026-03-11 23:00:25.119970,1091500,20086
2026-03-11 23:00:25.119970,3564740,20062
2026-03-11 23:00:25.119970,3241660,20048
2026-03-11 23:00:25.119970,2300320,19891
2026-03-11 23:00:25.119970,1174180,19866
2026-03-11 23:00:25.119970,2221490,19755
2026-03-11 23:00:25.119970,4000,19562
2026-03-11 23:00:25.119970,2246340,19418
2026-03-11 23:00:25.119970,284160,19283
2026-03-11 23:00:25.119970,2073620,18685
2026-03-11 23:00:25.119970,1973530,18634
2026-03-11 23:00:25.119970,2050650,18596
2026-03-11 23:00:25.119970,251570,18487
2026-03-11 23:00:25.119970,1158310,18315
2026-03-11 23:00:25.119970,1142710,18179
2026-03-11 23:00:25.119970,250900,17696
2026-03-11 23:00:25.119970,39210,17490
2026-03-11 23:00:25.119970,261550,16844
2026-03-11 23:00:25.119970,646570,16784
2026-03-11 23:00:25.119970,427520,16075
2026-03-11 23:00:25.119970,1151340,16024
2026-03-11 23:00:25.119970,1771300,15994
2026-03-11 23:00:25.119970,813780,15902
2026-03-11 23:00:25.119970,3164500,15887
2026-03-11 23:00:25.119970,1149460,14963
2026-03-11 23:00:25.119970,2183900,14962
2026-03-11 23:00:25.119970,346110,14955
2026-03-11 23:00:25.119970,3472040,14684
2026-03-11 23:00:25.119970,2252570,14468
2026-03-11 23:00:25.119970,2344520,14042
2026-03-11 23:00:25.119970,1874880,13881
2026-03-11 23:00:25.119970,8930,13506
2026-03-11 23:00:25.119970,739630,13330
2026-03-11 23:00:25.119970,1905180,13206
2026-03-11 23:00:25.119970,1665460,12992
2026-03-11 23:00:25.119970,1476970,12970
2026-03-11 23:00:25.119970,291550,12625
2026-03-11 23:00:25.119970,3527290,12100
2026-03-11 23:00:25.119970,1449850,12023
2026-03-11 23:00:25.119970,1203620,11785
2026-03-11 23:00:25.119970,2073850,11570
2026-03-11 23:00:25.119970,629520,11540
2026-03-11 23:36:34.046751,730,794820
2026-03-11 23:36:34.046751,570,316149
2026-03-11 23:36:34.046751,2868840,211658
2026-03-11 23:36:34.046751,2676230,151454
2026-03-11 23:36:34.046751,1808500,150445
2026-03-11 23:36:34.046751,578080,109522
2026-03-11 23:36:34.046751,3419430,103093
2026-03-11 23:36:34.046751,359550,96522
2026-03-11 23:36:34.046751,238960,89530
2026-03-11 23:36:34.046751,1422450,88479
2026-03-11 23:36:34.046751,252490,86310
2026-03-11 23:36:34.046751,2357570,84729
2026-03-11 23:36:34.046751,2767030,74316
2026-03-11 23:36:34.046751,322170,64506
2026-03-11 23:36:34.046751,3764200,63950
2026-03-11 23:36:34.046751,1172470,59261
2026-03-11 23:36:34.046751,3065800,54454
2026-03-11 23:36:34.046751,413150,50565
2026-03-11 23:36:34.046751,440,49237
2026-03-11 23:36:34.046751,553850,45779
2026-03-11 23:36:34.046751,1086940,45738
2026-03-11 23:36:34.046751,271590,44658
2026-03-11 23:36:34.046751,3405690,44248
2026-03-11 23:36:34.046751,431960,42446
2026-03-11 23:36:34.046751,230410,40509
2026-03-11 23:36:34.046751,381210,40454
2026-03-11 23:36:34.046751,236390,40414
2026-03-11 23:36:34.046751,438100,40206
2026-03-11 23:36:34.046751,105600,36159
2026-03-11 23:36:34.046751,1366800,36154
2026-03-11 23:36:34.046751,686060,36082
2026-03-11 23:36:34.046751,2807960,35378
2026-03-11 23:36:34.046751,1938090,35294
2026-03-11 23:36:34.046751,252950,34753
2026-03-11 23:36:34.046751,2507950,34360
2026-03-11 23:36:34.046751,221100,34168
2026-03-11 23:36:34.046751,3240220,31278
2026-03-11 23:36:34.046751,4465480,30003
2026-03-11 23:36:34.046751,240,28627
2026-03-11 23:36:34.046751,3551340,26114
2026-03-11 23:36:34.046751,108600,26034
2026-03-11 23:36:34.046751,394360,25792
2026-03-11 23:36:34.046751,1222670,25749
2026-03-11 23:36:34.046751,2399830,24671
2026-03-11 23:36:34.046751,489830,23185
2026-03-11 23:36:34.046751,1281930,22617
2026-03-11 23:36:34.046751,1245620,22278
2026-03-11 23:36:34.046751,294100,21905
2026-03-11 23:36:34.046751,892970,21824
2026-03-11 23:36:34.046751,4025700,21773
2026-03-11 23:36:34.046751,582660,21752
2026-03-11 23:36:34.046751,289070,21517
2026-03-11 23:36:34.046751,550,21075
2026-03-11 23:36:34.046751,1623730,21013
2026-03-11 23:36:34.046751,377160,19742
2026-03-11 23:36:34.046751,2221490,19351
2026-03-11 23:36:34.046751,218620,19298
2026-03-11 23:36:34.046751,227300,19142
2026-03-11 23:36:34.046751,1174180,19132
2026-03-11 23:36:34.046751,1091500,19124
2026-03-11 23:36:34.046751,3564740,19026
2026-03-11 23:36:34.046751,2246340,18926
2026-03-11 23:36:34.046751,4000,18786
2026-03-11 23:36:34.046751,526870,18777
2026-03-11 23:36:34.046751,284160,18647
2026-03-11 23:36:34.046751,3241660,18463
2026-03-11 23:36:34.046751,2050650,18202
2026-03-11 23:36:34.046751,2300320,18057
2026-03-11 23:36:34.046751,39210,17999
2026-03-11 23:36:34.046751,251570,17936
2026-03-11 23:36:34.046751,1973530,17930
2026-03-11 23:36:34.046751,2073620,17702
2026-03-11 23:36:34.046751,1158310,17288
2026-03-11 23:36:34.046751,1142710,16805
2026-03-11 23:36:34.046751,250900,16597
2026-03-11 23:36:34.046751,646570,16142
2026-03-11 23:36:34.046751,261550,15769
2026-03-11 23:36:34.046751,3164500,15650
2026-03-11 23:36:34.046751,1151340,15337
2026-03-11 23:36:34.046751,813780,14898
2026-03-11 23:36:34.046751,427520,14831
2026-03-11 23:36:34.046751,3472040,14731
2026-03-11 23:36:34.046751,1771300,14490
2026-03-11 23:36:34.046751,346110,14361
2026-03-11 23:36:34.046751,1149460,14324
2026-03-11 23:36:34.046751,2183900,14066
2026-03-11 23:36:34.046751,1874880,13612
2026-03-11 23:36:34.046751,2344520,13602
2026-03-11 23:36:34.046751,2923300,13205
2026-03-11 23:36:34.046751,8930,12872
2026-03-11 23:36:34.046751,739630,12830
2026-03-11 23:36:34.046751,1665460,12780
2026-03-11 23:36:34.046751,2252570,12763
2026-03-11 23:36:34.046751,1476970,12691
2026-03-11 23:36:34.046751,1905180,12635
2026-03-11 23:36:34.046751,291550,12306
2026-03-11 23:36:34.046751,1449850,11922
2026-03-11 23:36:34.046751,3527290,11806
2026-03-11 23:36:34.046751,2073850,11113
2026-03-11 23:36:34.046751,629520,11052
2026-03-11 23:55:27.222654,730,818337
2026-03-11 23:55:27.222654,570,307402
2026-03-11 23:55:27.222654,2868840,213261
2026-03-11 23:55:27.222654,2676230,150052
2026-03-11 23:55:27.222654,1808500,149378
2026-03-11 23:55:27.222654,578080,104927
2026-03-11 23:55:27.222654,3419430,102536
2026-03-11 23:55:27.222654,359550,98254
2026-03-11 23:55:27.222654,1422450,88320
2026-03-11 23:55:27.222654,238960,85993
2026-03-11 23:55:27.222654,2357570,84504
2026-03-11 23:55:27.222654,252490,81894
2026-03-11 23:55:27.222654,2767030,76308
2026-03-11 23:55:27.222654,322170,64557
2026-03-11 23:55:27.222654,3764200,63917
2026-03-11 23:55:27.222654,1172470,59128
2026-03-11 23:55:27.222654,3065800,55654
2026-03-11 23:55:27.222654,413150,51053
2026-03-11 23:55:27.222654,440,50330
2026-03-11 23:55:27.222654,553850,46200
2026-03-11 23:55:27.222654,1086940,45668
2026-03-11 23:55:27.222654,3405690,42969
2026-03-11 23:55:27.222654,271590,42659
2026-03-11 23:55:27.222654,431960,42597
2026-03-11 23:55:27.222654,438100,40769
2026-03-11 23:55:27.222654,230410,40318
2026-03-11 23:55:27.222654,381210,39749
2026-03-11 23:55:27.222654,236390,38872
2026-03-11 23:55:27.222654,105600,36025
2026-03-11 23:55:27.222654,1938090,35898
2026-03-11 23:55:27.222654,686060,35630
2026-03-11 23:55:27.222654,1366800,35618
2026-03-11 23:55:27.222654,2807960,35394
2026-03-11 23:55:27.222654,2507950,34199
2026-03-11 23:55:27.222654,252950,33893
2026-03-11 23:55:27.222654,221100,33250
2026-03-11 23:55:27.222654,3240220,31141
2026-03-11 23:55:27.222654,4465480,29804
2026-03-11 23:55:27.222654,240,28577
2026-03-11 23:55:27.222654,108600,25659
2026-03-11 23:55:27.222654,1222670,25438
2026-03-11 23:55:27.222654,394360,24847
2026-03-11 23:55:27.222654,2399830,24347
2026-03-11 23:55:27.222654,3551340,24083
2026-03-11 23:55:27.222654,489830,23010
2026-03-11 23:55:27.222654,1281930,22524
2026-03-11 23:55:27.222654,1245620,22263
2026-03-11 23:55:27.222654,294100,21646
2026-03-11 23:55:27.222654,4025700,21626
2026-03-11 23:55:27.222654,582660,21455
2026-03-11 23:55:27.222654,892970,21311
2026-03-11 23:55:27.222654,550,21257
2026-03-11 23:55:27.222654,289070,21103
2026-03-11 23:55:27.222654,1623730,20922
2026-03-11 23:55:27.222654,377160,19546
2026-03-11 23:55:27.222654,2221490,19327
2026-03-11 23:55:27.222654,2246340,19156
2026-03-11 23:55:27.222654,218620,19039
2026-03-11 23:55:27.222654,1174180,19029
2026-03-11 23:55:27.222654,1091500,18919
2026-03-11 23:55:27.222654,284160,18516
2026-03-11 23:55:27.222654,39210,18408
2026-03-11 23:55:27.222654,3564740,18383
2026-03-11 23:55:27.222654,4000,18296
2026-03-11 23:55:27.222654,3241660,18221
2026-03-11 23:55:27.222654,526870,18189
2026-03-11 23:55:27.222654,2050650,18140
2026-03-11 23:55:27.222654,227300,18062
2026-03-11 23:55:27.222654,251570,17816
2026-03-11 23:55:27.222654,1973530,17443
2026-03-11 23:55:27.222654,2300320,17200
2026-03-11 23:55:27.222654,2073620,17183
2026-03-11 23:55:27.222654,1158310,16884
2026-03-11 23:55:27.222654,1142710,16283
2026-03-11 23:55:27.222654,250900,15995
2026-03-11 23:55:27.222654,646570,15953
2026-03-11 23:55:27.222654,3164500,15647
2026-03-11 23:55:27.222654,1151340,15556
2026-03-11 23:55:27.222654,261550,15328
2026-03-11 23:55:27.222654,3472040,14732
2026-03-11 23:55:27.222654,813780,14666
2026-03-11 23:55:27.222654,427520,14496
2026-03-11 23:55:27.222654,346110,14081
2026-03-11 23:55:27.222654,1149460,14016
2026-03-11 23:55:27.222654,1771300,13895
2026-03-11 23:55:27.222654,2183900,13845
2026-03-11 23:55:27.222654,1874880,13576
2026-03-11 23:55:27.222654,2344520,13277
2026-03-11 23:55:27.222654,739630,13084
2026-03-11 23:55:27.222654,8930,12604
2026-03-11 23:55:27.222654,1905180,12524
2026-03-11 23:55:27.222654,1476970,12514
2026-03-11 23:55:27.222654,1665460,12498
2026-03-11 23:55:27.222654,291550,12244
2026-03-11 23:55:27.222654,1449850,12208
2026-03-11 23:55:27.222654,2252570,11954
2026-03-11 23:55:27.222654,3527290,11952
2026-03-11 23:55:27.222654,2923300,11658
2026-03-11 23:55:27.222654,1623660,10880
2026-03-11 23:55:27.222654,2073850,10874
2026-03-12 01:43:50.915943,730,778414
2026-03-12 01:43:50.915943,570,293570
2026-03-12 01:43:50.915943,2868840,254207
2026-03-12 01:43:50.915943,1808500,152195
2026-03-12 01:43:50.915943,2676230,133104
2026-03-12 01:43:50.915943,578080,123740
2026-03-12 01:43:50.915943,3419430,110272
2026-03-12 01:43:50.915943,359550,102829
2026-03-12 01:43:50.915943,2357570,88705
2026-03-12 01:43:50.915943,1422450,88006
2026-03-12 01:43:50.915943,2767030,84938
2026-03-12 01:43:50.915943,252490,72134
2026-03-12 01:43:50.915943,238960,71334
2026-03-12 01:43:50.915943,1172470,67592
2026-03-12 01:43:50.915943,3764200,64462
2026-03-12 01:43:50.915943,3065800,60427
2026-03-12 01:43:50.915943,322170,59353
2026-03-12 01:43:50.915943,413150,54977
2026-03-12 01:43:50.915943,553850,51053
2026-03-12 01:43:50.915943,431960,50451
2026-03-12 01:43:50.915943,1086940,48127
2026-03-12 01:43:50.915943,438100,45235
2026-03-12 01:43:50.915943,440,43374
2026-03-12 01:43:50.915943,230410,42528
2026-03-12 01:43:50.915943,2507950,40061
2026-03-12 01:43:50.915943,381210,39044
2026-03-12 01:43:50.915943,2807960,37658
2026-03-12 01:43:50.915943,1938090,37332
2026-03-12 01:43:50.915943,236390,36998
2026-03-12 01:43:50.915943,3405690,36660
2026-03-12 01:43:50.915943,105600,36437
2026-03-12 01:43:50.915943,271590,35568
2026-03-12 01:43:50.915943,686060,33875
2026-03-12 01:43:50.915943,1366800,33616
2026-03-12 01:43:50.915943,252950,32043
2026-03-12 01:43:50.915943,3240220,31713
2026-03-12 01:43:50.915943,4465480,28884
2026-03-12 01:43:50.915943,221100,28640
2026-03-12 01:43:50.915943,108600,25008
2026-03-12 01:43:50.915943,240,24468
2026-03-12 01:43:50.915943,1222670,24172
2026-03-12 01:43:50.915943,2246340,23799
2026-03-12 01:43:50.915943,550,23623
2026-03-12 01:43:50.915943,1281930,23165
2026-03-12 01:43:50.915943,2399830,23160
2026-03-12 01:43:50.915943,1245620,22339
2026-03-12 01:43:50.915943,394360,22255
2026-03-12 01:43:50.915943,489830,21898
2026-03-12 01:43:50.915943,4025700,21887
2026-03-12 01:43:50.915943,289070,21863
2026-03-12 01:43:50.915943,294100,21815
2026-03-12 01:43:50.915943,1623730,21779
2026-03-12 01:43:50.915943,3241660,20888
2026-03-12 01:43:50.915943,892970,20403
2026-03-12 01:43:50.915943,218620,20236
2026-03-12 01:43:50.915943,39210,19699
2026-03-12 01:43:50.915943,582660,19464
2026-03-12 01:43:50.915943,2221490,18967
2026-03-12 01:43:50.915943,646570,18887
2026-03-12 01:43:50.915943,3564740,18830
2026-03-12 01:43:50.915943,1174180,18778
2026-03-12 01:43:50.915943,377160,18775
2026-03-12 01:43:50.915943,1091500,18695
2026-03-12 01:43:50.915943,251570,18003
2026-03-12 01:43:50.915943,2050650,17822
2026-03-12 01:43:50.915943,284160,17105
2026-03-12 01:43:50.915943,3551340,17053
2026-03-12 01:43:50.915943,526870,16419
2026-03-12 01:43:50.915943,3472040,15991
2026-03-12 01:43:50.915943,4000,15865
2026-03-12 01:43:50.915943,1158310,15660
2026-03-12 01:43:50.915943,3164500,15464
2026-03-12 01:43:50.915943,250900,15085
2026-03-12 01:43:50.915943,2073620,15073
2026-03-12 01:43:50.915943,1151340,14951
2026-03-12 01:43:50.915943,1142710,14825
2026-03-12 01:43:50.915943,739630,14778
2026-03-12 01:43:50.915943,813780,14703
2026-03-12 01:43:50.915943,261550,14491
2026-03-12 01:43:50.915943,2923300,14413
2026-03-12 01:43:50.915943,2300320,14242
2026-03-12 01:43:50.915943,2183900,14088
2026-03-12 01:43:50.915943,1449850,13932
2026-03-12 01:43:50.915943,3527290,13438
2026-03-12 01:43:50.915943,346110,13414
2026-03-12 01:43:50.915943,2344520,13398
2026-03-12 01:43:50.915943,227300,13315
2026-03-12 01:43:50.915943,427520,13285
2026-03-12 01:43:50.915943,1149460,13061
2026-03-12 01:43:50.915943,1874880,12824
2026-03-12 01:43:50.915943,2622380,12739
2026-03-12 01:43:50.915943,1771300,12648
2026-03-12 01:43:50.915943,1599340,12396
2026-03-12 01:43:50.915943,1905180,12291
2026-03-12 01:43:50.915943,8930,11939
2026-03-12 01:43:50.915943,1476970,11852
2026-03-12 01:43:50.915943,291550,11530
2026-03-12 01:43:50.915943,2073850,11316
2026-03-12 01:43:50.915943,255710,11134
2026-03-12 01:43:50.915943,1623660,10975
2026-03-12 04:00:16.955618,730,741394
2026-03-12 04:00:16.955618,570,299086
2026-03-12 04:00:16.955618,2868840,285862
2026-03-12 04:00:16.955618,578080,180743
2026-03-12 04:00:16.955618,1808500,124267
2026-03-12 04:00:16.955618,3419430,116562
2026-03-12 04:00:16.955618,2676230,103524
2026-03-12 04:00:16.955618,1422450,84879
2026-03-12 04:00:16.955618,359550,81907
2026-03-12 04:00:16.955618,2357570,78096
2026-03-12 04:00:16.955618,1172470,76589
2026-03-12 04:00:16.955618,2767030,76403
2026-03-12 04:00:16.955618,252490,63093
2026-03-12 04:00:16.955618,431960,58565
2026-03-12 04:00:16.955618,1973530,58501
2026-03-12 04:00:16.955618,3764200,57348
2026-03-12 04:00:16.955618,238960,56967
2026-03-12 04:00:16.955618,3065800,54218
2026-03-12 04:00:16.955618,2507950,53412
2026-03-12 04:00:16.955618,413150,51010
2026-03-12 04:00:16.955618,438100,46976
2026-03-12 04:00:16.955618,440,44593
2026-03-12 04:00:16.955618,553850,43052
2026-03-12 04:00:16.955618,322170,42763
2026-03-12 04:00:16.955618,230410,40417
2026-03-12 04:00:16.955618,1086940,39194
2026-03-12 04:00:16.955618,105600,34821
2026-03-12 04:00:16.955618,381210,34109
2026-03-12 04:00:16.955618,236390,33404
2026-03-12 04:00:16.955618,3240220,32658
2026-03-12 04:00:16.955618,271590,31429
2026-03-12 04:00:16.955618,1938090,31379
2026-03-12 04:00:16.955618,2807960,30302
2026-03-12 04:00:16.955618,240,30272
2026-03-12 04:00:16.955618,3405690,29996
2026-03-12 04:00:16.955618,1366800,29591
2026-03-12 04:00:16.955618,686060,29077
2026-03-12 04:00:16.955618,550,25950
2026-03-12 04:00:16.955618,252950,24959
2026-03-12 04:00:16.955618,2246340,23656
2026-03-12 04:00:16.955618,1281930,23448
2026-03-12 04:00:16.955618,4465480,22893
2026-03-12 04:00:16.955618,221100,22877
2026-03-12 04:00:16.955618,646570,22547
2026-03-12 04:00:16.955618,4025700,22364
2026-03-12 04:00:16.955618,1623730,21811
2026-03-12 04:00:16.955618,289070,21785
2026-03-12 04:00:16.955618,108600,21435
2026-03-12 04:00:16.955618,294100,21430
2026-03-12 04:00:16.955618,2399830,20725
2026-03-12 04:00:16.955618,1222670,20604
2026-03-12 04:00:16.955618,3241660,20524
2026-03-12 04:00:16.955618,1245620,20462
2026-03-12 04:00:16.955618,394360,20428
2026-03-12 04:00:16.955618,218620,20119
2026-03-12 04:00:16.955618,489830,18555
2026-03-12 04:00:16.955618,3564740,18181
2026-03-12 04:00:16.955618,1174180,18069
2026-03-12 04:00:16.955618,582660,17819
2026-03-12 04:00:16.955618,1091500,17649
2026-03-12 04:00:16.955618,3472040,16775
2026-03-12 04:00:16.955618,2050650,16590
2026-03-12 04:00:16.955618,892970,16221
2026-03-12 04:00:16.955618,39210,15971
2026-03-12 04:00:16.955618,2221490,15920
2026-03-12 04:00:16.955618,377160,15827
2026-03-12 04:00:16.955618,251570,15768
2026-03-12 04:00:16.955618,1449850,14506
2026-03-12 04:00:16.955618,2622380,14381
2026-03-12 04:00:16.955618,261550,14130
2026-03-12 04:00:16.955618,3551340,13913
2026-03-12 04:00:16.955618,1158310,13732
2026-03-12 04:00:16.955618,526870,13519
2026-03-12 04:00:16.955618,1142710,13387
2026-03-12 04:00:16.955618,3527290,13375
2026-03-12 04:00:16.955618,322330,13289
2026-03-12 04:00:16.955618,813780,13205
2026-03-12 04:00:16.955618,346110,13115
2026-03-12 04:00:16.955618,250900,12938
2026-03-12 04:00:16.955618,284160,12774
2026-03-12 04:00:16.955618,2183900,12773
2026-03-12 04:00:16.955618,255710,12699
2026-03-12 04:00:16.955618,3164500,12652
2026-03-12 04:00:16.955618,739630,12523
2026-03-12 04:00:16.955618,2344520,12512
2026-03-12 04:00:16.955618,4000,12476
2026-03-12 04:00:16.955618,1905180,12396
2026-03-12 04:00:16.955618,2073620,12178
2026-03-12 04:00:16.955618,1151340,12081
2026-03-12 04:00:16.955618,2923300,11969
2026-03-12 04:00:16.955618,427520,11573
2026-03-12 04:00:16.955618,1771300,11450
2026-03-12 04:00:16.955618,1476970,11201
2026-03-12 04:00:16.955618,1623660,10989
2026-03-12 04:00:16.955618,1364780,10899
2026-03-12 04:00:16.955618,753,10581
2026-03-12 04:00:16.955618,8930,10344
2026-03-12 04:00:16.955618,1599340,10319
2026-03-12 04:00:16.955618,227300,10242
2026-03-12 04:00:16.955618,1149460,10197
2026-03-12 05:19:27.657233,730,793944
2026-03-12 05:19:27.657233,2868840,301035
2026-03-12 05:19:27.657233,570,295490
2026-03-12 05:19:27.657233,578080,241989
2026-03-12 05:19:27.657233,3419430,116635
2026-03-12 05:19:27.657233,1808500,95413
2026-03-12 05:19:27.657233,1172470,85515
2026-03-12 05:19:27.657233,1973530,84403
2026-03-12 05:19:27.657233,2676230,82116
2026-03-12 05:19:27.657233,1422450,69856
2026-03-12 05:19:27.657233,431960,67396
2026-03-12 05:19:27.657233,2507950,67190
2026-03-12 05:19:27.657233,2357570,64365
2026-03-12 05:19:27.657233,2767030,61305
2026-03-12 05:19:27.657233,359550,61106
2026-03-12 05:19:27.657233,252490,59445
2026-03-12 05:19:27.657233,3764200,50370
2026-03-12 05:19:27.657233,238960,48772
2026-03-12 05:19:27.657233,413150,48144
2026-03-12 05:19:27.657233,438100,45352
2026-03-12 05:19:27.657233,3065800,41966
2026-03-12 05:19:27.657233,440,41171
2026-03-12 05:19:27.657233,230410,39620
2026-03-12 05:19:27.657233,1203220,37346
2026-03-12 05:19:27.657233,3240220,36381
2026-03-12 05:19:27.657233,271590,34425
2026-03-12 05:19:27.657233,553850,34282
2026-03-12 05:19:27.657233,236390,33997
2026-03-12 05:19:27.657233,322170,33858
2026-03-12 05:19:27.657233,105600,33560
2026-03-12 05:19:27.657233,1086940,31425
2026-03-12 05:19:27.657233,381210,29699
2026-03-12 05:19:27.657233,240,27914
2026-03-12 05:19:27.657233,1366800,27341
2026-03-12 05:19:27.657233,646570,26143
2026-03-12 05:19:27.657233,1938090,25181
2026-03-12 05:19:27.657233,686060,24939
2026-03-12 05:19:27.657233,1281930,24757
2026-03-12 05:19:27.657233,3405690,24282
2026-03-12 05:19:27.657233,2807960,23637
2026-03-12 05:19:27.657233,2246340,22314
2026-03-12 05:19:27.657233,4025700,22213
2026-03-12 05:19:27.657233,1623730,22034
2026-03-12 05:19:27.657233,289070,21790
2026-03-12 05:19:27.657233,4465480,20921
2026-03-12 05:19:27.657233,294100,20905
2026-03-12 05:19:27.657233,550,20834
2026-03-12 05:19:27.657233,394360,20820
2026-03-12 05:19:27.657233,221100,20093
2026-03-12 05:19:27.657233,218620,19477
2026-03-12 05:19:27.657233,2399830,19312
2026-03-12 05:19:27.657233,1245620,18928
2026-03-12 05:19:27.657233,108600,18508
2026-03-12 05:19:27.657233,3472040,18063
2026-03-12 05:19:27.657233,1222670,18050
2026-03-12 05:19:27.657233,3241660,18025
2026-03-12 05:19:27.657233,252950,17954
2026-03-12 05:19:27.657233,1174180,17936
2026-03-12 05:19:27.657233,1091500,17175
2026-03-12 05:19:27.657233,582660,17039
2026-03-12 05:19:27.657233,3564740,16917
2026-03-12 05:19:27.657233,489830,15862
2026-03-12 05:19:27.657233,2050650,15822
2026-03-12 05:19:27.657233,255710,15807
2026-03-12 05:19:27.657233,322330,15696
2026-03-12 05:19:27.657233,2622380,15565
2026-03-12 05:19:27.657233,1449850,14864
2026-03-12 05:19:27.657233,261550,14224
2026-03-12 05:19:27.657233,251570,14006
2026-03-12 05:19:27.657233,2744880,13880
2026-03-12 05:19:27.657233,346110,13777
2026-03-12 05:19:27.657233,2923300,13773
2026-03-12 05:19:27.657233,3551340,13214
2026-03-12 05:19:27.657233,377160,13171
2026-03-12 05:19:27.657233,1364780,12872
2026-03-12 05:19:27.657233,1905180,12817
2026-03-12 05:19:27.657233,892970,12751
2026-03-12 05:19:27.657233,1158310,12662
2026-03-12 05:19:27.657233,2221490,12577
2026-03-12 05:19:27.657233,39210,12501
2026-03-12 05:19:27.657233,1142710,12070
2026-03-12 05:19:27.657233,250900,11944
2026-03-12 05:19:27.657233,2344520,11944
2026-03-12 05:19:27.657233,3527290,11411
2026-03-12 05:19:27.657233,526870,11342
2026-03-12 05:19:27.657233,4000,11256
2026-03-12 05:19:27.657233,813780,11091
2026-03-12 05:19:27.657233,753,11087
2026-03-12 05:19:27.657233,1623660,10949
2026-03-12 05:19:27.657233,2183900,10928
2026-03-12 05:19:27.657233,1476970,10882
2026-03-12 05:19:27.657233,2073620,10817
2026-03-12 05:19:27.657233,1151340,10693
2026-03-12 05:19:27.657233,1771300,10651
2026-03-12 05:19:27.657233,227300,10614
2026-03-12 05:19:27.657233,284160,10591
2026-03-12 05:19:27.657233,427520,10203
2026-03-12 05:19:27.657233,3164500,10162
2026-03-12 05:19:27.657233,2358720,10006
2026-03-12 05:19:27.657233,739630,9318
2026-03-12 06:08:25.266087,730,781730
2026-03-12 06:08:25.266087,570,295305
2026-03-12 06:08:25.266087,578080,268403
2026-03-12 06:08:25.266087,2868840,267952
2026-03-12 06:08:25.266087,3419430,119092
2026-03-12 06:08:25.266087,1172470,84076
2026-03-12 06:08:25.266087,1808500,79831
2026-03-12 06:08:25.266087,1973530,78182
2026-03-12 06:08:25.266087,2676230,74968
2026-03-12 06:08:25.266087,431960,67843
2026-03-12 06:08:25.266087,2507950,67725
2026-03-12 06:08:25.266087,1422450,59823
2026-03-12 06:08:25.266087,252490,59262
2026-03-12 06:08:25.266087,2357570,55621
2026-03-12 06:08:25.266087,359550,52064
2026-03-12 06:08:25.266087,2767030,51651
2026-03-12 06:08:25.266087,238960,47557
2026-03-12 06:08:25.266087,413150,44563
2026-03-12 06:08:25.266087,3764200,44525
2026-03-12 06:08:25.266087,438100,42346
2026-03-12 06:08:25.266087,440,39946
2026-03-12 06:08:25.266087,1203220,36562
2026-03-12 06:08:25.266087,230410,36289
2026-03-12 06:08:25.266087,271590,35933
2026-03-12 06:08:25.266087,3065800,35041
2026-03-12 06:08:25.266087,3240220,34568
2026-03-12 06:08:25.266087,105600,33352
2026-03-12 06:08:25.266087,240,32673
2026-03-12 06:08:25.266087,236390,31552
2026-03-12 06:08:25.266087,322170,31477
2026-03-12 06:08:25.266087,553850,29171
2026-03-12 06:08:25.266087,1086940,27150
2026-03-12 06:08:25.266087,381210,26408
2026-03-12 06:08:25.266087,1366800,26203
2026-03-12 06:08:25.266087,4465480,24153
2026-03-12 06:08:25.266087,646570,23335
2026-03-12 06:08:25.266087,4025700,22007
2026-03-12 06:08:25.266087,686060,21717
2026-03-12 06:08:25.266087,1938090,21659
2026-03-12 06:08:25.266087,2246340,21130
2026-03-12 06:08:25.266087,3405690,21044
2026-03-12 06:08:25.266087,1623730,21027
2026-03-12 06:08:25.266087,1281930,20897
2026-03-12 06:08:25.266087,289070,20587
2026-03-12 06:08:25.266087,294100,20043
2026-03-12 06:08:25.266087,394360,19926
2026-03-12 06:08:25.266087,221100,19884
2026-03-12 06:08:25.266087,2807960,19568
2026-03-12 06:08:25.266087,218620,18296
2026-03-12 06:08:25.266087,2399830,18112
2026-03-12 06:08:25.266087,1245620,17083
2026-03-12 06:08:25.266087,108600,16786
2026-03-12 06:08:25.266087,322330,16640
2026-03-12 06:08:25.266087,1222670,16624
2026-03-12 06:08:25.266087,1174180,16601
2026-03-12 06:08:25.266087,3564740,16579
2026-03-12 06:08:25.266087,582660,16194
2026-03-12 06:08:25.266087,3472040,16160
2026-03-12 06:08:25.266087,3241660,15803
2026-03-12 06:08:25.266087,1091500,15768
2026-03-12 06:08:25.266087,550,15662
2026-03-12 06:08:25.266087,2622380,14904
2026-03-12 06:08:25.266087,489830,14403
2026-03-12 06:08:25.266087,255710,14387
2026-03-12 06:08:25.266087,2050650,14345
2026-03-12 06:08:25.266087,252950,14304
2026-03-12 06:08:25.266087,261550,13673
2026-03-12 06:08:25.266087,1449850,13367
2026-03-12 06:08:25.266087,1905180,13316
2026-03-12 06:08:25.266087,251570,13283
2026-03-12 06:08:25.266087,3551340,13272
2026-03-12 06:08:25.266087,346110,13257
2026-03-12 06:08:25.266087,2923300,12849
2026-03-12 06:08:25.266087,2344520,11953
2026-03-12 06:08:25.266087,1364780,11943
2026-03-12 06:08:25.266087,1158310,11843
2026-03-12 06:08:25.266087,377160,11832
2026-03-12 06:08:25.266087,753,11406
2026-03-12 06:08:25.266087,2221490,11406
2026-03-12 06:08:25.266087,1142710,11190
2026-03-12 06:08:25.266087,892970,11114
2026-03-12 06:08:25.266087,39210,10940
2026-03-12 06:08:25.266087,1623660,10931
2026-03-12 06:08:25.266087,4000,10797
2026-03-12 06:08:25.266087,1476970,10789
2026-03-12 06:08:25.266087,227300,10675
2026-03-12 06:08:25.266087,250900,10599
2026-03-12 06:08:25.266087,2744880,10561
2026-03-12 06:08:25.266087,526870,10212
2026-03-12 06:08:25.266087,3527290,10067
2026-03-12 06:08:25.266087,813780,10028
2026-03-12 06:08:25.266087,284160,9971
2026-03-12 06:08:25.266087,2183900,9882
2026-03-12 06:08:25.266087,1771300,9868
2026-03-12 06:08:25.266087,2073620,9787
2026-03-12 06:08:25.266087,427520,9558
2026-03-12 06:08:25.266087,766570,9199
2026-03-12 06:08:25.266087,2358720,9169
2026-03-12 06:08:25.266087,1325860,9073
2026-03-12 06:08:25.266087,1151340,9046
2026-03-12 07:13:45.992512,730,804300
2026-03-12 07:13:45.992512,570,308789
2026-03-12 07:13:45.992512,578080,307970
2026-03-12 07:13:45.992512,2868840,250019
2026-03-12 07:13:45.992512,3419430,121669
2026-03-12 07:13:45.992512,1172470,87138
2026-03-12 07:13:45.992512,1973530,73190
2026-03-12 07:13:45.992512,2507950,71744
2026-03-12 07:13:45.992512,431960,70406
2026-03-12 07:13:45.992512,2676230,66717
2026-03-12 07:13:45.992512,1808500,65101
2026-03-12 07:13:45.992512,252490,61635
2026-03-12 07:13:45.992512,238960,49246
2026-03-12 07:13:45.992512,1422450,47641
2026-03-12 07:13:45.992512,2357570,46458
2026-03-12 07:13:45.992512,413150,41862
2026-03-12 07:13:45.992512,359550,41666
2026-03-12 07:13:45.992512,271590,40593
2026-03-12 07:13:45.992512,3764200,39664
2026-03-12 07:13:45.992512,2767030,39582
2026-03-12 07:13:45.992512,440,38911
2026-03-12 07:13:45.992512,438100,38717
2026-03-12 07:13:45.992512,1203220,36839
2026-03-12 07:13:45.992512,3240220,33950
2026-03-12 07:13:45.992512,230410,33875
2026-03-12 07:13:45.992512,240,33396
2026-03-12 07:13:45.992512,236390,32261
2026-03-12 07:13:45.992512,322170,30747
2026-03-12 07:13:45.992512,105600,30105
2026-03-12 07:13:45.992512,3065800,27881
2026-03-12 07:13:45.992512,4465480,25572
2026-03-12 07:13:45.992512,1366800,25242
2026-03-12 07:13:45.992512,553850,24066
2026-03-12 07:13:45.992512,381210,23469
2026-03-12 07:13:45.992512,1086940,23232
2026-03-12 07:13:45.992512,646570,22540
2026-03-12 07:13:45.992512,4025700,21893
2026-03-12 07:13:45.992512,1623730,20763
2026-03-12 07:13:45.992512,289070,20676
2026-03-12 07:13:45.992512,1281930,20645
2026-03-12 07:13:45.992512,221100,20487
2026-03-12 07:13:45.992512,2246340,20006
2026-03-12 07:13:45.992512,394360,19978
2026-03-12 07:13:45.992512,294100,19695
2026-03-12 07:13:45.992512,686060,19457
2026-03-12 07:13:45.992512,3405690,18756
2026-03-12 07:13:45.992512,218620,18377
2026-03-12 07:13:45.992512,1938090,18176
2026-03-12 07:13:45.992512,322330,17605
2026-03-12 07:13:45.992512,2399830,17199
2026-03-12 07:13:45.992512,2807960,16773
2026-03-12 07:13:45.992512,3564740,16235
2026-03-12 07:13:45.992512,1174180,16224
2026-03-12 07:13:45.992512,1222670,15640
2026-03-12 07:13:45.992512,1245620,15567
2026-03-12 07:13:45.992512,108600,15289
2026-03-12 07:13:45.992512,3472040,15027
2026-03-12 07:13:45.992512,1091500,14894
2026-03-12 07:13:45.992512,2622380,14771
2026-03-12 07:13:45.992512,582660,14769
2026-03-12 07:13:45.992512,3551340,14754
2026-03-12 07:13:45.992512,1905180,14237
2026-03-12 07:13:45.992512,255710,13945
2026-03-12 07:13:45.992512,3241660,13673
2026-03-12 07:13:45.992512,261550,13567
2026-03-12 07:13:45.992512,2923300,13493
2026-03-12 07:13:45.992512,2050650,13130
2026-03-12 07:13:45.992512,489830,13120
2026-03-12 07:13:45.992512,251570,13067
2026-03-12 07:13:45.992512,346110,13051
2026-03-12 07:13:45.992512,1449850,12707
2026-03-12 07:13:45.992512,1364780,12703
2026-03-12 07:13:45.992512,2344520,12042
2026-03-12 07:13:45.992512,227300,11950
2026-03-12 07:13:45.992512,550,11662
2026-03-12 07:13:45.992512,753,11572
2026-03-12 07:13:45.992512,1158310,11205
2026-03-12 07:13:45.992512,252950,10960
2026-03-12 07:13:45.992512,1142710,10949
2026-03-12 07:13:45.992512,1623660,10932
2026-03-12 07:13:45.992512,1476970,10903
2026-03-12 07:13:45.992512,377160,10755
2026-03-12 07:13:45.992512,4000,10427
2026-03-12 07:13:45.992512,766570,10266
2026-03-12 07:13:45.992512,2221490,10130
2026-03-12 07:13:45.992512,892970,9865
2026-03-12 07:13:45.992512,526870,9806
2026-03-12 07:13:45.992512,250900,9779
2026-03-12 07:13:45.992512,284160,9777
2026-03-12 07:13:45.992512,1771300,9761
2026-03-12 07:13:45.992512,2073620,9531
2026-03-12 07:13:45.992512,2744880,9517
2026-03-12 07:13:45.992512,2252570,9495
2026-03-12 07:13:45.992512,39210,9490
2026-03-12 07:13:45.992512,427520,9363
2026-03-12 07:13:45.992512,813780,9245
2026-03-12 07:13:45.992512,1325860,9225
2026-03-12 07:13:45.992512,2300320,9186
2026-03-12 07:13:45.992512,2358720,9015
2026-03-12 07:13:45.992512,365670,8968
2026-03-12 07:56:45.457670,730,858900
2026-03-12 07:56:45.457670,578080,333405
2026-03-12 07:56:45.457670,570,323252
2026-03-12 07:56:45.457670,2868840,253700
2026-03-12 07:56:45.457670,3419430,123726
2026-03-12 07:56:45.457670,1172470,92405
2026-03-12 07:56:45.457670,2507950,76549
2026-03-12 07:56:45.457670,431960,72663
2026-03-12 07:56:45.457670,1973530,72007
2026-03-12 07:56:45.457670,252490,64662
2026-03-12 07:56:45.457670,2676230,63501
2026-03-12 07:56:45.457670,1808500,56925
2026-03-12 07:56:45.457670,238960,52341
2026-03-12 07:56:45.457670,271590,44314
2026-03-12 07:56:45.457670,413150,41777
2026-03-12 07:56:45.457670,2357570,41741
2026-03-12 07:56:45.457670,1422450,41119
2026-03-12 07:56:45.457670,1203220,38800
2026-03-12 07:56:45.457670,3764200,38163
2026-03-12 07:56:45.457670,440,37728
2026-03-12 07:56:45.457670,359550,36652
2026-03-12 07:56:45.457670,438100,36392
2026-03-12 07:56:45.457670,3240220,35597
2026-03-12 07:56:45.457670,236390,34370
2026-03-12 07:56:45.457670,230410,33849
2026-03-12 07:56:45.457670,2767030,33179
2026-03-12 07:56:45.457670,322170,32292
2026-03-12 07:56:45.457670,240,31863
2026-03-12 07:56:45.457670,4465480,31853
2026-03-12 07:56:45.457670,105600,29919
2026-03-12 07:56:45.457670,1366800,25009
2026-03-12 07:56:45.457670,3065800,23912
2026-03-12 07:56:45.457670,646570,23323
2026-03-12 07:56:45.457670,381210,22624
2026-03-12 07:56:45.457670,553850,22535
2026-03-12 07:56:45.457670,4025700,22151
2026-03-12 07:56:45.457670,1086940,22088
2026-03-12 07:56:45.457670,289070,21673
2026-03-12 07:56:45.457670,221100,21420
2026-03-12 07:56:45.457670,1281930,21382
2026-03-12 07:56:45.457670,394360,21248
2026-03-12 07:56:45.457670,1623730,21238
2026-03-12 07:56:45.457670,294100,20059
2026-03-12 07:56:45.457670,2246340,20032
2026-03-12 07:56:45.457670,3405690,19210
2026-03-12 07:56:45.457670,322330,18985
2026-03-12 07:56:45.457670,686060,18856
2026-03-12 07:56:45.457670,218620,18743
2026-03-12 07:56:45.457670,2399830,17234
2026-03-12 07:56:45.457670,1174180,16894
2026-03-12 07:56:45.457670,1938090,16837
2026-03-12 07:56:45.457670,3551340,16477
2026-03-12 07:56:45.457670,3564740,16278
2026-03-12 07:56:45.457670,2807960,16248
2026-03-12 07:56:45.457670,1222670,15549
2026-03-12 07:56:45.457670,2622380,15323
2026-03-12 07:56:45.457670,1245620,15313
2026-03-12 07:56:45.457670,1091500,15140
2026-03-12 07:56:45.457670,3472040,15055
2026-03-12 07:56:45.457670,108600,15054
2026-03-12 07:56:45.457670,1905180,14831
2026-03-12 07:56:45.457670,255710,14503
2026-03-12 07:56:45.457670,582660,14356
2026-03-12 07:56:45.457670,261550,14252
2026-03-12 07:56:45.457670,227300,13651
2026-03-12 07:56:45.457670,346110,13480
2026-03-12 07:56:45.457670,1364780,13351
2026-03-12 07:56:45.457670,2050650,13336
2026-03-12 07:56:45.457670,3241660,13304
2026-03-12 07:56:45.457670,251570,13271
2026-03-12 07:56:45.457670,1449850,12970
2026-03-12 07:56:45.457670,489830,12778
2026-03-12 07:56:45.457670,2344520,12663
2026-03-12 07:56:45.457670,2923300,12081
2026-03-12 07:56:45.457670,1142710,11389
2026-03-12 07:56:45.457670,1158310,11270
2026-03-12 07:56:45.457670,2744880,11246
2026-03-12 07:56:45.457670,1476970,11110
2026-03-12 07:56:45.457670,766570,11004
2026-03-12 07:56:45.457670,1623660,10922
2026-03-12 07:56:45.457670,4000,10780
2026-03-12 07:56:45.457670,1771300,10438
2026-03-12 07:56:45.457670,377160,10384
2026-03-12 07:56:45.457670,2252570,10377
2026-03-12 07:56:45.457670,2300320,10299
2026-03-12 07:56:45.457670,550,10181
2026-03-12 07:56:45.457670,250900,10171
2026-03-12 07:56:45.457670,526870,10077
2026-03-12 07:56:45.457670,2073620,9900
2026-03-12 07:56:45.457670,284160,9872
2026-03-12 07:56:45.457670,2221490,9865
2026-03-12 07:56:45.457670,2358720,9689
2026-03-12 07:56:45.457670,427520,9618
2026-03-12 07:56:45.457670,1665460,9583
2026-03-12 07:56:45.457670,365670,9573
2026-03-12 07:56:45.457670,892970,9572
2026-03-12 07:56:45.457670,813780,9486
2026-03-12 07:56:45.457670,1325860,9386
2026-03-12 07:56:45.457670,252950,9377
2026-03-12 07:56:45.457670,594650,9089
2026-03-12 08:41:30.207836,730,923052
2026-03-12 08:41:30.207836,578080,352585
2026-03-12 08:41:30.207836,570,336498
2026-03-12 08:41:30.207836,2868840,265822
2026-03-12 08:41:30.207836,3419430,124432
2026-03-12 08:41:30.207836,1172470,99532
2026-03-12 08:41:30.207836,2507950,83216
2026-03-12 08:41:30.207836,431960,75758
2026-03-12 08:41:30.207836,1973530,73710
2026-03-12 08:41:30.207836,252490,66430
2026-03-12 08:41:30.207836,2676230,61719
2026-03-12 08:41:30.207836,238960,55907
2026-03-12 08:41:30.207836,1808500,53829
2026-03-12 08:41:30.207836,271590,47959
2026-03-12 08:41:30.207836,413150,43621
2026-03-12 08:41:30.207836,1203220,42811
2026-03-12 08:41:30.207836,2357570,39437
2026-03-12 08:41:30.207836,3240220,38420
2026-03-12 08:41:30.207836,3764200,38345
2026-03-12 08:41:30.207836,236390,37971
2026-03-12 08:41:30.207836,1422450,37218
2026-03-12 08:41:30.207836,440,35984
2026-03-12 08:41:30.207836,230410,34633
2026-03-12 08:41:30.207836,438100,34324
2026-03-12 08:41:30.207836,359550,33966
2026-03-12 08:41:30.207836,322170,33226
2026-03-12 08:41:30.207836,240,31386
2026-03-12 08:41:30.207836,4465480,31290
2026-03-12 08:41:30.207836,105600,30760
2026-03-12 08:41:30.207836,2767030,28678
2026-03-12 08:41:30.207836,646570,25597
2026-03-12 08:41:30.207836,1366800,25338
2026-03-12 08:41:30.207836,394360,23168
2026-03-12 08:41:30.207836,1281930,23159
2026-03-12 08:41:30.207836,553850,22837
2026-03-12 08:41:30.207836,289070,22717
2026-03-12 08:41:30.207836,381210,22669
2026-03-12 08:41:30.207836,221100,22590
2026-03-12 08:41:30.207836,4025700,22394
2026-03-12 08:41:30.207836,1086940,22257
2026-03-12 08:41:30.207836,1623730,22195
2026-03-12 08:41:30.207836,3065800,21873
2026-03-12 08:41:30.207836,3405690,20956
2026-03-12 08:41:30.207836,294100,20815
2026-03-12 08:41:30.207836,322330,20420
2026-03-12 08:41:30.207836,2246340,20262
2026-03-12 08:41:30.207836,686060,19051
2026-03-12 08:41:30.207836,3551340,18658
2026-03-12 08:41:30.207836,218620,18575
2026-03-12 08:41:30.207836,1174180,18351
2026-03-12 08:41:30.207836,2399830,17895
2026-03-12 08:41:30.207836,2807960,16704
2026-03-12 08:41:30.207836,3564740,16655
2026-03-12 08:41:30.207836,2622380,16633
2026-03-12 08:41:30.207836,1938090,16305
2026-03-12 08:41:30.207836,1091500,16079
2026-03-12 08:41:30.207836,3472040,15976
2026-03-12 08:41:30.207836,255710,15899
2026-03-12 08:41:30.207836,1245620,15897
2026-03-12 08:41:30.207836,1222670,15634
2026-03-12 08:41:30.207836,227300,15550
2026-03-12 08:41:30.207836,1905180,15505
2026-03-12 08:41:30.207836,261550,15326
2026-03-12 08:41:30.207836,108600,15195
2026-03-12 08:41:30.207836,1364780,14925
2026-03-12 08:41:30.207836,2744880,14710
2026-03-12 08:41:30.207836,3241660,14627
2026-03-12 08:41:30.207836,346110,14416
2026-03-12 08:41:30.207836,2923300,14274
2026-03-12 08:41:30.207836,2050650,13923
2026-03-12 08:41:30.207836,582660,13874
2026-03-12 08:41:30.207836,1449850,13707
2026-03-12 08:41:30.207836,251570,13620
2026-03-12 08:41:30.207836,2344520,13216
2026-03-12 08:41:30.207836,489830,12859
2026-03-12 08:41:30.207836,1142710,12125
2026-03-12 08:41:30.207836,1158310,11723
2026-03-12 08:41:30.207836,766570,11682
2026-03-12 08:41:30.207836,2300320,11490
2026-03-12 08:41:30.207836,1476970,11325
2026-03-12 08:41:30.207836,1771300,11270
2026-03-12 08:41:30.207836,4000,11203
2026-03-12 08:41:30.207836,2252570,11175
2026-03-12 08:41:30.207836,2358720,10963
2026-03-12 08:41:30.207836,1623660,10899
2026-03-12 08:41:30.207836,250900,10895
2026-03-12 08:41:30.207836,1665460,10863
2026-03-12 08:41:30.207836,2073620,10634
2026-03-12 08:41:30.207836,526870,10496
2026-03-12 08:41:30.207836,377160,10418
2026-03-12 08:41:30.207836,594650,10372
2026-03-12 08:41:30.207836,284160,10224
2026-03-12 08:41:30.207836,365670,10204
2026-03-12 08:41:30.207836,427520,10035
2026-03-12 08:41:30.207836,813780,10030
2026-03-12 08:41:30.207836,550,9867
2026-03-12 08:41:30.207836,892970,9763
2026-03-12 08:41:30.207836,2221490,9700
2026-03-12 08:41:30.207836,1325860,9526
2026-03-12 08:41:30.207836,8930,9222
2026-03-12 09:28:11.958121,730,971173
2026-03-12 09:28:11.958121,578080,352407
2026-03-12 09:28:11.958121,570,350002
2026-03-12 09:28:11.958121,2868840,271132
2026-03-12 09:28:11.958121,3419430,127318
2026-03-12 09:28:11.958121,1172470,101252
2026-03-12 09:28:11.958121,2507950,86665
2026-03-12 09:28:11.958121,431960,78416
2026-03-12 09:28:11.958121,1973530,76291
2026-03-12 09:28:11.958121,252490,69878
2026-03-12 09:28:11.958121,2676230,60683
2026-03-12 09:28:11.958121,238960,58357
2026-03-12 09:28:11.958121,1808500,53391
2026-03-12 09:28:11.958121,271590,51923
2026-03-12 09:28:11.958121,413150,44768
2026-03-12 09:28:11.958121,1203220,44408
2026-03-12 09:28:11.958121,236390,40993
2026-03-12 09:28:11.958121,3240220,40936
2026-03-12 09:28:11.958121,3764200,39140
2026-03-12 09:28:11.958121,2357570,38926
2026-03-12 09:28:11.958121,440,38120
2026-03-12 09:28:11.958121,1422450,35724
2026-03-12 09:28:11.958121,230410,35652
2026-03-12 09:28:11.958121,322170,34431
2026-03-12 09:28:11.958121,438100,32913
2026-03-12 09:28:11.958121,105600,32073
2026-03-12 09:28:11.958121,359550,31610
2026-03-12 09:28:11.958121,4465480,30116
2026-03-12 09:28:11.958121,240,28029
2026-03-12 09:28:11.958121,646570,26909
2026-03-12 09:28:11.958121,1366800,25962
2026-03-12 09:28:11.958121,394360,24943
2026-03-12 09:28:11.958121,1281930,24320
2026-03-12 09:28:11.958121,221100,23992
2026-03-12 09:28:11.958121,289070,23592
2026-03-12 09:28:11.958121,381210,23337
2026-03-12 09:28:11.958121,1623730,23234
2026-03-12 09:28:11.958121,4025700,23128
2026-03-12 09:28:11.958121,1086940,22995
2026-03-12 09:28:11.958121,553850,22981
2026-03-12 09:28:11.958121,3405690,22876
2026-03-12 09:28:11.958121,2767030,21950
2026-03-12 09:28:11.958121,294100,21583
2026-03-12 09:28:11.958121,2246340,21073
2026-03-12 09:28:11.958121,3551340,20912
2026-03-12 09:28:11.958121,322330,20634
2026-03-12 09:28:11.958121,3065800,20534
2026-03-12 09:28:11.958121,686060,19493
2026-03-12 09:28:11.958121,1174180,19326
2026-03-12 09:28:11.958121,218620,19200
2026-03-12 09:28:11.958121,2399830,18735
2026-03-12 09:28:11.958121,227300,17680
2026-03-12 09:28:11.958121,2807960,17485
2026-03-12 09:28:11.958121,3564740,17451
2026-03-12 09:28:11.958121,255710,17239
2026-03-12 09:28:11.958121,3472040,17016
2026-03-12 09:28:11.958121,2622380,16871
2026-03-12 09:28:11.958121,1091500,16689
2026-03-12 09:28:11.958121,1245620,16268
2026-03-12 09:28:11.958121,1905180,16261
2026-03-12 09:28:11.958121,1938090,16218
2026-03-12 09:28:11.958121,261550,16188
2026-03-12 09:28:11.958121,2923300,16170
2026-03-12 09:28:11.958121,1364780,16162
2026-03-12 09:28:11.958121,1222670,16137
2026-03-12 09:28:11.958121,2744880,16001
2026-03-12 09:28:11.958121,108600,15349
2026-03-12 09:28:11.958121,3241660,15325
2026-03-12 09:28:11.958121,346110,15254
2026-03-12 09:28:11.958121,2050650,14572
2026-03-12 09:28:11.958121,1449850,14313
2026-03-12 09:28:11.958121,251570,14209
2026-03-12 09:28:11.958121,2344520,13618
2026-03-12 09:28:11.958121,489830,13090
2026-03-12 09:28:11.958121,1142710,13019
2026-03-12 09:28:11.958121,2300320,12665
2026-03-12 09:28:11.958121,1158310,12315
2026-03-12 09:28:11.958121,1771300,12113
2026-03-12 09:28:11.958121,766570,12098
2026-03-12 09:28:11.958121,2252570,12092
2026-03-12 09:28:11.958121,1665460,11762
2026-03-12 09:28:11.958121,2358720,11718
2026-03-12 09:28:11.958121,250900,11622
2026-03-12 09:28:11.958121,1476970,11591
2026-03-12 09:28:11.958121,4000,11576
2026-03-12 09:28:11.958121,2073620,11518
2026-03-12 09:28:11.958121,526870,11222
2026-03-12 09:28:11.958121,594650,11157
2026-03-12 09:28:11.958121,582660,10911
2026-03-12 09:28:11.958121,1623660,10895
2026-03-12 09:28:11.958121,284160,10889
2026-03-12 09:28:11.958121,377160,10811
2026-03-12 09:28:11.958121,365670,10643
2026-03-12 09:28:11.958121,427520,10479
2026-03-12 09:28:11.958121,813780,10476
2026-03-12 09:28:11.958121,1818450,10258
2026-03-12 09:28:11.958121,892970,10223
2026-03-12 09:28:11.958121,1325860,9713
2026-03-12 09:28:11.958121,8930,9643
2026-03-12 09:28:11.958121,550,9556
2026-03-12 10:10:13.216952,730,994844
2026-03-12 10:10:13.216952,570,363799
2026-03-12 10:10:13.216952,578080,356076
2026-03-12 10:10:13.216952,2868840,280629
2026-03-12 10:10:13.216952,3419430,128624
2026-03-12 10:10:13.216952,1172470,101374
2026-03-12 10:10:13.216952,2507950,89359
2026-03-12 10:10:13.216952,431960,82432
2026-03-12 10:10:13.216952,1973530,78549
2026-03-12 10:10:13.216952,252490,74049
2026-03-12 10:10:13.216952,238960,62669
2026-03-12 10:10:13.216952,2676230,60871
2026-03-12 10:10:13.216952,271590,55206
2026-03-12 10:10:13.216952,1808500,55169
2026-03-12 10:10:13.216952,1203220,45764
2026-03-12 10:10:13.216952,413150,45328
2026-03-12 10:10:13.216952,236390,43973
2026-03-12 10:10:13.216952,3240220,43367
2026-03-12 10:10:13.216952,3764200,40933
2026-03-12 10:10:13.216952,2357570,39179
2026-03-12 10:10:13.216952,440,38692
2026-03-12 10:10:13.216952,230410,37367
2026-03-12 10:10:13.216952,1422450,35180
2026-03-12 10:10:13.216952,322170,35150
2026-03-12 10:10:13.216952,105600,32790
2026-03-12 10:10:13.216952,359550,32116
2026-03-12 10:10:13.216952,438100,31934
2026-03-12 10:10:13.216952,240,31858
2026-03-12 10:10:13.216952,4465480,31768
2026-03-12 10:10:13.216952,2923300,28416
2026-03-12 10:10:13.216952,646570,27916
2026-03-12 10:10:13.216952,1366800,26835
2026-03-12 10:10:13.216952,394360,26585
2026-03-12 10:10:13.216952,221100,25431
2026-03-12 10:10:13.216952,552990,25289
2026-03-12 10:10:13.216952,1281930,25221
2026-03-12 10:10:13.216952,2767030,25123
2026-03-12 10:10:13.216952,3405690,24770
2026-03-12 10:10:13.216952,289070,24630
2026-03-12 10:10:13.216952,381210,24200
2026-03-12 10:10:13.216952,1623730,24199
2026-03-12 10:10:13.216952,4025700,24189
2026-03-12 10:10:13.216952,1086940,23843
2026-03-12 10:10:13.216952,553850,23706
2026-03-12 10:10:13.216952,3551340,23148
2026-03-12 10:10:13.216952,294100,22528
2026-03-12 10:10:13.216952,2246340,22205
2026-03-12 10:10:13.216952,322330,20491
2026-03-12 10:10:13.216952,686060,20404
2026-03-12 10:10:13.216952,3065800,20172
2026-03-12 10:10:13.216952,1174180,20093
2026-03-12 10:10:13.216952,218620,19890
2026-03-12 10:10:13.216952,2399830,19549
2026-03-12 10:10:13.216952,227300,19396
2026-03-12 10:10:13.216952,3564740,18625
2026-03-12 10:10:13.216952,2807960,18334
2026-03-12 10:10:13.216952,255710,18021
2026-03-12 10:10:13.216952,3472040,17966
2026-03-12 10:10:13.216952,2744880,17665
2026-03-12 10:10:13.216952,1364780,17509
2026-03-12 10:10:13.216952,1091500,17433
2026-03-12 10:10:13.216952,261550,17101
2026-03-12 10:10:13.216952,1905180,17005
2026-03-12 10:10:13.216952,1245620,16967
2026-03-12 10:10:13.216952,1938090,16696
2026-03-12 10:10:13.216952,2622380,16580
2026-03-12 10:10:13.216952,1222670,16495
2026-03-12 10:10:13.216952,346110,16231
2026-03-12 10:10:13.216952,108600,16066
2026-03-12 10:10:13.216952,1449850,15481
2026-03-12 10:10:13.216952,2050650,15151
2026-03-12 10:10:13.216952,3241660,15045
2026-03-12 10:10:13.216952,2344520,14816
2026-03-12 10:10:13.216952,251570,14736
2026-03-12 10:10:13.216952,2300320,13789
2026-03-12 10:10:13.216952,1142710,13759
2026-03-12 10:10:13.216952,489830,13525
2026-03-12 10:10:13.216952,1158310,13159
2026-03-12 10:10:13.216952,2252570,12872
2026-03-12 10:10:13.216952,1771300,12787
2026-03-12 10:10:13.216952,250900,12628
2026-03-12 10:10:13.216952,766570,12590
2026-03-12 10:10:13.216952,2358720,12442
2026-03-12 10:10:13.216952,1665460,12356
2026-03-12 10:10:13.216952,2073620,12305
2026-03-12 10:10:13.216952,4000,12283
2026-03-12 10:10:13.216952,526870,11965
2026-03-12 10:10:13.216952,1476970,11695
2026-03-12 10:10:13.216952,594650,11632
2026-03-12 10:10:13.216952,284160,11359
2026-03-12 10:10:13.216952,377160,11283
2026-03-12 10:10:13.216952,1818450,11230
2026-03-12 10:10:13.216952,1623660,10948
2026-03-12 10:10:13.216952,813780,10936
2026-03-12 10:10:13.216952,427520,10852
2026-03-12 10:10:13.216952,365670,10792
2026-03-12 10:10:13.216952,892970,10780
2026-03-12 10:10:13.216952,582660,10537
2026-03-12 10:10:13.216952,1325860,10409
2026-03-12 10:10:13.216952,8930,10070
2026-03-12 11:00:41.495703,730,1065226
2026-03-12 11:00:41.495703,578080,410406
2026-03-12 11:00:41.495703,570,394737
2026-03-12 11:00:41.495703,2868840,318292
2026-03-12 11:00:41.495703,3419430,129636
2026-03-12 11:00:41.495703,1172470,113824
2026-03-12 11:00:41.495703,2507950,96906
2026-03-12 11:00:41.495703,431960,89315
2026-03-12 11:00:41.495703,1973530,83203
2026-03-12 11:00:41.495703,252490,80375
2026-03-12 11:00:41.495703,238960,67780
2026-03-12 11:00:41.495703,271590,61434
2026-03-12 11:00:41.495703,2676230,60091
2026-03-12 11:00:41.495703,1808500,58147
2026-03-12 11:00:41.495703,1203220,50366
2026-03-12 11:00:41.495703,3240220,49180
2026-03-12 11:00:41.495703,413150,48811
2026-03-12 11:00:41.495703,236390,48081
2026-03-12 11:00:41.495703,3764200,44822
2026-03-12 11:00:41.495703,2357570,41366
2026-03-12 11:00:41.495703,230410,40456
2026-03-12 11:00:41.495703,440,40166
2026-03-12 11:00:41.495703,1422450,36353
2026-03-12 11:00:41.495703,322170,35968
2026-03-12 11:00:41.495703,105600,34520
2026-03-12 11:00:41.495703,240,34209
2026-03-12 11:00:41.495703,4465480,33390
2026-03-12 11:00:41.495703,359550,33265
2026-03-12 11:00:41.495703,438100,32072
2026-03-12 11:00:41.495703,646570,30130
2026-03-12 11:00:41.495703,394360,29060
2026-03-12 11:00:41.495703,552990,28115
2026-03-12 11:00:41.495703,1366800,27967
2026-03-12 11:00:41.495703,2923300,27941
2026-03-12 11:00:41.495703,3405690,27675
2026-03-12 11:00:41.495703,221100,27570
2026-03-12 11:00:41.495703,1281930,27303
2026-03-12 11:00:41.495703,289070,26367
2026-03-12 11:00:41.495703,381210,26305
2026-03-12 11:00:41.495703,4025700,26226
2026-03-12 11:00:41.495703,2767030,26212
2026-03-12 11:00:41.495703,1623730,25960
2026-03-12 11:00:41.495703,553850,25640
2026-03-12 11:00:41.495703,3551340,25549
2026-03-12 11:00:41.495703,1086940,25478
2026-03-12 11:00:41.495703,2246340,25377
2026-03-12 11:00:41.495703,294100,24058
2026-03-12 11:00:41.495703,322330,22153
2026-03-12 11:00:41.495703,686060,22060
2026-03-12 11:00:41.495703,1174180,21619
2026-03-12 11:00:41.495703,3564740,21434
2026-03-12 11:00:41.495703,227300,21427
2026-03-12 11:00:41.495703,2399830,21016
2026-03-12 11:00:41.495703,3065800,20545
2026-03-12 11:00:41.495703,2807960,20194
2026-03-12 11:00:41.495703,218620,20016
2026-03-12 11:00:41.495703,3472040,19713
2026-03-12 11:00:41.495703,1364780,19549
2026-03-12 11:00:41.495703,255710,18859
2026-03-12 11:00:41.495703,1091500,18768
2026-03-12 11:00:41.495703,261550,18653
2026-03-12 11:00:41.495703,2744880,18621
2026-03-12 11:00:41.495703,2622380,18451
2026-03-12 11:00:41.495703,1245620,18203
2026-03-12 11:00:41.495703,1938090,17982
2026-03-12 11:00:41.495703,1449850,17655
2026-03-12 11:00:41.495703,1222670,17502
2026-03-12 11:00:41.495703,108600,17391
2026-03-12 11:00:41.495703,346110,17351
2026-03-12 11:00:41.495703,1905180,17332
2026-03-12 11:00:41.495703,3241660,16446
2026-03-12 11:00:41.495703,2050650,16229
2026-03-12 11:00:41.495703,2344520,16016
2026-03-12 11:00:41.495703,251570,15921
2026-03-12 11:00:41.495703,1142710,14946
2026-03-12 11:00:41.495703,2300320,14683
2026-03-12 11:00:41.495703,489830,14488
2026-03-12 11:00:41.495703,1158310,14115
2026-03-12 11:00:41.495703,250900,14064
2026-03-12 11:00:41.495703,766570,13974
2026-03-12 11:00:41.495703,2252570,13920
2026-03-12 11:00:41.495703,1771300,13895
2026-03-12 11:00:41.495703,4000,13530
2026-03-12 11:00:41.495703,2073620,13467
2026-03-12 11:00:41.495703,1665460,13332
2026-03-12 11:00:41.495703,2358720,13286
2026-03-12 11:00:41.495703,1818450,13259
2026-03-12 11:00:41.495703,594650,12948
2026-03-12 11:00:41.495703,526870,12944
2026-03-12 11:00:41.495703,284160,12118
2026-03-12 11:00:41.495703,892970,11935
2026-03-12 11:00:41.495703,813780,11919
2026-03-12 11:00:41.495703,1476970,11885
2026-03-12 11:00:41.495703,377160,11809
2026-03-12 11:00:41.495703,427520,11681
2026-03-12 11:00:41.495703,1325860,11550
2026-03-12 11:00:41.495703,393380,11506
2026-03-12 11:00:41.495703,582660,11426
2026-03-12 11:00:41.495703,365670,11289
2026-03-12 11:00:41.495703,1623660,11079
2026-03-12 11:38:45.502989,730,1174040
2026-03-12 11:38:45.502989,578080,505830
2026-03-12 11:38:45.502989,570,427879
2026-03-12 11:38:45.502989,2868840,362292
2026-03-12 11:38:45.502989,1172470,139974
2026-03-12 11:38:45.502989,3419430,132039
2026-03-12 11:38:45.502989,2507950,109335
2026-03-12 11:38:45.502989,431960,94544
2026-03-12 11:38:45.502989,252490,86459
2026-03-12 11:38:45.502989,1973530,85507
2026-03-12 11:38:45.502989,238960,70500
2026-03-12 11:38:45.502989,271590,65882
2026-03-12 11:38:45.502989,2676230,63880
2026-03-12 11:38:45.502989,1808500,60184
2026-03-12 11:38:45.502989,1203220,59178
2026-03-12 11:38:45.502989,413150,54446
2026-03-12 11:38:45.502989,3240220,53923
2026-03-12 11:38:45.502989,236390,52845
2026-03-12 11:38:45.502989,3764200,49345
2026-03-12 11:38:45.502989,2357570,45522
2026-03-12 11:38:45.502989,230410,43766
2026-03-12 11:38:45.502989,440,40414
2026-03-12 11:38:45.502989,1422450,37966
2026-03-12 11:38:45.502989,105600,37840
2026-03-12 11:38:45.502989,322170,37781
2026-03-12 11:38:45.502989,359550,36035
2026-03-12 11:38:45.502989,438100,33731
2026-03-12 11:38:45.502989,4465480,32291
2026-03-12 11:38:45.502989,646570,31738
2026-03-12 11:38:45.502989,394360,31082
2026-03-12 11:38:45.502989,2923300,30145
2026-03-12 11:38:45.502989,2246340,30009
2026-03-12 11:38:45.502989,3405690,29969
2026-03-12 11:38:45.502989,381210,29822
2026-03-12 11:38:45.502989,1281930,29622
2026-03-12 11:38:45.502989,1366800,29231
2026-03-12 11:38:45.502989,552990,28934
2026-03-12 11:38:45.502989,221100,28910
2026-03-12 11:38:45.502989,4025700,28838
2026-03-12 11:38:45.502989,553850,28584
2026-03-12 11:38:45.502989,289070,28319
2026-03-12 11:38:45.502989,1623730,28225
2026-03-12 11:38:45.502989,1086940,27318
2026-03-12 11:38:45.502989,3551340,27272
2026-03-12 11:38:45.502989,2767030,26795
2026-03-12 11:38:45.502989,294100,25269
2026-03-12 11:38:45.502989,322330,25266
2026-03-12 11:38:45.502989,3564740,24662
2026-03-12 11:38:45.502989,227300,23555
2026-03-12 11:38:45.502989,1174180,23348
2026-03-12 11:38:45.502989,686060,23042
2026-03-12 11:38:45.502989,2622380,22988
2026-03-12 11:38:45.502989,240,22927
2026-03-12 11:38:45.502989,2399830,22749
2026-03-12 11:38:45.502989,1364780,22681
2026-03-12 11:38:45.502989,2807960,22378
2026-03-12 11:38:45.502989,3065800,21708
2026-03-12 11:38:45.502989,3472040,21333
2026-03-12 11:38:45.502989,3241660,20638
2026-03-12 11:38:45.502989,1091500,20286
2026-03-12 11:38:45.502989,261550,20154
2026-03-12 11:38:45.502989,2744880,20138
2026-03-12 11:38:45.502989,255710,20069
2026-03-12 11:38:45.502989,1245620,20030
2026-03-12 11:38:45.502989,218620,19986
2026-03-12 11:38:45.502989,1449850,19439
2026-03-12 11:38:45.502989,1905180,19137
2026-03-12 11:38:45.502989,1938090,19108
2026-03-12 11:38:45.502989,108600,18850
2026-03-12 11:38:45.502989,346110,18681
2026-03-12 11:38:45.502989,1222670,18553
2026-03-12 11:38:45.502989,2050650,17880
2026-03-12 11:38:45.502989,251570,17562
2026-03-12 11:38:45.502989,2344520,17462
2026-03-12 11:38:45.502989,1142710,16192
2026-03-12 11:38:45.502989,594650,15703
2026-03-12 11:38:45.502989,766570,15217
2026-03-12 11:38:45.502989,1158310,15129
2026-03-12 11:38:45.502989,2300320,15111
2026-03-12 11:38:45.502989,489830,15053
2026-03-12 11:38:45.502989,250900,15011
2026-03-12 11:38:45.502989,1771300,14976
2026-03-12 11:38:45.502989,2252570,14805
2026-03-12 11:38:45.502989,2358720,14793
2026-03-12 11:38:45.502989,4000,14607
2026-03-12 11:38:45.502989,2073620,14596
2026-03-12 11:38:45.502989,1818450,14048
2026-03-12 11:38:45.502989,1665460,14025
2026-03-12 11:38:45.502989,526870,13568
2026-03-12 11:38:45.502989,1325860,13204
2026-03-12 11:38:45.502989,284160,13078
2026-03-12 11:38:45.502989,393380,13001
2026-03-12 11:38:45.502989,892970,12923
2026-03-12 11:38:45.502989,2585120,12725
2026-03-12 11:38:45.502989,813780,12701
2026-03-12 11:38:45.502989,1049590,12419
2026-03-12 11:38:45.502989,377160,12317
2026-03-12 11:38:45.502989,427520,12273
2026-03-12 11:38:45.502989,1476970,12151
2026-03-12 11:38:45.502989,2221490,11733
2026-03-12 11:59:31.616783,730,1244536
2026-03-12 11:59:31.616783,578080,564585
2026-03-12 11:59:31.616783,570,447520
2026-03-12 11:59:31.616783,2868840,388067
2026-03-12 11:59:31.616783,1172470,158907
2026-03-12 11:59:31.616783,3419430,133827
2026-03-12 11:59:31.616783,2507950,117767
2026-03-12 11:59:31.616783,431960,97609
2026-03-12 11:59:31.616783,252490,90163
2026-03-12 11:59:31.616783,1973530,86966
2026-03-12 11:59:31.616783,238960,71955
2026-03-12 11:59:31.616783,2676230,70138
2026-03-12 11:59:31.616783,271590,68780
2026-03-12 11:59:31.616783,1203220,64705
2026-03-12 11:59:31.616783,1808500,62083
2026-03-12 11:59:31.616783,413150,58495
2026-03-12 11:59:31.616783,3240220,57268
2026-03-12 11:59:31.616783,236390,56299
2026-03-12 11:59:31.616783,3764200,52317
2026-03-12 11:59:31.616783,2357570,48684
2026-03-12 11:59:31.616783,230410,45727
2026-03-12 11:59:31.616783,440,41654
2026-03-12 11:59:31.616783,105600,39840
2026-03-12 11:59:31.616783,322170,39526
2026-03-12 11:59:31.616783,1422450,39291
2026-03-12 11:59:31.616783,359550,37847
2026-03-12 11:59:31.616783,438100,35681
2026-03-12 11:59:31.616783,4465480,33584
2026-03-12 11:59:31.616783,646570,33065
2026-03-12 11:59:31.616783,2246340,33003
2026-03-12 11:59:31.616783,394360,32670
2026-03-12 11:59:31.616783,1281930,31769
2026-03-12 11:59:31.616783,3405690,31669
2026-03-12 11:59:31.616783,381210,31642
2026-03-12 11:59:31.616783,553850,30651
2026-03-12 11:59:31.616783,4025700,30148
2026-03-12 11:59:31.616783,1623730,29819
2026-03-12 11:59:31.616783,289070,29707
2026-03-12 11:59:31.616783,221100,29690
2026-03-12 11:59:31.616783,1366800,29595
2026-03-12 11:59:31.616783,552990,29427
2026-03-12 11:59:31.616783,1086940,28771
2026-03-12 11:59:31.616783,3551340,28165
2026-03-12 11:59:31.616783,2923300,27850
2026-03-12 11:59:31.616783,2767030,27163
2026-03-12 11:59:31.616783,322330,26869
2026-03-12 11:59:31.616783,3564740,26632
2026-03-12 11:59:31.616783,294100,26070
2026-03-12 11:59:31.616783,2622380,25918
2026-03-12 11:59:31.616783,227300,24877
2026-03-12 11:59:31.616783,240,24850
2026-03-12 11:59:31.616783,1364780,24721
2026-03-12 11:59:31.616783,1174180,24417
2026-03-12 11:59:31.616783,686060,24046
2026-03-12 11:59:31.616783,3241660,24011
2026-03-12 11:59:31.616783,2807960,23728
2026-03-12 11:59:31.616783,2399830,23701
2026-03-12 11:59:31.616783,3065800,22549
2026-03-12 11:59:31.616783,3472040,22336
2026-03-12 11:59:31.616783,2744880,21893
2026-03-12 11:59:31.616783,1091500,21276
2026-03-12 11:59:31.616783,1245620,21181
2026-03-12 11:59:31.616783,261550,21008
2026-03-12 11:59:31.616783,255710,20814
2026-03-12 11:59:31.616783,1449850,20380
2026-03-12 11:59:31.616783,1938090,20355
2026-03-12 11:59:31.616783,1905180,20132
2026-03-12 11:59:31.616783,218620,19900
2026-03-12 11:59:31.616783,108600,19698
2026-03-12 11:59:31.616783,346110,19559
2026-03-12 11:59:31.616783,1222670,19304
2026-03-12 11:59:31.616783,2050650,19039
2026-03-12 11:59:31.616783,251570,18535
2026-03-12 11:59:31.616783,2344520,18289
2026-03-12 11:59:31.616783,594650,17702
2026-03-12 11:59:31.616783,1142710,16926
2026-03-12 11:59:31.616783,766570,15933
2026-03-12 11:59:31.616783,2358720,15858
2026-03-12 11:59:31.616783,1771300,15698
2026-03-12 11:59:31.616783,489830,15661
2026-03-12 11:59:31.616783,2300320,15568
2026-03-12 11:59:31.616783,250900,15547
2026-03-12 11:59:31.616783,1158310,15504
2026-03-12 11:59:31.616783,4000,15290
2026-03-12 11:59:31.616783,2073620,15275
2026-03-12 11:59:31.616783,2252570,15213
2026-03-12 11:59:31.616783,1665460,14702
2026-03-12 11:59:31.616783,1818450,14602
2026-03-12 11:59:31.616783,1325860,14421
2026-03-12 11:59:31.616783,526870,14023
2026-03-12 11:59:31.616783,393380,13747
2026-03-12 11:59:31.616783,284160,13705
2026-03-12 11:59:31.616783,892970,13589
2026-03-12 11:59:31.616783,2585120,13536
2026-03-12 11:59:31.616783,1049590,13400
2026-03-12 11:59:31.616783,813780,13311
2026-03-12 11:59:31.616783,3527290,12857
2026-03-12 11:59:31.616783,377160,12751
2026-03-12 11:59:31.616783,427520,12746
2026-03-12 11:59:31.616783,2183900,12477
2026-03-12 13:22:53.023616,730,1466814
2026-03-12 13:22:53.023616,578080,787894
2026-03-12 13:22:53.023616,570,537438
2026-03-12 13:22:53.023616,2868840,497857
2026-03-12 13:22:53.023616,1172470,237156
2026-03-12 13:22:53.023616,2507950,152832
2026-03-12 13:22:53.023616,3419430,139936
2026-03-12 13:22:53.023616,431960,109399
2026-03-12 13:22:53.023616,252490,105485
2026-03-12 13:22:53.023616,2676230,96808
2026-03-12 13:22:53.023616,1973530,91360
2026-03-12 13:22:53.023616,1203220,86044
2026-03-12 13:22:53.023616,238960,81889
2026-03-12 13:22:53.023616,271590,80155
2026-03-12 13:22:53.023616,413150,76471
2026-03-12 13:22:53.023616,1808500,73473
2026-03-12 13:22:53.023616,3240220,71635
2026-03-12 13:22:53.023616,236390,70181
2026-03-12 13:22:53.023616,3764200,65420
2026-03-12 13:22:53.023616,2357570,64461
2026-03-12 13:22:53.023616,230410,52679
2026-03-12 13:22:53.023616,105600,49437
2026-03-12 13:22:53.023616,322170,48498
2026-03-12 13:22:53.023616,359550,48313
2026-03-12 13:22:53.023616,1422450,46875
2026-03-12 13:22:53.023616,438100,46067
2026-03-12 13:22:53.023616,440,45289
2026-03-12 13:22:53.023616,3241660,45116
2026-03-12 13:22:53.023616,2246340,44855
2026-03-12 13:22:53.023616,381210,41245
2026-03-12 13:22:53.023616,553850,41214
2026-03-12 13:22:53.023616,3405690,40655
2026-03-12 13:22:53.023616,1281930,40402
2026-03-12 13:22:53.023616,394360,39009
2026-03-12 13:22:53.023616,2622380,38322
2026-03-12 13:22:53.023616,646570,38137
2026-03-12 13:22:53.023616,4465480,37866
2026-03-12 13:22:53.023616,1623730,35840
2026-03-12 13:22:53.023616,322330,35629
2026-03-12 13:22:53.023616,3564740,35620
2026-03-12 13:22:53.023616,1086940,35187
2026-03-12 13:22:53.023616,4025700,34998
2026-03-12 13:22:53.023616,289070,34739
2026-03-12 13:22:53.023616,221100,33430
2026-03-12 13:22:53.023616,1366800,33257
2026-03-12 13:22:53.023616,1364780,31851
2026-03-12 13:22:53.023616,3551340,31706
2026-03-12 13:22:53.023616,2767030,31622
2026-03-12 13:22:53.023616,2744880,31206
2026-03-12 13:22:53.023616,227300,31202
2026-03-12 13:22:53.023616,552990,30826
2026-03-12 13:22:53.023616,2807960,30678
2026-03-12 13:22:53.023616,1174180,30101
2026-03-12 13:22:53.023616,2923300,29895
2026-03-12 13:22:53.023616,294100,29277
2026-03-12 13:22:53.023616,240,29185
2026-03-12 13:22:53.023616,2399830,27999
2026-03-12 13:22:53.023616,686060,27892
2026-03-12 13:22:53.023616,3472040,27548
2026-03-12 13:22:53.023616,3065800,26908
2026-03-12 13:22:53.023616,1245620,26675
2026-03-12 13:22:53.023616,594650,25670
2026-03-12 13:22:53.023616,1091500,25419
2026-03-12 13:22:53.023616,1938090,25240
2026-03-12 13:22:53.023616,255710,25137
2026-03-12 13:22:53.023616,261550,24795
2026-03-12 13:22:53.023616,1905180,24460
2026-03-12 13:22:53.023616,108600,24248
2026-03-12 13:22:53.023616,346110,23708
2026-03-12 13:22:53.023616,2050650,23674
2026-03-12 13:22:53.023616,251570,22946
2026-03-12 13:22:53.023616,1449850,22786
2026-03-12 13:22:53.023616,1222670,22702
2026-03-12 13:22:53.023616,2344520,20899
2026-03-12 13:22:53.023616,2358720,20401
2026-03-12 13:22:53.023616,218620,20087
2026-03-12 13:22:53.023616,3527290,20071
2026-03-12 13:22:53.023616,1142710,19796
2026-03-12 13:22:53.023616,1771300,19157
2026-03-12 13:22:53.023616,2073620,18654
2026-03-12 13:22:53.023616,4000,18564
2026-03-12 13:22:53.023616,1426210,18520
2026-03-12 13:22:53.023616,250900,18280
2026-03-12 13:22:53.023616,1325860,18266
2026-03-12 13:22:53.023616,550,18251
2026-03-12 13:22:53.023616,489830,18161
2026-03-12 13:22:53.023616,766570,18024
2026-03-12 13:22:53.023616,1158310,18011
2026-03-12 13:22:53.023616,2300320,17923
2026-03-12 13:22:53.023616,1665460,17771
2026-03-12 13:22:53.023616,1818450,17253
2026-03-12 13:22:53.023616,892970,16920
2026-03-12 13:22:53.023616,2252570,16873
2026-03-12 13:22:53.023616,284160,16616
2026-03-12 13:22:53.023616,582010,16520
2026-03-12 13:22:53.023616,1049590,16483
2026-03-12 13:22:53.023616,526870,16326
2026-03-12 13:22:53.023616,393380,16104
2026-03-12 13:22:53.023616,813780,16089
2026-03-12 13:22:53.023616,2585120,16086
2026-03-12 14:12:32.983239,730,1554037
2026-03-12 14:12:32.983239,578080,812701
2026-03-12 14:12:32.983239,570,590741
2026-03-12 14:12:32.983239,2868840,536070
2026-03-12 14:12:32.983239,1172470,245716
2026-03-12 14:12:32.983239,2507950,159258
2026-03-12 14:12:32.983239,3419430,141100
2026-03-12 14:12:32.983239,252490,114966
2026-03-12 14:12:32.983239,431960,113534
2026-03-12 14:12:32.983239,2676230,109653
2026-03-12 14:12:32.983239,1973530,91229
2026-03-12 14:12:32.983239,1203220,88795
2026-03-12 14:12:32.983239,238960,85375
2026-03-12 14:12:32.983239,271590,85255
2026-03-12 14:12:32.983239,413150,83217
2026-03-12 14:12:32.983239,1808500,82147
2026-03-12 14:12:32.983239,236390,76271
2026-03-12 14:12:32.983239,3240220,76014
2026-03-12 14:12:32.983239,2357570,72396
2026-03-12 14:12:32.983239,3764200,70457
2026-03-12 14:12:32.983239,322170,55444
2026-03-12 14:12:32.983239,359550,55162
2026-03-12 14:12:32.983239,230410,55071
2026-03-12 14:12:32.983239,105600,53964
2026-03-12 14:12:32.983239,3241660,53591
2026-03-12 14:12:32.983239,1422450,51960
2026-03-12 14:12:32.983239,438100,50961
2026-03-12 14:12:32.983239,2246340,46921
2026-03-12 14:12:32.983239,3405690,46462
2026-03-12 14:12:32.983239,440,45731
2026-03-12 14:12:32.983239,553850,45027
2026-03-12 14:12:32.983239,381210,44741
2026-03-12 14:12:32.983239,1281930,43779
2026-03-12 14:12:32.983239,394360,42964
2026-03-12 14:12:32.983239,4465480,40711
2026-03-12 14:12:32.983239,646570,40665
2026-03-12 14:12:32.983239,2622380,40336
2026-03-12 14:12:32.983239,1086940,38384
2026-03-12 14:12:32.983239,3564740,38293
2026-03-12 14:12:32.983239,1623730,37838
2026-03-12 14:12:32.983239,322330,37254
2026-03-12 14:12:32.983239,4025700,36837
2026-03-12 14:12:32.983239,289070,36507
2026-03-12 14:12:32.983239,221100,36081
2026-03-12 14:12:32.983239,1366800,35452
2026-03-12 14:12:32.983239,2767030,35023
2026-03-12 14:12:32.983239,227300,34109
2026-03-12 14:12:32.983239,2744880,34075
2026-03-12 14:12:32.983239,240,33780
2026-03-12 14:12:32.983239,3551340,33767
2026-03-12 14:12:32.983239,2807960,33221
2026-03-12 14:12:32.983239,1364780,32566
2026-03-12 14:12:32.983239,1174180,32151
2026-03-12 14:12:32.983239,552990,30994
2026-03-12 14:12:32.983239,686060,30649
2026-03-12 14:12:32.983239,294100,30634
2026-03-12 14:12:32.983239,2399830,29638
2026-03-12 14:12:32.983239,3472040,29526
2026-03-12 14:12:32.983239,2923300,29271
2026-03-12 14:12:32.983239,3065800,29117
2026-03-12 14:12:32.983239,1245620,28829
2026-03-12 14:12:32.983239,1938090,27647
2026-03-12 14:12:32.983239,1091500,27289
2026-03-12 14:12:32.983239,594650,27054
2026-03-12 14:12:32.983239,255710,26940
2026-03-12 14:12:32.983239,108600,26585
2026-03-12 14:12:32.983239,261550,26388
2026-03-12 14:12:32.983239,2050650,25525
2026-03-12 14:12:32.983239,1905180,25520
2026-03-12 14:12:32.983239,346110,25249
2026-03-12 14:12:32.983239,1222670,24889
2026-03-12 14:12:32.983239,251570,24436
2026-03-12 14:12:32.983239,1449850,23027
2026-03-12 14:12:32.983239,3527290,22625
2026-03-12 14:12:32.983239,2344520,21532
2026-03-12 14:12:32.983239,2358720,21530
2026-03-12 14:12:32.983239,1142710,21143
2026-03-12 14:12:32.983239,1426210,21090
2026-03-12 14:12:32.983239,550,20967
2026-03-12 14:12:32.983239,1771300,20901
2026-03-12 14:12:32.983239,2073620,20427
2026-03-12 14:12:32.983239,4000,20166
2026-03-12 14:12:32.983239,218620,20156
2026-03-12 14:12:32.983239,250900,19844
2026-03-12 14:12:32.983239,2300320,19793
2026-03-12 14:12:32.983239,1665460,19664
2026-03-12 14:12:32.983239,1158310,19575
2026-03-12 14:12:32.983239,489830,19550
2026-03-12 14:12:32.983239,892970,18992
2026-03-12 14:12:32.983239,1818450,18917
2026-03-12 14:12:32.983239,1325860,18872
2026-03-12 14:12:32.983239,582660,18648
2026-03-12 14:12:32.983239,284160,18519
2026-03-12 14:12:32.983239,766570,18067
2026-03-12 14:12:32.983239,582010,17999
2026-03-12 14:12:32.983239,526870,17775
2026-03-12 14:12:32.983239,813780,17583
2026-03-12 14:12:32.983239,2252570,17487
2026-03-12 14:12:32.983239,2183900,16790
2026-03-12 14:12:32.983239,1049590,16789
2026-03-12 15:09:18.815166,730,1515511
2026-03-12 15:09:18.815166,578080,711214
2026-03-12 15:09:18.815166,570,616064
2026-03-12 15:09:18.815166,2868840,522720
2026-03-12 15:09:18.815166,1172470,216723
2026-03-12 15:09:18.815166,2507950,145483
2026-03-12 15:09:18.815166,3419430,140196
2026-03-12 15:09:18.815166,252490,129320
2026-03-12 15:09:18.815166,2676230,120898
2026-03-12 15:09:18.815166,431960,111369
2026-03-12 15:09:18.815166,238960,91816
2026-03-12 15:09:18.815166,1808500,90367
2026-03-12 15:09:18.815166,271590,88087
2026-03-12 15:09:18.815166,1973530,85878
2026-03-12 15:09:18.815166,413150,80214
2026-03-12 15:09:18.815166,236390,77285
2026-03-12 15:09:18.815166,2357570,76355
2026-03-12 15:09:18.815166,1203220,76341
2026-03-12 15:09:18.815166,3240220,73417
2026-03-12 15:09:18.815166,3764200,70644
2026-03-12 15:09:18.815166,322170,61174
2026-03-12 15:09:18.815166,359550,59718
2026-03-12 15:09:18.815166,1422450,57162
2026-03-12 15:09:18.815166,230410,54989
2026-03-12 15:09:18.815166,105600,53509
2026-03-12 15:09:18.815166,438100,52961
2026-03-12 15:09:18.815166,3241660,50887
2026-03-12 15:09:18.815166,3405690,50755
2026-03-12 15:09:18.815166,440,47130
2026-03-12 15:09:18.815166,381210,45245
2026-03-12 15:09:18.815166,553850,44886
2026-03-12 15:09:18.815166,394360,44261
2026-03-12 15:09:18.815166,2246340,44048
2026-03-12 15:09:18.815166,1281930,42818
2026-03-12 15:09:18.815166,4465480,42519
2026-03-12 15:09:18.815166,646570,40396
2026-03-12 15:09:18.815166,1086940,40033
2026-03-12 15:09:18.815166,2767030,38554
2026-03-12 15:09:18.815166,221100,38458
2026-03-12 15:09:18.815166,4025700,37216
2026-03-12 15:09:18.815166,1366800,37139
2026-03-12 15:09:18.815166,1623730,37078
2026-03-12 15:09:18.815166,3564740,36837
2026-03-12 15:09:18.815166,289070,36344
2026-03-12 15:09:18.815166,227300,36013
2026-03-12 15:09:18.815166,2622380,35403
2026-03-12 15:09:18.815166,3551340,34561
2026-03-12 15:09:18.815166,240,34482
2026-03-12 15:09:18.815166,322330,34415
2026-03-12 15:09:18.815166,2807960,33404
2026-03-12 15:09:18.815166,686060,32715
2026-03-12 15:09:18.815166,1174180,31907
2026-03-12 15:09:18.815166,294100,30865
2026-03-12 15:09:18.815166,3065800,30674
2026-03-12 15:09:18.815166,1364780,30598
2026-03-12 15:09:18.815166,552990,30099
2026-03-12 15:09:18.815166,2399830,29708
2026-03-12 15:09:18.815166,1245620,29006
2026-03-12 15:09:18.815166,3472040,28786
2026-03-12 15:09:18.815166,1938090,28614
2026-03-12 15:09:18.815166,2744880,28104
2026-03-12 15:09:18.815166,108600,27787
2026-03-12 15:09:18.815166,1091500,27551
2026-03-12 15:09:18.815166,261550,26606
2026-03-12 15:09:18.815166,1222670,26518
2026-03-12 15:09:18.815166,255710,26311
2026-03-12 15:09:18.815166,2923300,26288
2026-03-12 15:09:18.815166,1905180,25496
2026-03-12 15:09:18.815166,2050650,25486
2026-03-12 15:09:18.815166,346110,24930
2026-03-12 15:09:18.815166,594650,24400
2026-03-12 15:09:18.815166,251570,24378
2026-03-12 15:09:18.815166,2300320,21969
2026-03-12 15:09:18.815166,1449850,21877
2026-03-12 15:09:18.815166,2344520,21814
2026-03-12 15:09:18.815166,1142710,21751
2026-03-12 15:09:18.815166,1771300,21470
2026-03-12 15:09:18.815166,2073620,21230
2026-03-12 15:09:18.815166,4000,21213
2026-03-12 15:09:18.815166,3527290,21089
2026-03-12 15:09:18.815166,1665460,21028
2026-03-12 15:09:18.815166,550,20995
2026-03-12 15:09:18.815166,489830,20760
2026-03-12 15:09:18.815166,218620,20743
2026-03-12 15:09:18.815166,582660,20577
2026-03-12 15:09:18.815166,892970,20550
2026-03-12 15:09:18.815166,250900,20541
2026-03-12 15:09:18.815166,1158310,20390
2026-03-12 15:09:18.815166,284160,20352
2026-03-12 15:09:18.815166,2358720,19940
2026-03-12 15:09:18.815166,1818450,19209
2026-03-12 15:09:18.815166,526870,19115
2026-03-12 15:09:18.815166,813780,18143
2026-03-12 15:09:18.815166,252950,17930
2026-03-12 15:09:18.815166,766570,17907
2026-03-12 15:09:18.815166,1426210,17788
2026-03-12 15:09:18.815166,1551360,17660
2026-03-12 15:09:18.815166,1325860,17565
2026-03-12 15:09:18.815166,2252570,17544
2026-03-12 15:09:18.815166,2221490,17508
2026-03-12 16:15:24.717363,730,1400924
2026-03-12 16:15:24.717363,570,609282
2026-03-12 16:15:24.717363,578080,487809
2026-03-12 16:15:24.717363,2868840,405902
2026-03-12 16:15:24.717363,1172470,146644
2026-03-12 16:15:24.717363,252490,136534
2026-03-12 16:15:24.717363,3419430,135164
2026-03-12 16:15:24.717363,2676230,132883
2026-03-12 16:15:24.717363,2507950,103938
2026-03-12 16:15:24.717363,1808500,101345
2026-03-12 16:15:24.717363,238960,101260
2026-03-12 16:15:24.717363,431960,94757
2026-03-12 16:15:24.717363,271590,85397
2026-03-12 16:15:24.717363,2357570,75687
2026-03-12 16:15:24.717363,236390,73745
2026-03-12 16:15:24.717363,1973530,69082
2026-03-12 16:15:24.717363,322170,68123
2026-03-12 16:15:24.717363,3764200,65193
2026-03-12 16:15:24.717363,413150,64295
2026-03-12 16:15:24.717363,359550,63942
2026-03-12 16:15:24.717363,1422450,63870
2026-03-12 16:15:24.717363,3240220,62826
2026-03-12 16:15:24.717363,3405690,51735
2026-03-12 16:15:24.717363,230410,50789
2026-03-12 16:15:24.717363,438100,50447
2026-03-12 16:15:24.717363,440,47416
2026-03-12 16:15:24.717363,105600,46877
2026-03-12 16:15:24.717363,1203220,46051
2026-03-12 16:15:24.717363,381210,43720
2026-03-12 16:15:24.717363,4465480,43566
2026-03-12 16:15:24.717363,2767030,43438
2026-03-12 16:15:24.717363,221100,43413
2026-03-12 16:15:24.717363,394360,42532
2026-03-12 16:15:24.717363,553850,41760
2026-03-12 16:15:24.717363,1086940,39803
2026-03-12 16:15:24.717363,1366800,39328
2026-03-12 16:15:24.717363,1281930,36216
2026-03-12 16:15:24.717363,227300,35973
2026-03-12 16:15:24.717363,4025700,35471
2026-03-12 16:15:24.717363,3241660,35307
2026-03-12 16:15:24.717363,3551340,34776
2026-03-12 16:15:24.717363,686060,34441
2026-03-12 16:15:24.717363,2246340,34142
2026-03-12 16:15:24.717363,240,33118
2026-03-12 16:15:24.717363,3564740,32555
2026-03-12 16:15:24.717363,646570,32461
2026-03-12 16:15:24.717363,289070,32401
2026-03-12 16:15:24.717363,2807960,32255
2026-03-12 16:15:24.717363,3065800,32190
2026-03-12 16:15:24.717363,1623730,31869
2026-03-12 16:15:24.717363,1938090,30015
2026-03-12 16:15:24.717363,294100,29016
2026-03-12 16:15:24.717363,2399830,28354
2026-03-12 16:15:24.717363,108600,28139
2026-03-12 16:15:24.717363,1174180,28047
2026-03-12 16:15:24.717363,552990,27728
2026-03-12 16:15:24.717363,1222670,27358
2026-03-12 16:15:24.717363,1245620,26178
2026-03-12 16:15:24.717363,2923300,26152
2026-03-12 16:15:24.717363,2300320,25506
2026-03-12 16:15:24.717363,1091500,25034
2026-03-12 16:15:24.717363,322330,24631
2026-03-12 16:15:24.717363,261550,24162
2026-03-12 16:15:24.717363,3472040,23849
2026-03-12 16:15:24.717363,2622380,23806
2026-03-12 16:15:24.717363,1905180,23445
2026-03-12 16:15:24.717363,284160,22941
2026-03-12 16:15:24.717363,2050650,22895
2026-03-12 16:15:24.717363,4000,22770
2026-03-12 16:15:24.717363,346110,22761
2026-03-12 16:15:24.717363,251570,22761
2026-03-12 16:15:24.717363,892970,22240
2026-03-12 16:15:24.717363,582660,22146
2026-03-12 16:15:24.717363,252950,21822
2026-03-12 16:15:24.717363,489830,21779
2026-03-12 16:15:24.717363,1364780,21710
2026-03-12 16:15:24.717363,2073620,21543
2026-03-12 16:15:24.717363,1142710,21395
2026-03-12 16:15:24.717363,255710,21103
2026-03-12 16:15:24.717363,1818450,20804
2026-03-12 16:15:24.717363,2344520,20598
2026-03-12 16:15:24.717363,1771300,20589
2026-03-12 16:15:24.717363,1665460,20576
2026-03-12 16:15:24.717363,1158310,20476
2026-03-12 16:15:24.717363,526870,20422
2026-03-12 16:15:24.717363,218620,20337
2026-03-12 16:15:24.717363,250900,20086
2026-03-12 16:15:24.717363,550,18778
2026-03-12 16:15:24.717363,2221490,18474
2026-03-12 16:15:24.717363,377160,18351
2026-03-12 16:15:24.717363,594650,18140
2026-03-12 16:15:24.717363,1449850,18108
2026-03-12 16:15:24.717363,813780,17699
2026-03-12 16:15:24.717363,2252570,17127
2026-03-12 16:15:24.717363,766570,16647
2026-03-12 16:15:24.717363,427520,16410
2026-03-12 16:15:24.717363,3527290,16253
2026-03-12 16:15:24.717363,2183900,16216
2026-03-12 16:15:24.717363,629520,16017
2026-03-12 16:15:24.717363,1551360,14970
2026-03-12 17:12:44.403485,730,1383431
2026-03-12 17:12:44.403485,570,602051
2026-03-12 17:12:44.403485,578080,363335
2026-03-12 17:12:44.403485,2868840,309780
2026-03-12 17:12:44.403485,252490,144186
2026-03-12 17:12:44.403485,2676230,143932
2026-03-12 17:12:44.403485,3419430,128452
2026-03-12 17:12:44.403485,1808500,114506
2026-03-12 17:12:44.403485,1172470,109849
2026-03-12 17:12:44.403485,238960,106845
2026-03-12 17:12:44.403485,271590,89068
2026-03-12 17:12:44.403485,431960,78011
2026-03-12 17:12:44.403485,2507950,77815
2026-03-12 17:12:44.403485,2357570,76903
2026-03-12 17:12:44.403485,322170,74246
2026-03-12 17:12:44.403485,236390,74136
2026-03-12 17:12:44.403485,359550,70470
2026-03-12 17:12:44.403485,1422450,69982
2026-03-12 17:12:44.403485,3764200,61985
2026-03-12 17:12:44.403485,3240220,56514
2026-03-12 17:12:44.403485,413150,56196
2026-03-12 17:12:44.403485,1973530,56171
2026-03-12 17:12:44.403485,3405690,53340
2026-03-12 17:12:44.403485,440,48733
2026-03-12 17:12:44.403485,2767030,48443
2026-03-12 17:12:44.403485,230410,47989
2026-03-12 17:12:44.403485,221100,46398
2026-03-12 17:12:44.403485,438100,45729
2026-03-12 17:12:44.403485,381210,44865
2026-03-12 17:12:44.403485,105600,43485
2026-03-12 17:12:44.403485,4465480,43479
2026-03-12 17:12:44.403485,553850,41827
2026-03-12 17:12:44.403485,394360,41716
2026-03-12 17:12:44.403485,1366800,41209
2026-03-12 17:12:44.403485,1086940,41077
2026-03-12 17:12:44.403485,227300,37829
2026-03-12 17:12:44.403485,686060,35418
2026-03-12 17:12:44.403485,3551340,35241
2026-03-12 17:12:44.403485,3065800,34562
2026-03-12 17:12:44.403485,2807960,33816
2026-03-12 17:12:44.403485,240,33144
2026-03-12 17:12:44.403485,1938090,32932
2026-03-12 17:12:44.403485,4025700,32751
2026-03-12 17:12:44.403485,1281930,31518
2026-03-12 17:12:44.403485,3241660,29679
2026-03-12 17:12:44.403485,289070,29250
2026-03-12 17:12:44.403485,2300320,29006
2026-03-12 17:12:44.403485,1203220,28911
2026-03-12 17:12:44.403485,1222670,28510
2026-03-12 17:12:44.403485,3564740,28499
2026-03-12 17:12:44.403485,108600,28219
2026-03-12 17:12:44.403485,1623730,28209
2026-03-12 17:12:44.403485,2246340,27994
2026-03-12 17:12:44.403485,2399830,27671
2026-03-12 17:12:44.403485,294100,27491
2026-03-12 17:12:44.403485,2923300,26979
2026-03-12 17:12:44.403485,552990,26953
2026-03-12 17:12:44.403485,1174180,26158
2026-03-12 17:12:44.403485,252950,25731
2026-03-12 17:12:44.403485,646570,25627
2026-03-12 17:12:44.403485,284160,24861
2026-03-12 17:12:44.403485,1245620,24758
2026-03-12 17:12:44.403485,1818450,24588
2026-03-12 17:12:44.403485,4000,24440
2026-03-12 17:12:44.403485,892970,24114
2026-03-12 17:12:44.403485,1091500,23719
2026-03-12 17:12:44.403485,582660,23407
2026-03-12 17:12:44.403485,489830,22897
2026-03-12 17:12:44.403485,2073620,22560
2026-03-12 17:12:44.403485,261550,22534
2026-03-12 17:12:44.403485,1905180,21995
2026-03-12 17:12:44.403485,251570,21986
2026-03-12 17:12:44.403485,526870,21817
2026-03-12 17:12:44.403485,346110,21270
2026-03-12 17:12:44.403485,2050650,21222
2026-03-12 17:12:44.403485,1142710,21183
2026-03-12 17:12:44.403485,1665460,20782
2026-03-12 17:12:44.403485,1158310,20764
2026-03-12 17:12:44.403485,218620,20716
2026-03-12 17:12:44.403485,2344520,20035
2026-03-12 17:12:44.403485,1771300,19963
2026-03-12 17:12:44.403485,250900,19819
2026-03-12 17:12:44.403485,377160,19562
2026-03-12 17:12:44.403485,2221490,19202
2026-03-12 17:12:44.403485,3472040,19107
2026-03-12 17:12:44.403485,322330,18341
2026-03-12 17:12:44.403485,550,17947
2026-03-12 17:12:44.403485,255710,17858
2026-03-12 17:12:44.403485,2622380,17828
2026-03-12 17:12:44.403485,813780,17537
2026-03-12 17:12:44.403485,427520,17275
2026-03-12 17:12:44.403485,1151340,17020
2026-03-12 17:12:44.403485,2252570,16765
2026-03-12 17:12:44.403485,629520,16466
2026-03-12 17:12:44.403485,2183900,16150
2026-03-12 17:12:44.403485,1149460,16068
2026-03-12 17:12:44.403485,594650,15926
2026-03-12 17:12:44.403485,766570,15435
2026-03-12 17:12:44.403485,1449850,15076
2026-03-12 17:12:44.403485,1364780,15008
2026-03-12 18:02:59.694984,730,1409640
2026-03-12 18:02:59.694984,570,591058
2026-03-12 18:02:59.694984,578080,298167
2026-03-12 18:02:59.694984,2868840,257712
2026-03-12 18:02:59.694984,2676230,154102
2026-03-12 18:02:59.694984,252490,144952
2026-03-12 18:02:59.694984,1808500,126888
2026-03-12 18:02:59.694984,3419430,125929
2026-03-12 18:02:59.694984,238960,110781
2026-03-12 18:02:59.694984,1172470,90749
2026-03-12 18:02:59.694984,271590,89622
2026-03-12 18:02:59.694984,322170,78318
2026-03-12 18:02:59.694984,2357570,78225
2026-03-12 18:02:59.694984,359550,76434
2026-03-12 18:02:59.694984,1422450,75869
2026-03-12 18:02:59.694984,236390,75295
2026-03-12 18:02:59.694984,431960,65910
2026-03-12 18:02:59.694984,2507950,62709
2026-03-12 18:02:59.694984,3764200,61534
2026-03-12 18:02:59.694984,3405690,54327
2026-03-12 18:02:59.694984,3240220,53740
2026-03-12 18:02:59.694984,413150,53727
2026-03-12 18:02:59.694984,2767030,52764
2026-03-12 18:02:59.694984,440,49985
2026-03-12 18:02:59.694984,221100,49150
2026-03-12 18:02:59.694984,1973530,47623
2026-03-12 18:02:59.694984,230410,46965
2026-03-12 18:02:59.694984,381210,46398
2026-03-12 18:02:59.694984,4465480,45057
2026-03-12 18:02:59.694984,438100,43895
2026-03-12 18:02:59.694984,1086940,43801
2026-03-12 18:02:59.694984,553850,43689
2026-03-12 18:02:59.694984,105600,42378
2026-03-12 18:02:59.694984,1366800,42313
2026-03-12 18:02:59.694984,394360,42154
2026-03-12 18:02:59.694984,227300,40237
2026-03-12 18:02:59.694984,3065800,37492
2026-03-12 18:02:59.694984,2807960,37209
2026-03-12 18:02:59.694984,686060,36509
2026-03-12 18:02:59.694984,3551340,36144
2026-03-12 18:02:59.694984,1938090,35928
2026-03-12 18:02:59.694984,240,34783
2026-03-12 18:02:59.694984,2300320,32183
2026-03-12 18:02:59.694984,1281930,29672
2026-03-12 18:02:59.694984,4025700,29406
2026-03-12 18:02:59.694984,1222670,29209
2026-03-12 18:02:59.694984,252950,28931
2026-03-12 18:02:59.694984,108600,28620
2026-03-12 18:02:59.694984,3241660,28566
2026-03-12 18:02:59.694984,289070,27818
2026-03-12 18:02:59.694984,2399830,27618
2026-03-12 18:02:59.694984,294100,26790
2026-03-12 18:02:59.694984,552990,26407
2026-03-12 18:02:59.694984,284160,26377
2026-03-12 18:02:59.694984,892970,26058
2026-03-12 18:02:59.694984,2923300,25929
2026-03-12 18:02:59.694984,1623730,25795
2026-03-12 18:02:59.694984,3564740,25795
2026-03-12 18:02:59.694984,4000,25528
2026-03-12 18:02:59.694984,1174180,25514
2026-03-12 18:02:59.694984,1818450,25197
2026-03-12 18:02:59.694984,1245620,24662
2026-03-12 18:02:59.694984,2246340,24304
2026-03-12 18:02:59.694984,582660,24161
2026-03-12 18:02:59.694984,489830,23785
2026-03-12 18:02:59.694984,2073620,23473
2026-03-12 18:02:59.694984,1091500,23409
2026-03-12 18:02:59.694984,526870,23089
2026-03-12 18:02:59.694984,251570,22054
2026-03-12 18:02:59.694984,261550,22048
2026-03-12 18:02:59.694984,646570,22048
2026-03-12 18:02:59.694984,1142710,21604
2026-03-12 18:02:59.694984,1158310,21102
2026-03-12 18:02:59.694984,1905180,21032
2026-03-12 18:02:59.694984,218620,20890
2026-03-12 18:02:59.694984,2050650,20669
2026-03-12 18:02:59.694984,377160,20459
2026-03-12 18:02:59.694984,1665460,20265
2026-03-12 18:02:59.694984,1771300,20108
2026-03-12 18:02:59.694984,346110,20080
2026-03-12 18:02:59.694984,250900,19995
2026-03-12 18:02:59.694984,2221490,19808
2026-03-12 18:02:59.694984,1203220,19524
2026-03-12 18:02:59.694984,2344520,19085
2026-03-12 18:02:59.694984,427520,18117
2026-03-12 18:02:59.694984,550,17778
2026-03-12 18:02:59.694984,813780,17530
2026-03-12 18:02:59.694984,1151340,17079
2026-03-12 18:02:59.694984,629520,16979
2026-03-12 18:02:59.694984,1149460,16938
2026-03-12 18:02:59.694984,3472040,16892
2026-03-12 18:02:59.694984,2183900,16729
2026-03-12 18:02:59.694984,2252570,16576
2026-03-12 18:02:59.694984,255710,16122
2026-03-12 18:02:59.694984,594650,15919
2026-03-12 18:02:59.694984,322330,15291
2026-03-12 18:02:59.694984,8930,15249
2026-03-12 18:02:59.694984,39210,15127
2026-03-12 18:02:59.694984,2622380,14637
2026-03-12 18:02:59.694984,292030,14489
2026-03-12 19:06:41.639242,730,1452053
2026-03-12 19:06:41.639242,570,575480
2026-03-12 19:06:41.639242,578080,253846
2026-03-12 19:06:41.639242,2868840,229755
2026-03-12 19:06:41.639242,2676230,165915
2026-03-12 19:06:41.639242,252490,144894
2026-03-12 19:06:41.639242,1808500,142352
2026-03-12 19:06:41.639242,3419430,123656
2026-03-12 19:06:41.639242,238960,113722
2026-03-12 19:06:41.639242,359550,87728
2026-03-12 19:06:41.639242,271590,87488
2026-03-12 19:06:41.639242,1422450,85449
2026-03-12 19:06:41.639242,2357570,83083
2026-03-12 19:06:41.639242,322170,82290
2026-03-12 19:06:41.639242,1172470,78773
2026-03-12 19:06:41.639242,236390,75782
2026-03-12 19:06:41.639242,3764200,62204
2026-03-12 19:06:41.639242,3405690,60102
2026-03-12 19:06:41.639242,2767030,59227
2026-03-12 19:06:41.639242,431960,57601
2026-03-12 19:06:41.639242,413150,54182
2026-03-12 19:06:41.639242,2507950,52263
2026-03-12 19:06:41.639242,3240220,51704
2026-03-12 19:06:41.639242,221100,50646
2026-03-12 19:06:41.639242,440,50512
2026-03-12 19:06:41.639242,381210,49302
2026-03-12 19:06:41.639242,1086940,48426
2026-03-12 19:06:41.639242,553850,47532
2026-03-12 19:06:41.639242,230410,46122
2026-03-12 19:06:41.639242,4465480,44022
2026-03-12 19:06:41.639242,1366800,43684
2026-03-12 19:06:41.639242,2807960,43229
2026-03-12 19:06:41.639242,394360,42284
2026-03-12 19:06:41.639242,227300,42209
2026-03-12 19:06:41.639242,105600,42170
2026-03-12 19:06:41.639242,438100,42147
2026-03-12 19:06:41.639242,1973530,41255
2026-03-12 19:06:41.639242,3065800,41159
2026-03-12 19:06:41.639242,1938090,39547
2026-03-12 19:06:41.639242,3551340,38576
2026-03-12 19:06:41.639242,686060,37905
2026-03-12 19:06:41.639242,2300320,36056
2026-03-12 19:06:41.639242,240,33718
2026-03-12 19:06:41.639242,252950,33402
2026-03-12 19:06:41.639242,1222670,29944
2026-03-12 19:06:41.639242,108600,29169
2026-03-12 19:06:41.639242,3241660,29047
2026-03-12 19:06:41.639242,892970,28657
2026-03-12 19:06:41.639242,2399830,28205
2026-03-12 19:06:41.639242,1281930,28165
2026-03-12 19:06:41.639242,284160,27350
2026-03-12 19:06:41.639242,289070,27345
2026-03-12 19:06:41.639242,2923300,26960
2026-03-12 19:06:41.639242,4000,26347
2026-03-12 19:06:41.639242,294100,26167
2026-03-12 19:06:41.639242,552990,26058
2026-03-12 19:06:41.639242,4025700,25777
2026-03-12 19:06:41.639242,1174180,25231
2026-03-12 19:06:41.639242,1245620,24949
2026-03-12 19:06:41.639242,489830,24827
2026-03-12 19:06:41.639242,582660,24750
2026-03-12 19:06:41.639242,2073620,24602
2026-03-12 19:06:41.639242,526870,24434
2026-03-12 19:06:41.639242,1623730,24226
2026-03-12 19:06:41.639242,1091500,23653
2026-03-12 19:06:41.639242,3564740,23586
2026-03-12 19:06:41.639242,251570,22439
2026-03-12 19:06:41.639242,261550,22347
2026-03-12 19:06:41.639242,1142710,22328
2026-03-12 19:06:41.639242,1158310,21940
2026-03-12 19:06:41.639242,2246340,21807
2026-03-12 19:06:41.639242,377160,21285
2026-03-12 19:06:41.639242,250900,20655
2026-03-12 19:06:41.639242,2050650,20559
2026-03-12 19:06:41.639242,1771300,20539
2026-03-12 19:06:41.639242,2221490,20527
2026-03-12 19:06:41.639242,218620,20077
2026-03-12 19:06:41.639242,646570,19907
2026-03-12 19:06:41.639242,1905180,19685
2026-03-12 19:06:41.639242,1818450,19569
2026-03-12 19:06:41.639242,427520,19431
2026-03-12 19:06:41.639242,1665460,19420
2026-03-12 19:06:41.639242,346110,19284
2026-03-12 19:06:41.639242,813780,18669
2026-03-12 19:06:41.639242,2344520,18595
2026-03-12 19:06:41.639242,1149460,17994
2026-03-12 19:06:41.639242,1151340,17869
2026-03-12 19:06:41.639242,550,17815
2026-03-12 19:06:41.639242,2183900,17498
2026-03-12 19:06:41.639242,2252570,17300
2026-03-12 19:06:41.639242,629520,17208
2026-03-12 19:06:41.639242,39210,17037
2026-03-12 19:06:41.639242,739630,16782
2026-03-12 19:06:41.639242,594650,16562
2026-03-12 19:06:41.639242,3164500,16185
2026-03-12 19:06:41.639242,1874880,16152
2026-03-12 19:06:41.639242,8930,15729
2026-03-12 19:06:41.639242,3472040,15506
2026-03-12 19:06:41.639242,244210,14934
2026-03-12 19:06:41.639242,255710,14926
2026-03-12 19:49:53.568932,730,1440769
2026-03-12 19:49:53.568932,570,553178
2026-03-12 19:49:53.568932,578080,229898
2026-03-12 19:49:53.568932,2868840,224553
2026-03-12 19:49:53.568932,2676230,172522
2026-03-12 19:49:53.568932,1808500,152188
2026-03-12 19:49:53.568932,252490,141164
2026-03-12 19:49:53.568932,3419430,120729
2026-03-12 19:49:53.568932,238960,114171
2026-03-12 19:49:53.568932,359550,95918
2026-03-12 19:49:53.568932,1422450,90491
2026-03-12 19:49:53.568932,2357570,87006
2026-03-12 19:49:53.568932,322170,84024
2026-03-12 19:49:53.568932,271590,83309
2026-03-12 19:49:53.568932,1172470,74426
2026-03-12 19:49:53.568932,236390,74129
2026-03-12 19:49:53.568932,2767030,64385
2026-03-12 19:49:53.568932,3764200,63408
2026-03-12 19:49:53.568932,3405690,60631
2026-03-12 19:49:53.568932,413150,55532
2026-03-12 19:49:53.568932,431960,53712
2026-03-12 19:49:53.568932,1086940,51932
2026-03-12 19:49:53.568932,553850,51331
2026-03-12 19:49:53.568932,381210,51230
2026-03-12 19:49:53.568932,3240220,50252
2026-03-12 19:49:53.568932,221100,50112
2026-03-12 19:49:53.568932,440,49701
2026-03-12 19:49:53.568932,2507950,47327
2026-03-12 19:49:53.568932,2807960,46748
2026-03-12 19:49:53.568932,230410,45771
2026-03-12 19:49:53.568932,3065800,44372
2026-03-12 19:49:53.568932,1366800,43763
2026-03-12 19:49:53.568932,438100,42150
2026-03-12 19:49:53.568932,394360,42055
2026-03-12 19:49:53.568932,4465480,41890
2026-03-12 19:49:53.568932,105600,41611
2026-03-12 19:49:53.568932,1938090,41549
2026-03-12 19:49:53.568932,227300,41046
2026-03-12 19:49:53.568932,3551340,40531
2026-03-12 19:49:53.568932,686060,38663
2026-03-12 19:49:53.568932,1973530,38637
2026-03-12 19:49:53.568932,252950,36627
2026-03-12 19:49:53.568932,2300320,36222
2026-03-12 19:49:53.568932,240,33214
2026-03-12 19:49:53.568932,3241660,30246
2026-03-12 19:49:53.568932,892970,30211
2026-03-12 19:49:53.568932,1222670,30146
2026-03-12 19:49:53.568932,108600,29550
2026-03-12 19:49:53.568932,2399830,28337
2026-03-12 19:49:53.568932,2923300,27718
2026-03-12 19:49:53.568932,289070,27690
2026-03-12 19:49:53.568932,1281930,27432
2026-03-12 19:49:53.568932,284160,26591
2026-03-12 19:49:53.568932,552990,26548
2026-03-12 19:49:53.568932,4000,26026
2026-03-12 19:49:53.568932,294100,25767
2026-03-12 19:49:53.568932,1245620,25757
2026-03-12 19:49:53.568932,526870,25378
2026-03-12 19:49:53.568932,489830,25253
2026-03-12 19:49:53.568932,1174180,24989
2026-03-12 19:49:53.568932,2073620,24685
2026-03-12 19:49:53.568932,582660,24592
2026-03-12 19:49:53.568932,4025700,24183
2026-03-12 19:49:53.568932,1091500,24087
2026-03-12 19:49:53.568932,1623730,23623
2026-03-12 19:49:53.568932,1142710,22988
2026-03-12 19:49:53.568932,251570,22835
2026-03-12 19:49:53.568932,1158310,22527
2026-03-12 19:49:53.568932,3564740,22519
2026-03-12 19:49:53.568932,261550,22221
2026-03-12 19:49:53.568932,377160,22142
2026-03-12 19:49:53.568932,2246340,21459
2026-03-12 19:49:53.568932,2221490,21177
2026-03-12 19:49:53.568932,1771300,21166
2026-03-12 19:49:53.568932,2050650,20617
2026-03-12 19:49:53.568932,250900,20599
2026-03-12 19:49:53.568932,427520,19940
2026-03-12 19:49:53.568932,218620,19897
2026-03-12 19:49:53.568932,813780,19718
2026-03-12 19:49:53.568932,646570,19490
2026-03-12 19:49:53.568932,1665460,18832
2026-03-12 19:49:53.568932,346110,18829
2026-03-12 19:49:53.568932,550,18740
2026-03-12 19:49:53.568932,1905180,18327
2026-03-12 19:49:53.568932,1149460,18286
2026-03-12 19:49:53.568932,739630,18233
2026-03-12 19:49:53.568932,2183900,18136
2026-03-12 19:49:53.568932,2252570,18032
2026-03-12 19:49:53.568932,2344520,17819
2026-03-12 19:49:53.568932,39210,17674
2026-03-12 19:49:53.568932,3164500,17239
2026-03-12 19:49:53.568932,594650,17065
2026-03-12 19:49:53.568932,1874880,16747
2026-03-12 19:49:53.568932,629520,16742
2026-03-12 19:49:53.568932,1151340,16086
2026-03-12 19:49:53.568932,8930,16053
2026-03-12 19:49:53.568932,1818450,15761
2026-03-12 19:49:53.568932,244210,15291
2026-03-12 19:49:53.568932,1203620,15234
2026-03-12 19:49:53.568932,3472040,15216
2026-03-12 20:20:44.400009,730,1397455
2026-03-12 20:20:44.400009,570,535663
2026-03-12 20:20:44.400009,2868840,223890
2026-03-12 20:20:44.400009,578080,213146
2026-03-12 20:20:44.400009,2676230,173123
2026-03-12 20:20:44.400009,1808500,157236
2026-03-12 20:20:44.400009,252490,136615
2026-03-12 20:20:44.400009,3419430,118829
2026-03-12 20:20:44.400009,238960,113454
2026-03-12 20:20:44.400009,359550,100139
2026-03-12 20:20:44.400009,1422450,92175
2026-03-12 20:20:44.400009,2357570,89167
2026-03-12 20:20:44.400009,322170,83421
2026-03-12 20:20:44.400009,271590,79138
2026-03-12 20:20:44.400009,1172470,72190
2026-03-12 20:20:44.400009,236390,70718
2026-03-12 20:20:44.400009,2767030,66843
2026-03-12 20:20:44.400009,3764200,63436
2026-03-12 20:20:44.400009,3405690,60446
2026-03-12 20:20:44.400009,413150,55374
2026-03-12 20:20:44.400009,1086940,53107
2026-03-12 20:20:44.400009,553850,52381
2026-03-12 20:20:44.400009,431960,51426
2026-03-12 20:20:44.400009,381210,50945
2026-03-12 20:20:44.400009,440,48846
2026-03-12 20:20:44.400009,221100,48826
2026-03-12 20:20:44.400009,3240220,48407
2026-03-12 20:20:44.400009,2807960,47417
2026-03-12 20:20:44.400009,3065800,46291
2026-03-12 20:20:44.400009,230410,45364
2026-03-12 20:20:44.400009,2507950,44811
2026-03-12 20:20:44.400009,1366800,43415
2026-03-12 20:20:44.400009,438100,42385
2026-03-12 20:20:44.400009,1938090,42200
2026-03-12 20:20:44.400009,105600,41306
2026-03-12 20:20:44.400009,3551340,41246
2026-03-12 20:20:44.400009,394360,41173
2026-03-12 20:20:44.400009,4465480,39979
2026-03-12 20:20:44.400009,227300,38883
2026-03-12 20:20:44.400009,686060,38839
2026-03-12 20:20:44.400009,252950,38214
2026-03-12 20:20:44.400009,1973530,37176
2026-03-12 20:20:44.400009,2300320,34882
2026-03-12 20:20:44.400009,240,32824
2026-03-12 20:20:44.400009,892970,30376
2026-03-12 20:20:44.400009,3241660,30210
2026-03-12 20:20:44.400009,1222670,30019
2026-03-12 20:20:44.400009,108600,29559
2026-03-12 20:20:44.400009,2399830,28283
2026-03-12 20:20:44.400009,2923300,27854
2026-03-12 20:20:44.400009,289070,27726
2026-03-12 20:20:44.400009,1281930,26744
2026-03-12 20:20:44.400009,552990,26464
2026-03-12 20:20:44.400009,1245620,25873
2026-03-12 20:20:44.400009,284160,25817
2026-03-12 20:20:44.400009,526870,25453
2026-03-12 20:20:44.400009,294100,25430
2026-03-12 20:20:44.400009,489830,25363
2026-03-12 20:20:44.400009,4000,25316
2026-03-12 20:20:44.400009,1174180,24623
2026-03-12 20:20:44.400009,582660,24469
2026-03-12 20:20:44.400009,2073620,24362
2026-03-12 20:20:44.400009,1091500,23992
2026-03-12 20:20:44.400009,1623730,23265
2026-03-12 20:20:44.400009,4025700,23113
2026-03-12 20:20:44.400009,1142710,23085
2026-03-12 20:20:44.400009,251570,22804
2026-03-12 20:20:44.400009,1158310,22662
2026-03-12 20:20:44.400009,377160,22281
2026-03-12 20:20:44.400009,3564740,21567
2026-03-12 20:20:44.400009,261550,21547
2026-03-12 20:20:44.400009,2246340,21467
2026-03-12 20:20:44.400009,2221490,21236
2026-03-12 20:20:44.400009,1771300,21153
2026-03-12 20:20:44.400009,250900,20658
2026-03-12 20:20:44.400009,2050650,20482
2026-03-12 20:20:44.400009,427520,20020
2026-03-12 20:20:44.400009,218620,19879
2026-03-12 20:20:44.400009,550,19380
2026-03-12 20:20:44.400009,813780,19296
2026-03-12 20:20:44.400009,646570,19235
2026-03-12 20:20:44.400009,739630,18610
2026-03-12 20:20:44.400009,1665460,18536
2026-03-12 20:20:44.400009,2252570,18461
2026-03-12 20:20:44.400009,2183900,18301
2026-03-12 20:20:44.400009,346110,18242
2026-03-12 20:20:44.400009,1149460,18205
2026-03-12 20:20:44.400009,39210,17988
2026-03-12 20:20:44.400009,3164500,17497
2026-03-12 20:20:44.400009,1905180,17438
2026-03-12 20:20:44.400009,2344520,17081
2026-03-12 20:20:44.400009,594650,16890
2026-03-12 20:20:44.400009,1874880,16874
2026-03-12 20:20:44.400009,8930,16152
2026-03-12 20:20:44.400009,629520,16099
2026-03-12 20:20:44.400009,1151340,15731
2026-03-12 20:20:44.400009,1203620,15622
2026-03-12 20:20:44.400009,3472040,15181
2026-03-12 20:20:44.400009,244210,14891
2026-03-12 20:20:44.400009,292030,14313
2026-03-12 20:57:13.262504,730,1337416
2026-03-12 20:57:13.262504,570,504233
2026-03-12 20:57:13.262504,2868840,223635
2026-03-12 20:57:13.262504,578080,194196
2026-03-12 20:57:13.262504,2676230,172544
2026-03-12 20:57:13.262504,1808500,160191
2026-03-12 20:57:13.262504,252490,130011
2026-03-12 20:57:13.262504,3419430,116599
2026-03-12 20:57:13.262504,238960,111535
2026-03-12 20:57:13.262504,359550,102734
2026-03-12 20:57:13.262504,1422450,94241
2026-03-12 20:57:13.262504,2357570,90902
2026-03-12 20:57:13.262504,322170,81078
2026-03-12 20:57:13.262504,271590,73294
2026-03-12 20:57:13.262504,1172470,69338
2026-03-12 20:57:13.262504,2767030,68909
2026-03-12 20:57:13.262504,236390,65498
2026-03-12 20:57:13.262504,3764200,63356
2026-03-12 20:57:13.262504,3405690,59202
2026-03-12 20:57:13.262504,413150,55088
2026-03-12 20:57:13.262504,1086940,53646
2026-03-12 20:57:13.262504,553850,52424
2026-03-12 20:57:13.262504,381210,50077
2026-03-12 20:57:13.262504,431960,49088
2026-03-12 20:57:13.262504,440,48280
2026-03-12 20:57:13.262504,3065800,48079
2026-03-12 20:57:13.262504,2807960,46955
2026-03-12 20:57:13.262504,221100,46593
2026-03-12 20:57:13.262504,3240220,46077
2026-03-12 20:57:13.262504,230410,44478
2026-03-12 20:57:13.262504,438100,42638
2026-03-12 20:57:13.262504,1938090,42514
2026-03-12 20:57:13.262504,2507950,42456
2026-03-12 20:57:13.262504,1366800,42369
2026-03-12 20:57:13.262504,3551340,41378
2026-03-12 20:57:13.262504,105600,40380
2026-03-12 20:57:13.262504,252950,39448
2026-03-12 20:57:13.262504,394360,39399
2026-03-12 20:57:13.262504,686060,38753
2026-03-12 20:57:13.262504,1973530,36145
2026-03-12 20:57:13.262504,227300,35516
2026-03-12 20:57:13.262504,4465480,34271
2026-03-12 20:57:13.262504,2300320,31932
2026-03-12 20:57:13.262504,892970,29961
2026-03-12 20:57:13.262504,1222670,29637
2026-03-12 20:57:13.262504,3241660,29379
2026-03-12 20:57:13.262504,108600,29343
2026-03-12 20:57:13.262504,240,29218
2026-03-12 20:57:13.262504,289070,27584
2026-03-12 20:57:13.262504,2399830,27360
2026-03-12 20:57:13.262504,2923300,26362
2026-03-12 20:57:13.262504,552990,26165
2026-03-12 20:57:13.262504,1281930,26079
2026-03-12 20:57:13.262504,1245620,25759
2026-03-12 20:57:13.262504,489830,25476
2026-03-12 20:57:13.262504,526870,25078
2026-03-12 20:57:13.262504,294100,24985
2026-03-12 20:57:13.262504,582660,24348
2026-03-12 20:57:13.262504,284160,24279
2026-03-12 20:57:13.262504,4000,23949
2026-03-12 20:57:13.262504,2073620,23885
2026-03-12 20:57:13.262504,1174180,23828
2026-03-12 20:57:13.262504,1091500,23761
2026-03-12 20:57:13.262504,1142710,22890
2026-03-12 20:57:13.262504,1623730,22818
2026-03-12 20:57:13.262504,1158310,22635
2026-03-12 20:57:13.262504,377160,22379
2026-03-12 20:57:13.262504,251570,22363
2026-03-12 20:57:13.262504,4025700,22299
2026-03-12 20:57:13.262504,2246340,21503
2026-03-12 20:57:13.262504,2221490,21150
2026-03-12 20:57:13.262504,261550,20974
2026-03-12 20:57:13.262504,3564740,20930
2026-03-12 20:57:13.262504,1771300,20787
2026-03-12 20:57:13.262504,250900,20241
2026-03-12 20:57:13.262504,2050650,20099
2026-03-12 20:57:13.262504,550,20021
2026-03-12 20:57:13.262504,427520,19788
2026-03-12 20:57:13.262504,218620,19301
2026-03-12 20:57:13.262504,646570,19142
2026-03-12 20:57:13.262504,2252570,18632
2026-03-12 20:57:13.262504,739630,18495
2026-03-12 20:57:13.262504,39210,18170
2026-03-12 20:57:13.262504,2183900,18034
2026-03-12 20:57:13.262504,1665460,18028
2026-03-12 20:57:13.262504,1149460,17769
2026-03-12 20:57:13.262504,3164500,17427
2026-03-12 20:57:13.262504,346110,17421
2026-03-12 20:57:13.262504,813780,16899
2026-03-12 20:57:13.262504,1874880,16849
2026-03-12 20:57:13.262504,2344520,16524
2026-03-12 20:57:13.262504,1151340,16467
2026-03-12 20:57:13.262504,1905180,16098
2026-03-12 20:57:13.262504,8930,16094
2026-03-12 20:57:13.262504,594650,16031
2026-03-12 20:57:13.262504,1203620,15582
2026-03-12 20:57:13.262504,3472040,15320
2026-03-12 20:57:13.262504,629520,15145
2026-03-12 20:57:13.262504,244210,14227
2026-03-12 20:57:13.262504,3527290,14056
2026-03-12 21:33:26.537886,730,1174937
2026-03-12 21:33:26.537886,570,460026
2026-03-12 21:33:26.537886,2868840,220499
2026-03-12 21:33:26.537886,578080,169161
2026-03-12 21:33:26.537886,2676230,169021
2026-03-12 21:33:26.537886,1808500,158470
2026-03-12 21:33:26.537886,252490,121070
2026-03-12 21:33:26.537886,3419430,113239
2026-03-12 21:33:26.537886,238960,106677
2026-03-12 21:33:26.537886,359550,101607
2026-03-12 21:33:26.537886,1422450,93885
2026-03-12 21:33:26.537886,2357570,89629
2026-03-12 21:33:26.537886,322170,75153
2026-03-12 21:33:26.537886,2767030,69767
2026-03-12 21:33:26.537886,1172470,65550
2026-03-12 21:33:26.537886,271590,64635
2026-03-12 21:33:26.537886,3764200,61677
2026-03-12 21:33:26.537886,236390,56767
2026-03-12 21:33:26.537886,3405690,56309
2026-03-12 21:33:26.537886,413150,53489
2026-03-12 21:33:26.537886,1086940,51629
2026-03-12 21:33:26.537886,553850,49867
2026-03-12 21:33:26.537886,3065800,48700
2026-03-12 21:33:26.537886,381210,47119
2026-03-12 21:33:26.537886,431960,47025
2026-03-12 21:33:26.537886,440,46678
2026-03-12 21:33:26.537886,2807960,43937
2026-03-12 21:33:26.537886,230410,42981
2026-03-12 21:33:26.537886,221100,42795
2026-03-12 21:33:26.537886,3240220,42425
2026-03-12 21:33:26.537886,438100,42263
2026-03-12 21:33:26.537886,1938090,41848
2026-03-12 21:33:26.537886,1366800,40432
2026-03-12 21:33:26.537886,2507950,40075
2026-03-12 21:33:26.537886,3551340,40030
2026-03-12 21:33:26.537886,252950,39429
2026-03-12 21:33:26.537886,105600,38567
2026-03-12 21:33:26.537886,1973530,38300
2026-03-12 21:33:26.537886,686060,38085
2026-03-12 21:33:26.537886,394360,36257
2026-03-12 21:33:26.537886,4465480,33618
2026-03-12 21:33:26.537886,227300,30224
2026-03-12 21:33:26.537886,240,29178
2026-03-12 21:33:26.537886,1222670,28565
2026-03-12 21:33:26.537886,108600,28453
2026-03-12 21:33:26.537886,892970,28251
2026-03-12 21:33:26.537886,2300320,27298
2026-03-12 21:33:26.537886,2923300,26646
2026-03-12 21:33:26.537886,289070,26332
2026-03-12 21:33:26.537886,3241660,26249
2026-03-12 21:33:26.537886,552990,25829
2026-03-12 21:33:26.537886,2399830,25571
2026-03-12 21:33:26.537886,1245620,25055
2026-03-12 21:33:26.537886,1281930,24928
2026-03-12 21:33:26.537886,489830,24875
2026-03-12 21:33:26.537886,294100,24214
2026-03-12 21:33:26.537886,582660,24171
2026-03-12 21:33:26.537886,526870,23596
2026-03-12 21:33:26.537886,1091500,22782
2026-03-12 21:33:26.537886,1174180,22359
2026-03-12 21:33:26.537886,2073620,22142
2026-03-12 21:33:26.537886,4000,22130
2026-03-12 21:33:26.537886,1623730,22129
2026-03-12 21:33:26.537886,284160,22095
2026-03-12 21:33:26.537886,4025700,22036
2026-03-12 21:33:26.537886,1158310,21842
2026-03-12 21:33:26.537886,1142710,21783
2026-03-12 21:33:26.537886,377160,21725
2026-03-12 21:33:26.537886,3564740,21392
2026-03-12 21:33:26.537886,251570,20898
2026-03-12 21:33:26.537886,550,20803
2026-03-12 21:33:26.537886,2246340,20751
2026-03-12 21:33:26.537886,2221490,20458
2026-03-12 21:33:26.537886,218620,19829
2026-03-12 21:33:26.537886,261550,19807
2026-03-12 21:33:26.537886,2050650,19510
2026-03-12 21:33:26.537886,250900,19255
2026-03-12 21:33:26.537886,1771300,19214
2026-03-12 21:33:26.537886,427520,18854
2026-03-12 21:33:26.537886,646570,18469
2026-03-12 21:33:26.537886,2252570,18029
2026-03-12 21:33:26.537886,39210,17858
2026-03-12 21:33:26.537886,1665460,17834
2026-03-12 21:33:26.537886,3164500,16746
2026-03-12 21:33:26.537886,739630,16744
2026-03-12 21:33:26.537886,1149460,16648
2026-03-12 21:33:26.537886,2183900,16536
2026-03-12 21:33:26.537886,346110,16421
2026-03-12 21:33:26.537886,1151340,16376
2026-03-12 21:33:26.537886,1874880,16306
2026-03-12 21:33:26.537886,8930,15543
2026-03-12 21:33:26.537886,3472040,15232
2026-03-12 21:33:26.537886,2344520,15209
2026-03-12 21:33:26.537886,1905180,14676
2026-03-12 21:33:26.537886,1203620,14523
2026-03-12 21:33:26.537886,594650,13979
2026-03-12 21:33:26.537886,629520,13950
2026-03-12 21:33:26.537886,813780,13907
2026-03-12 21:33:26.537886,1476970,13714
2026-03-12 21:33:26.537886,291550,13337
2026-03-12 21:58:17.992713,730,1121888
2026-03-12 21:58:17.992713,570,439531
2026-03-12 21:58:17.992713,2868840,218498
2026-03-12 21:58:17.992713,2676230,166772
2026-03-12 21:58:17.992713,578080,157176
2026-03-12 21:58:17.992713,1808500,157143
2026-03-12 21:58:17.992713,252490,116800
2026-03-12 21:58:17.992713,3419430,111331
2026-03-12 21:58:17.992713,238960,104193
2026-03-12 21:58:17.992713,359550,100598
2026-03-12 21:58:17.992713,1422450,93232
2026-03-12 21:58:17.992713,2357570,89475
2026-03-12 21:58:17.992713,322170,72482
2026-03-12 21:58:17.992713,2767030,70528
2026-03-12 21:58:17.992713,1172470,63974
2026-03-12 21:58:17.992713,3764200,61084
2026-03-12 21:58:17.992713,271590,60795
2026-03-12 21:58:17.992713,3405690,54713
2026-03-12 21:58:17.992713,236390,53157
2026-03-12 21:58:17.992713,413150,52676
2026-03-12 21:58:17.992713,1086940,50506
2026-03-12 21:58:17.992713,3065800,49413
2026-03-12 21:58:17.992713,553850,48656
2026-03-12 21:58:17.992713,440,46074
2026-03-12 21:58:17.992713,381210,45913
2026-03-12 21:58:17.992713,431960,45907
2026-03-12 21:58:17.992713,230410,42411
2026-03-12 21:58:17.992713,2807960,41874
2026-03-12 21:58:17.992713,438100,41732
2026-03-12 21:58:17.992713,1938090,41616
2026-03-12 21:58:17.992713,221100,41545
2026-03-12 21:58:17.992713,3240220,40932
2026-03-12 21:58:17.992713,1366800,39428
2026-03-12 21:58:17.992713,252950,39028
2026-03-12 21:58:17.992713,2507950,39007
2026-03-12 21:58:17.992713,3551340,38641
2026-03-12 21:58:17.992713,1973530,38025
2026-03-12 21:58:17.992713,686060,37743
2026-03-12 21:58:17.992713,105600,37609
2026-03-12 21:58:17.992713,394360,34605
2026-03-12 21:58:17.992713,4465480,33134
2026-03-12 21:58:17.992713,1222670,28170
2026-03-12 21:58:17.992713,240,28087
2026-03-12 21:58:17.992713,227300,28003
2026-03-12 21:58:17.992713,108600,27956
2026-03-12 21:58:17.992713,892970,27126
2026-03-12 21:58:17.992713,2399830,25804
2026-03-12 21:58:17.992713,289070,25718
2026-03-12 21:58:17.992713,2300320,25173
2026-03-12 21:58:17.992713,3241660,25137
2026-03-12 21:58:17.992713,552990,25040
2026-03-12 21:58:17.992713,1245620,24772
2026-03-12 21:58:17.992713,489830,24539
2026-03-12 21:58:17.992713,1281930,24340
2026-03-12 21:58:17.992713,2923300,24242
2026-03-12 21:58:17.992713,582660,24116
2026-03-12 21:58:17.992713,294100,23799
2026-03-12 21:58:17.992713,526870,22807
2026-03-12 21:58:17.992713,1091500,22243
2026-03-12 21:58:17.992713,1623730,22005
2026-03-12 21:58:17.992713,4025700,21827
2026-03-12 21:58:17.992713,1174180,21608
2026-03-12 21:58:17.992713,377160,21479
2026-03-12 21:58:17.992713,2073620,21401
2026-03-12 21:58:17.992713,1158310,21370
2026-03-12 21:58:17.992713,4000,21333
2026-03-12 21:58:17.992713,3564740,21203
2026-03-12 21:58:17.992713,1142710,21163
2026-03-12 21:58:17.992713,550,21137
2026-03-12 21:58:17.992713,284160,21082
2026-03-12 21:58:17.992713,2246340,20554
2026-03-12 21:58:17.992713,218620,20357
2026-03-12 21:58:17.992713,251570,20295
2026-03-12 21:58:17.992713,2221490,20153
2026-03-12 21:58:17.992713,261550,19210
2026-03-12 21:58:17.992713,2050650,19201
2026-03-12 21:58:17.992713,250900,18608
2026-03-12 21:58:17.992713,1771300,18400
2026-03-12 21:58:17.992713,427520,18314
2026-03-12 21:58:17.992713,646570,18033
2026-03-12 21:58:17.992713,39210,17733
2026-03-12 21:58:17.992713,1665460,17688
2026-03-12 21:58:17.992713,2252570,17452
2026-03-12 21:58:17.992713,1151340,16471
2026-03-12 21:58:17.992713,3164500,16297
2026-03-12 21:58:17.992713,1149460,16184
2026-03-12 21:58:17.992713,2183900,15980
2026-03-12 21:58:17.992713,739630,15894
2026-03-12 21:58:17.992713,1874880,15885
2026-03-12 21:58:17.992713,346110,15822
2026-03-12 21:58:17.992713,3472040,15191
2026-03-12 21:58:17.992713,8930,15183
2026-03-12 21:58:17.992713,2344520,14746
2026-03-12 21:58:17.992713,813780,14556
2026-03-12 21:58:17.992713,1905180,14062
2026-03-12 21:58:17.992713,1203620,13775
2026-03-12 21:58:17.992713,1476970,13522
2026-03-12 21:58:17.992713,629520,13387
2026-03-12 21:58:17.992713,291550,13238
2026-03-12 21:58:17.992713,594650,13110
2026-03-12 22:37:49.536864,730,1013438
2026-03-12 22:37:49.536864,570,377942
2026-03-12 22:37:49.536864,2868840,211605
2026-03-12 22:37:49.536864,2676230,160723
2026-03-12 22:37:49.536864,1808500,153491
2026-03-12 22:37:49.536864,578080,132241
2026-03-12 22:37:49.536864,3419430,108576
2026-03-12 22:37:49.536864,252490,107813
2026-03-12 22:37:49.536864,359550,97467
2026-03-12 22:37:49.536864,238960,96599
2026-03-12 22:37:49.536864,1422450,91226
2026-03-12 22:37:49.536864,2357570,86617
2026-03-12 22:37:49.536864,2767030,71699
2026-03-12 22:37:49.536864,322170,68517
2026-03-12 22:37:49.536864,1172470,60566
2026-03-12 22:37:49.536864,3764200,59412
2026-03-12 22:37:49.536864,271590,53036
2026-03-12 22:37:49.536864,3405690,50599
2026-03-12 22:37:49.536864,413150,50489
2026-03-12 22:37:49.536864,3065800,49224
2026-03-12 22:37:49.536864,1086940,46984
2026-03-12 22:37:49.536864,236390,46052
2026-03-12 22:37:49.536864,553850,44805
2026-03-12 22:37:49.536864,440,44499
2026-03-12 22:37:49.536864,431960,44009
2026-03-12 22:37:49.536864,381210,42865
2026-03-12 22:37:49.536864,230410,41128
2026-03-12 22:37:49.536864,438100,41081
2026-03-12 22:37:49.536864,1938090,40959
2026-03-12 22:37:49.536864,221100,38166
2026-03-12 22:37:49.536864,2807960,38135
2026-03-12 22:37:49.536864,3240220,38092
2026-03-12 22:37:49.536864,1366800,37704
2026-03-12 22:37:49.536864,252950,36995
2026-03-12 22:37:49.536864,2507950,36807
2026-03-12 22:37:49.536864,1973530,36797
2026-03-12 22:37:49.536864,686060,36450
2026-03-12 22:37:49.536864,105600,35767
2026-03-12 22:37:49.536864,3224770,33307
2026-03-12 22:37:49.536864,3551340,33202
2026-03-12 22:37:49.536864,4465480,31567
2026-03-12 22:37:49.536864,394360,30855
2026-03-12 22:37:49.536864,240,28910
2026-03-12 22:37:49.536864,108600,26920
2026-03-12 22:37:49.536864,1222670,26649
2026-03-12 22:37:49.536864,2923300,25940
2026-03-12 22:37:49.536864,2399830,25289
2026-03-12 22:37:49.536864,552990,24824
2026-03-12 22:37:49.536864,892970,24418
2026-03-12 22:37:49.536864,289070,23807
2026-03-12 22:37:49.536864,489830,23612
2026-03-12 22:37:49.536864,227300,23588
2026-03-12 22:37:49.536864,1245620,23549
2026-03-12 22:37:49.536864,582660,23525
2026-03-12 22:37:49.536864,1281930,23196
2026-03-12 22:37:49.536864,294100,22727
2026-03-12 22:37:49.536864,3241660,21998
2026-03-12 22:37:49.536864,550,21490
2026-03-12 22:37:49.536864,4025700,21399
2026-03-12 22:37:49.536864,2300320,21224
2026-03-12 22:37:49.536864,1623730,21089
2026-03-12 22:37:49.536864,526870,20909
2026-03-12 22:37:49.536864,1091500,20815
2026-03-12 22:37:49.536864,218620,20720
2026-03-12 22:37:49.536864,377160,20543
2026-03-12 22:37:49.536864,1174180,20260
2026-03-12 22:37:49.536864,3564740,20126
2026-03-12 22:37:49.536864,1158310,20121
2026-03-12 22:37:49.536864,4000,19977
2026-03-12 22:37:49.536864,284160,19883
2026-03-12 22:37:49.536864,2073620,19761
2026-03-12 22:37:49.536864,2246340,19760
2026-03-12 22:37:49.536864,1142710,19310
2026-03-12 22:37:49.536864,2221490,19169
2026-03-12 22:37:49.536864,251570,19052
2026-03-12 22:37:49.536864,2050650,18671
2026-03-12 22:37:49.536864,261550,17625
2026-03-12 22:37:49.536864,250900,17596
2026-03-12 22:37:49.536864,1665460,17322
2026-03-12 22:37:49.536864,39210,17211
2026-03-12 22:37:49.536864,646570,17144
2026-03-12 22:37:49.536864,427520,16764
2026-03-12 22:37:49.536864,1771300,16381
2026-03-12 22:37:49.536864,1151340,15858
2026-03-12 22:37:49.536864,3164500,15695
2026-03-12 22:37:49.536864,1149460,15172
2026-03-12 22:37:49.536864,813780,15165
2026-03-12 22:37:49.536864,2252570,15150
2026-03-12 22:37:49.536864,1874880,14991
2026-03-12 22:37:49.536864,3472040,14983
2026-03-12 22:37:49.536864,346110,14767
2026-03-12 22:37:49.536864,2183900,14614
2026-03-12 22:37:49.536864,8930,14185
2026-03-12 22:37:49.536864,739630,14055
2026-03-12 22:37:49.536864,2344520,13431
2026-03-12 22:37:49.536864,1476970,13190
2026-03-12 22:37:49.536864,1905180,13167
2026-03-12 22:37:49.536864,291550,12869
2026-03-12 22:37:49.536864,629520,12236
2026-03-12 22:37:49.536864,1203620,12189
2026-03-12 23:00:55.813597,730,979449
2026-03-12 23:00:55.813597,570,366301
2026-03-12 23:00:55.813597,2868840,209593
2026-03-12 23:00:55.813597,2676230,158283
2026-03-12 23:00:55.813597,1808500,151576
2026-03-12 23:00:55.813597,578080,124917
2026-03-12 23:00:55.813597,3419430,107609
2026-03-12 23:00:55.813597,252490,105327
2026-03-12 23:00:55.813597,359550,96893
2026-03-12 23:00:55.813597,238960,94073
2026-03-12 23:00:55.813597,1422450,90387
2026-03-12 23:00:55.813597,2357570,85873
2026-03-12 23:00:55.813597,2767030,72990
2026-03-12 23:00:55.813597,322170,67657
2026-03-12 23:00:55.813597,1172470,59778
2026-03-12 23:00:55.813597,3764200,59392
2026-03-12 23:00:55.813597,271590,50687
2026-03-12 23:00:55.813597,413150,50222
2026-03-12 23:00:55.813597,3065800,49569
2026-03-12 23:00:55.813597,3405690,49314
2026-03-12 23:00:55.813597,1086940,46183
2026-03-12 23:00:55.813597,440,44544
2026-03-12 23:00:55.813597,236390,44472
2026-03-12 23:00:55.813597,553850,43953
2026-03-12 23:00:55.813597,431960,43510
2026-03-12 23:00:55.813597,381210,42272
2026-03-12 23:00:55.813597,438100,40916
2026-03-12 23:00:55.813597,1938090,40857
2026-03-12 23:00:55.813597,230410,40818
2026-03-12 23:00:55.813597,1366800,37167
2026-03-12 23:00:55.813597,2807960,37161
2026-03-12 23:00:55.813597,221100,37150
2026-03-12 23:00:55.813597,3240220,37057
2026-03-12 23:00:55.813597,1973530,36371
2026-03-12 23:00:55.813597,2507950,36332
2026-03-12 23:00:55.813597,686060,35982
2026-03-12 23:00:55.813597,252950,35938
2026-03-12 23:00:55.813597,3224770,35742
2026-03-12 23:00:55.813597,105600,35514
2026-03-12 23:00:55.813597,3551340,31565
2026-03-12 23:00:55.813597,4465480,30807
2026-03-12 23:00:55.813597,240,29711
2026-03-12 23:00:55.813597,394360,29513
2026-03-12 23:00:55.813597,108600,26542
2026-03-12 23:00:55.813597,1222670,26404
2026-03-12 23:00:55.813597,2923300,25439
2026-03-12 23:00:55.813597,2399830,25079
2026-03-12 23:00:55.813597,552990,24843
2026-03-12 23:00:55.813597,892970,23758
2026-03-12 23:00:55.813597,489830,23447
2026-03-12 23:00:55.813597,582660,23382
2026-03-12 23:00:55.813597,289070,23288
2026-03-12 23:00:55.813597,1245620,23249
2026-03-12 23:00:55.813597,1281930,22833
2026-03-12 23:00:55.813597,294100,22501
2026-03-12 23:00:55.813597,227300,22291
2026-03-12 23:00:55.813597,550,21625
2026-03-12 23:00:55.813597,4025700,21253
2026-03-12 23:00:55.813597,1623730,21080
2026-03-12 23:00:55.813597,218620,20865
2026-03-12 23:00:55.813597,3241660,20837
2026-03-12 23:00:55.813597,1091500,20408
2026-03-12 23:00:55.813597,377160,20333
2026-03-12 23:00:55.813597,526870,20310
2026-03-12 23:00:55.813597,2300320,20216
2026-03-12 23:00:55.813597,1158310,19828
2026-03-12 23:00:55.813597,3564740,19693
2026-03-12 23:00:55.813597,284160,19649
2026-03-12 23:00:55.813597,1174180,19598
2026-03-12 23:00:55.813597,2246340,19533
2026-03-12 23:00:55.813597,4000,19456
2026-03-12 23:00:55.813597,2073620,19234
2026-03-12 23:00:55.813597,2221490,18917
2026-03-12 23:00:55.813597,1142710,18669
2026-03-12 23:00:55.813597,251570,18651
2026-03-12 23:00:55.813597,2050650,18371
2026-03-12 23:00:55.813597,39210,17338
2026-03-12 23:00:55.813597,250900,17255
2026-03-12 23:00:55.813597,1665460,17141
2026-03-12 23:00:55.813597,261550,17037
2026-03-12 23:00:55.813597,646570,16853
2026-03-12 23:00:55.813597,427520,16246
2026-03-12 23:00:55.813597,1151340,15792
2026-03-12 23:00:55.813597,1771300,15724
2026-03-12 23:00:55.813597,3164500,15521
2026-03-12 23:00:55.813597,813780,15257
2026-03-12 23:00:55.813597,3472040,14913
2026-03-12 23:00:55.813597,1874880,14903
2026-03-12 23:00:55.813597,1149460,14896
2026-03-12 23:00:55.813597,2252570,14579
2026-03-12 23:00:55.813597,346110,14469
2026-03-12 23:00:55.813597,2183900,14279
2026-03-12 23:00:55.813597,8930,13838
2026-03-12 23:00:55.813597,739630,13462
2026-03-12 23:00:55.813597,2344520,13179
2026-03-12 23:00:55.813597,1476970,13106
2026-03-12 23:00:55.813597,1905180,12810
2026-03-12 23:00:55.813597,291550,12769
2026-03-12 23:00:55.813597,2073850,11949
2026-03-12 23:00:55.813597,629520,11883
2026-03-12 23:37:54.105389,730,894261
2026-03-12 23:37:54.105389,570,344053
2026-03-12 23:37:54.105389,2868840,205969
2026-03-12 23:37:54.105389,2676230,152877
2026-03-12 23:37:54.105389,1808500,145554
2026-03-12 23:37:54.105389,578080,106641
2026-03-12 23:37:54.105389,3419430,105772
2026-03-12 23:37:54.105389,252490,99074
2026-03-12 23:37:54.105389,359550,96824
2026-03-12 23:37:54.105389,238960,86602
2026-03-12 23:37:54.105389,2357570,83235
2026-03-12 23:37:54.105389,1422450,82843
2026-03-12 23:37:54.105389,2767030,74849
2026-03-12 23:37:54.105389,322170,66291
2026-03-12 23:37:54.105389,1172470,58259
2026-03-12 23:37:54.105389,3764200,57996
2026-03-12 23:37:54.105389,3065800,50514
2026-03-12 23:37:54.105389,413150,49423
2026-03-12 23:37:54.105389,271590,46008
2026-03-12 23:37:54.105389,3405690,45887
2026-03-12 23:37:54.105389,1086940,44330
2026-03-12 23:37:54.105389,553850,43101
2026-03-12 23:37:54.105389,440,42901
2026-03-12 23:37:54.105389,431960,42594
2026-03-12 23:37:54.105389,1938090,41102
2026-03-12 23:37:54.105389,438100,40824
2026-03-12 23:37:54.105389,236390,40734
2026-03-12 23:37:54.105389,230410,40074
2026-03-12 23:37:54.105389,381210,39948
2026-03-12 23:37:54.105389,3224770,36805
2026-03-12 23:37:54.105389,1366800,36035
2026-03-12 23:37:54.105389,1973530,35611
2026-03-12 23:37:54.105389,3240220,35458
2026-03-12 23:37:54.105389,2507950,35267
2026-03-12 23:37:54.105389,2807960,35015
2026-03-12 23:37:54.105389,105600,34662
2026-03-12 23:37:54.105389,686060,34543
2026-03-12 23:37:54.105389,221100,34200
2026-03-12 23:37:54.105389,252950,33449
2026-03-12 23:37:54.105389,4465480,30956
2026-03-12 23:37:54.105389,240,28044
2026-03-12 23:37:54.105389,2923300,27097
2026-03-12 23:37:54.105389,394360,26741
2026-03-12 23:37:54.105389,3551340,26676
2026-03-12 23:37:54.105389,1222670,25664
2026-03-12 23:37:54.105389,108600,25620
2026-03-12 23:37:54.105389,552990,24532
2026-03-12 23:37:54.105389,2399830,24496
2026-03-12 23:37:54.105389,582660,23079
2026-03-12 23:37:54.105389,489830,22821
2026-03-12 23:37:54.105389,1281930,22257
2026-03-12 23:37:54.105389,1245620,22079
2026-03-12 23:37:54.105389,289070,21962
2026-03-12 23:37:54.105389,892970,21927
2026-03-12 23:37:54.105389,294100,21833
2026-03-12 23:37:54.105389,550,21823
2026-03-12 23:37:54.105389,4025700,21708
2026-03-12 23:37:54.105389,1623730,20794
2026-03-12 23:37:54.105389,218620,20522
2026-03-12 23:37:54.105389,377160,19622
2026-03-12 23:37:54.105389,227300,19429
2026-03-12 23:37:54.105389,1091500,19222
2026-03-12 23:37:54.105389,284160,19012
2026-03-12 23:37:54.105389,1174180,18982
2026-03-12 23:37:54.105389,2246340,18957
2026-03-12 23:37:54.105389,3241660,18890
2026-03-12 23:37:54.105389,526870,18724
2026-03-12 23:37:54.105389,3564740,18641
2026-03-12 23:37:54.105389,4000,18453
2026-03-12 23:37:54.105389,2221490,18449
2026-03-12 23:37:54.105389,1158310,18401
2026-03-12 23:37:54.105389,251570,17929
2026-03-12 23:37:54.105389,2050650,17897
2026-03-12 23:37:54.105389,2300320,17868
2026-03-12 23:37:54.105389,2073620,17835
2026-03-12 23:37:54.105389,39210,17722
2026-03-12 23:37:54.105389,1142710,16871
2026-03-12 23:37:54.105389,1665460,16483
2026-03-12 23:37:54.105389,250900,16432
2026-03-12 23:37:54.105389,646570,15932
2026-03-12 23:37:54.105389,261550,15817
2026-03-12 23:37:54.105389,1151340,15456
2026-03-12 23:37:54.105389,3164500,15278
2026-03-12 23:37:54.105389,427520,15077
2026-03-12 23:37:54.105389,813780,14962
2026-03-12 23:37:54.105389,3472040,14630
2026-03-12 23:37:54.105389,1874880,14245
2026-03-12 23:37:54.105389,1149460,14131
2026-03-12 23:37:54.105389,1771300,13969
2026-03-12 23:37:54.105389,346110,13775
2026-03-12 23:37:54.105389,2183900,13261
2026-03-12 23:37:54.105389,8930,13154
2026-03-12 23:37:54.105389,1476970,12814
2026-03-12 23:37:54.105389,2252570,12756
2026-03-12 23:37:54.105389,739630,12685
2026-03-12 23:37:54.105389,291550,12653
2026-03-12 23:37:54.105389,2344520,12481
2026-03-12 23:37:54.105389,1905180,12058
2026-03-12 23:37:54.105389,1144200,11559
2026-03-12 23:37:54.105389,2073850,11537
2026-03-12 23:58:48.410760,730,863059
2026-03-12 23:58:48.410760,570,335940
2026-03-12 23:58:48.410760,2868840,207042
2026-03-12 23:58:48.410760,2676230,151137
2026-03-12 23:58:48.410760,1808500,145174
2026-03-12 23:58:48.410760,3419430,105089
2026-03-12 23:58:48.410760,578080,101116
2026-03-12 23:58:48.410760,359550,97552
2026-03-12 23:58:48.410760,252490,96433
2026-03-12 23:58:48.410760,1422450,84499
2026-03-12 23:58:48.410760,2357570,83338
2026-03-12 23:58:48.410760,238960,83078
2026-03-12 23:58:48.410760,2767030,76311
2026-03-12 23:58:48.410760,322170,65733
2026-03-12 23:58:48.410760,1172470,58213
2026-03-12 23:58:48.410760,3764200,57795
2026-03-12 23:58:48.410760,3065800,51124
2026-03-12 23:58:48.410760,413150,49970
2026-03-12 23:58:48.410760,3405690,44575
2026-03-12 23:58:48.410760,1086940,44476
2026-03-12 23:58:48.410760,271590,44076
2026-03-12 23:58:48.410760,440,43296
2026-03-12 23:58:48.410760,553850,43290
2026-03-12 23:58:48.410760,431960,42673
2026-03-12 23:58:48.410760,1938090,41534
2026-03-12 23:58:48.410760,438100,41010
2026-03-12 23:58:48.410760,230410,39810
2026-03-12 23:58:48.410760,236390,39499
2026-03-12 23:58:48.410760,381210,39414
2026-03-12 23:58:48.410760,3224770,36074
2026-03-12 23:58:48.410760,1366800,35697
2026-03-12 23:58:48.410760,1973530,35673
2026-03-12 23:58:48.410760,2507950,35230
2026-03-12 23:58:48.410760,3240220,35192
2026-03-12 23:58:48.410760,2807960,34772
2026-03-12 23:58:48.410760,105600,34560
2026-03-12 23:58:48.410760,686060,33949
2026-03-12 23:58:48.410760,221100,33308
2026-03-12 23:58:48.410760,252950,32786
2026-03-12 23:58:48.410760,4465480,30058
2026-03-12 23:58:48.410760,240,27529
2026-03-12 23:58:48.410760,394360,25772
2026-03-12 23:58:48.410760,1222670,25353
2026-03-12 23:58:48.410760,108600,25256
2026-03-12 23:58:48.410760,3551340,24592
2026-03-12 23:58:48.410760,2923300,24587
2026-03-12 23:58:48.410760,552990,24556
2026-03-12 23:58:48.410760,2399830,24254
2026-03-12 23:58:48.410760,582660,22925
2026-03-12 23:58:48.410760,489830,22567
2026-03-12 23:58:48.410760,1281930,22157
2026-03-12 23:58:48.410760,1245620,21910
2026-03-12 23:58:48.410760,550,21711
2026-03-12 23:58:48.410760,289070,21687
2026-03-12 23:58:48.410760,294100,21555
2026-03-12 23:58:48.410760,4025700,21490
2026-03-12 23:58:48.410760,892970,21278
2026-03-12 23:58:48.410760,1623730,20737
2026-03-12 23:58:48.410760,218620,20404
2026-03-12 23:58:48.410760,377160,19354
2026-03-12 23:58:48.410760,1091500,19011
2026-03-12 23:58:48.410760,2246340,18927
2026-03-12 23:58:48.410760,284160,18879
2026-03-12 23:58:48.410760,1174180,18805
2026-03-12 23:58:48.410760,3241660,18588
2026-03-12 23:58:48.410760,2221490,18475
2026-03-12 23:58:48.410760,227300,18315
2026-03-12 23:58:48.410760,526870,18181
2026-03-12 23:58:48.410760,3564740,18170
2026-03-12 23:58:48.410760,4000,18144
2026-03-12 23:58:48.410760,1158310,18063
2026-03-12 23:58:48.410760,39210,18000
2026-03-12 23:58:48.410760,2050650,17803
2026-03-12 23:58:48.410760,251570,17711
2026-03-12 23:58:48.410760,2073620,17221
2026-03-12 23:58:48.410760,2300320,17158
2026-03-12 23:58:48.410760,1665460,16272
2026-03-12 23:58:48.410760,1142710,16196
2026-03-12 23:58:48.410760,250900,15986
2026-03-12 23:58:48.410760,646570,15702
2026-03-12 23:58:48.410760,1151340,15469
2026-03-12 23:58:48.410760,261550,15360
2026-03-12 23:58:48.410760,3164500,15124
2026-03-12 23:58:48.410760,813780,14815
2026-03-12 23:58:48.410760,427520,14638
2026-03-12 23:58:48.410760,3472040,14618
2026-03-12 23:58:48.410760,1874880,14060
2026-03-12 23:58:48.410760,1149460,13837
2026-03-12 23:58:48.410760,346110,13597
2026-03-12 23:58:48.410760,1771300,13438
2026-03-12 23:58:48.410760,2183900,13005
2026-03-12 23:58:48.410760,8930,12903
2026-03-12 23:58:48.410760,739630,12749
2026-03-12 23:58:48.410760,1476970,12676
2026-03-12 23:58:48.410760,1144200,12497
2026-03-12 23:58:48.410760,291550,12380
2026-03-12 23:58:48.410760,2344520,12360
2026-03-12 23:58:48.410760,2252570,11963
2026-03-12 23:58:48.410760,1905180,11909
2026-03-12 23:58:48.410760,1449850,11663
2026-03-13 02:48:29.311505,730,755568
2026-03-13 02:48:29.311505,570,331326
2026-03-13 02:48:29.311505,2868840,275104
2026-03-13 02:48:29.311505,578080,151141
2026-03-13 02:48:29.311505,1808500,144550
2026-03-13 02:48:29.311505,3419430,142426
2026-03-13 02:48:29.311505,2676230,124382
2026-03-13 02:48:29.311505,359550,98046
2026-03-13 02:48:29.311505,1422450,90219
2026-03-13 02:48:29.311505,2767030,87854
2026-03-13 02:48:29.311505,2357570,86263
2026-03-13 02:48:29.311505,252490,79643
2026-03-13 02:48:29.311505,1172470,73787
2026-03-13 02:48:29.311505,238960,63305
2026-03-13 02:48:29.311505,3764200,58183
2026-03-13 02:48:29.311505,3065800,56934
2026-03-13 02:48:29.311505,431960,55981
2026-03-13 02:48:29.311505,413150,54710
2026-03-13 02:48:29.311505,322170,54292
2026-03-13 02:48:29.311505,2507950,50340
2026-03-13 02:48:29.311505,553850,48082
2026-03-13 02:48:29.311505,438100,47617
2026-03-13 02:48:29.311505,1086940,45585
2026-03-13 02:48:29.311505,1973530,43358
2026-03-13 02:48:29.311505,230410,42539
2026-03-13 02:48:29.311505,1938090,42411
2026-03-13 02:48:29.311505,440,41932
2026-03-13 02:48:29.311505,381210,37669
2026-03-13 02:48:29.311505,236390,37097
2026-03-13 02:48:29.311505,3240220,37008
2026-03-13 02:48:29.311505,3405690,36770
2026-03-13 02:48:29.311505,105600,36074
2026-03-13 02:48:29.311505,2807960,35561
2026-03-13 02:48:29.311505,271590,34790
2026-03-13 02:48:29.311505,1366800,32592
2026-03-13 02:48:29.311505,686060,31414
2026-03-13 02:48:29.311505,2923300,30564
2026-03-13 02:48:29.311505,252950,29823
2026-03-13 02:48:29.311505,3224770,29787
2026-03-13 02:48:29.311505,240,29146
2026-03-13 02:48:29.311505,550,26721
2026-03-13 02:48:29.311505,221100,26022
2026-03-13 02:48:29.311505,552990,25656
2026-03-13 02:48:29.311505,108600,24418
2026-03-13 02:48:29.311505,4465480,23965
2026-03-13 02:48:29.311505,1281930,23882
2026-03-13 02:48:29.311505,3241660,23416
2026-03-13 02:48:29.311505,289070,23116
2026-03-13 02:48:29.311505,1222670,22958
2026-03-13 02:48:29.311505,2399830,22692
2026-03-13 02:48:29.311505,4025700,22377
2026-03-13 02:48:29.311505,1623730,22376
2026-03-13 02:48:29.311505,394360,22371
2026-03-13 02:48:29.311505,1245620,22163
2026-03-13 02:48:29.311505,294100,22032
2026-03-13 02:48:29.311505,2246340,21975
2026-03-13 02:48:29.311505,646570,21563
2026-03-13 02:48:29.311505,582660,21440
2026-03-13 02:48:29.311505,489830,20662
2026-03-13 02:48:29.311505,218620,20317
2026-03-13 02:48:29.311505,892970,19126
2026-03-13 02:48:29.311505,3564740,18950
2026-03-13 02:48:29.311505,1091500,18907
2026-03-13 02:48:29.311505,1174180,18746
2026-03-13 02:48:29.311505,39210,18195
2026-03-13 02:48:29.311505,2050650,17899
2026-03-13 02:48:29.311505,377160,17686
2026-03-13 02:48:29.311505,2221490,17375
2026-03-13 02:48:29.311505,251570,17306
2026-03-13 02:48:29.311505,3472040,17281
2026-03-13 02:48:29.311505,1144200,17169
2026-03-13 02:48:29.311505,1203220,16129
2026-03-13 02:48:29.311505,3551340,15914
2026-03-13 02:48:29.311505,284160,15779
2026-03-13 02:48:29.311505,1158310,15654
2026-03-13 02:48:29.311505,526870,15475
2026-03-13 02:48:29.311505,813780,15008
2026-03-13 02:48:29.311505,4000,14737
2026-03-13 02:48:29.311505,261550,14679
2026-03-13 02:48:29.311505,1151340,14472
2026-03-13 02:48:29.311505,2073620,14470
2026-03-13 02:48:29.311505,3164500,14457
2026-03-13 02:48:29.311505,250900,14368
2026-03-13 02:48:29.311505,1449850,14360
2026-03-13 02:48:29.311505,2622380,14325
2026-03-13 02:48:29.311505,1142710,14276
2026-03-13 02:48:29.311505,1665460,14233
2026-03-13 02:48:29.311505,322330,13957
2026-03-13 02:48:29.311505,2344520,13876
2026-03-13 02:48:29.311505,739630,13862
2026-03-13 02:48:29.311505,346110,13374
2026-03-13 02:48:29.311505,2183900,13185
2026-03-13 02:48:29.311505,427520,12961
2026-03-13 02:48:29.311505,3527290,12808
2026-03-13 02:48:29.311505,2300320,12600
2026-03-13 02:48:29.311505,1874880,12055
2026-03-13 02:48:29.311505,255710,12028
2026-03-13 02:48:29.311505,227300,12005
2026-03-13 02:48:29.311505,2157830,11996
2026-03-13 02:48:29.311505,1771300,11925
